date,admin1,admin2,market,latitude,longitude,category,commodity,unit,priceflag,pricetype,currency,price,usdprice,n_submissions,n_contributors,source_mix,status,method_version,snapshot_id
#date,#adm1+name,#adm2+name,#loc+market+name,#geo+lat,#geo+lon,#item+type,#item+name,#item+unit,#item+price+flag,#item+price+type,#currency,#value,#value+usd,#meta+count,#meta+contributors,#meta+sources,#status+code,#meta+method,#meta+snapshot
2026-04-27,Addis Ababa,Addis Ababa,Merkato,9.0341,38.7395,cereals and tubers,Teff (mixed),KG,actual,Retail,ETB,84.31,0.6022,7,5,agent:5|user:2,published,waga-index-v1,snap_2026-07-25T06_v1
2026-04-27,Addis Ababa,Addis Ababa,Merkato,9.0341,38.7395,cereals and tubers,Wheat,KG,actual,Retail,ETB,50.51,0.3608,5,3,agent:4|user:1,published,waga-index-v1,snap_2026-07-25T06_v1
2026-04-27,Addis Ababa,Addis Ababa,Merkato,9.0341,38.7395,cereals and tubers,Maize,KG,actual,Retail,ETB,34.17,0.2441,3,2,agent:2|user:1,published,waga-index-v1,snap_2026-07-25T06_v1
2026-04-27,Addis Ababa,Addis Ababa,Merkato,9.0341,38.7395,vegetables and fruits,Onion,KG,actual,Retail,ETB,32.37,0.2312,8,5,agent:6|user:2,published,waga-index-v1,snap_2026-07-25T06_v1
2026-04-27,Addis Ababa,Addis Ababa,Merkato,9.0341,38.7395,oil and fats,Cooking oil,L,actual,Retail,ETB,142.65,1.0189,4,3,agent:3|user:1,published,waga-index-v1,snap_2026-07-25T06_v1
2026-04-27,Addis Ababa,Addis Ababa,Ehil Berenda,9.0333,38.7389,cereals and tubers,Teff (mixed),KG,actual,Retail,ETB,79.36,0.5669,3,2,agent:2|user:1,published,waga-index-v1,snap_2026-07-25T06_v1
2026-04-27,Addis Ababa,Addis Ababa,Ehil Berenda,9.0333,38.7389,cereals and tubers,Wheat,KG,actual,Retail,ETB,55.01,0.3929,8,5,agent:6|user:2,published,waga-index-v1,snap_2026-07-25T06_v1
2026-04-27,Addis Ababa,Addis Ababa,Ehil Berenda,9.0333,38.7389,cereals and tubers,Maize,KG,actual,Retail,ETB,35.97,0.2569,8,5,agent:6|user:2,published,waga-index-v1,snap_2026-07-25T06_v1
2026-04-27,Addis Ababa,Addis Ababa,Ehil Berenda,9.0333,38.7389,vegetables and fruits,Onion,KG,actual,Retail,ETB,33.06,0.2361,4,3,agent:3|user:1,published,waga-index-v1,snap_2026-07-25T06_v1
2026-04-27,Addis Ababa,Addis Ababa,Ehil Berenda,9.0333,38.7389,oil and fats,Cooking oil,L,actual,Retail,ETB,146.50,1.0464,4,3,agent:3|user:1,published,waga-index-v1,snap_2026-07-25T06_v1
2026-04-27,Addis Ababa,Addis Ababa,Atikilt Tera,9.03,38.745,cereals and tubers,Teff (mixed),KG,actual,Retail,ETB,87.18,0.6227,3,2,agent:2|user:1,published,waga-index-v1,snap_2026-07-25T06_v1
2026-04-27,Addis Ababa,Addis Ababa,Atikilt Tera,9.03,38.745,cereals and tubers,Wheat,KG,actual,Retail,ETB,,,1,1,agent:1,insufficient_data,waga-index-v1,snap_2026-07-25T06_v1
2026-04-27,Addis Ababa,Addis Ababa,Atikilt Tera,9.03,38.745,cereals and tubers,Maize,KG,actual,Retail,ETB,36.60,0.2614,4,3,agent:3|user:1,published,waga-index-v1,snap_2026-07-25T06_v1
2026-04-27,Addis Ababa,Addis Ababa,Atikilt Tera,9.03,38.745,vegetables and fruits,Onion,KG,actual,Retail,ETB,29.63,0.2116,6,4,agent:4|user:2,published,waga-index-v1,snap_2026-07-25T06_v1
2026-04-27,Addis Ababa,Addis Ababa,Atikilt Tera,9.03,38.745,oil and fats,Cooking oil,L,actual,Retail,ETB,140.38,1.0027,5,3,agent:4|user:1,published,waga-index-v1,snap_2026-07-25T06_v1
2026-04-27,Addis Ababa,Addis Ababa,Asko,9.0489,38.6889,cereals and tubers,Teff (mixed),KG,actual,Retail,ETB,87.19,0.6228,6,4,agent:4|user:2,published,waga-index-v1,snap_2026-07-25T06_v1
2026-04-27,Addis Ababa,Addis Ababa,Asko,9.0489,38.6889,cereals and tubers,Wheat,KG,actual,Retail,ETB,56.06,0.4004,8,5,agent:6|user:2,published,waga-index-v1,snap_2026-07-25T06_v1
2026-04-27,Addis Ababa,Addis Ababa,Asko,9.0489,38.6889,cereals and tubers,Maize,KG,actual,Retail,ETB,36.44,0.2603,6,4,agent:4|user:2,published,waga-index-v1,snap_2026-07-25T06_v1
2026-04-27,Addis Ababa,Addis Ababa,Asko,9.0489,38.6889,vegetables and fruits,Onion,KG,actual,Retail,ETB,33.44,0.2389,7,5,agent:5|user:2,published,waga-index-v1,snap_2026-07-25T06_v1
2026-04-27,Addis Ababa,Addis Ababa,Asko,9.0489,38.6889,oil and fats,Cooking oil,L,actual,Retail,ETB,147.67,1.0548,7,5,agent:5|user:2,published,waga-index-v1,snap_2026-07-25T06_v1
2026-04-27,Addis Ababa,Addis Ababa,Saris,8.9797,38.7622,cereals and tubers,Teff (mixed),KG,actual,Retail,ETB,87.19,0.6228,5,3,agent:4|user:1,published,waga-index-v1,snap_2026-07-25T06_v1
2026-04-27,Addis Ababa,Addis Ababa,Saris,8.9797,38.7622,cereals and tubers,Wheat,KG,actual,Retail,ETB,55.39,0.3956,9,6,agent:7|user:2,published,waga-index-v1,snap_2026-07-25T06_v1
2026-04-27,Addis Ababa,Addis Ababa,Saris,8.9797,38.7622,cereals and tubers,Maize,KG,actual,Retail,ETB,36.56,0.2611,5,3,agent:4|user:1,published,waga-index-v1,snap_2026-07-25T06_v1
2026-04-27,Addis Ababa,Addis Ababa,Saris,8.9797,38.7622,vegetables and fruits,Onion,KG,actual,Retail,ETB,,,0,0,,insufficient_data,waga-index-v1,snap_2026-07-25T06_v1
2026-04-27,Addis Ababa,Addis Ababa,Saris,8.9797,38.7622,oil and fats,Cooking oil,L,actual,Retail,ETB,149.45,1.0675,5,3,agent:4|user:1,published,waga-index-v1,snap_2026-07-25T06_v1
2026-04-27,Addis Ababa,Addis Ababa,Akaki,8.8939,38.8069,cereals and tubers,Teff (mixed),KG,actual,Retail,ETB,87.87,0.6276,7,5,agent:5|user:2,published,waga-index-v1,snap_2026-07-25T06_v1
2026-04-27,Addis Ababa,Addis Ababa,Akaki,8.8939,38.8069,cereals and tubers,Wheat,KG,actual,Retail,ETB,57.50,0.4107,8,5,agent:6|user:2,published,waga-index-v1,snap_2026-07-25T06_v1
2026-04-27,Addis Ababa,Addis Ababa,Akaki,8.8939,38.8069,cereals and tubers,Maize,KG,actual,Retail,ETB,37.84,0.2703,9,6,agent:7|user:2,published,waga-index-v1,snap_2026-07-25T06_v1
2026-04-27,Addis Ababa,Addis Ababa,Akaki,8.8939,38.8069,vegetables and fruits,Onion,KG,actual,Retail,ETB,34.41,0.2458,9,6,agent:7|user:2,published,waga-index-v1,snap_2026-07-25T06_v1
2026-04-27,Addis Ababa,Addis Ababa,Akaki,8.8939,38.8069,oil and fats,Cooking oil,L,actual,Retail,ETB,153.37,1.0955,5,3,agent:4|user:1,published,waga-index-v1,snap_2026-07-25T06_v1
2026-04-27,Addis Ababa,Addis Ababa,Kera,8.9994,38.7481,cereals and tubers,Teff (mixed),KG,actual,Retail,ETB,,,0,0,,insufficient_data,waga-index-v1,snap_2026-07-25T06_v1
2026-04-27,Addis Ababa,Addis Ababa,Kera,8.9994,38.7481,cereals and tubers,Wheat,KG,actual,Retail,ETB,57.27,0.4091,8,5,agent:6|user:2,published,waga-index-v1,snap_2026-07-25T06_v1
2026-04-27,Addis Ababa,Addis Ababa,Kera,8.9994,38.7481,cereals and tubers,Maize,KG,actual,Retail,ETB,38.34,0.2739,8,5,agent:6|user:2,published,waga-index-v1,snap_2026-07-25T06_v1
2026-04-27,Addis Ababa,Addis Ababa,Kera,8.9994,38.7481,vegetables and fruits,Onion,KG,actual,Retail,ETB,35.34,0.2524,6,4,agent:4|user:2,published,waga-index-v1,snap_2026-07-25T06_v1
2026-04-27,Addis Ababa,Addis Ababa,Kera,8.9994,38.7481,oil and fats,Cooking oil,L,actual,Retail,ETB,156.95,1.1211,6,4,agent:4|user:2,published,waga-index-v1,snap_2026-07-25T06_v1
2026-04-27,Addis Ababa,Addis Ababa,Shola Gebeya,9.0244,38.7986,cereals and tubers,Teff (mixed),KG,actual,Retail,ETB,92.69,0.6621,3,2,agent:2|user:1,published,waga-index-v1,snap_2026-07-25T06_v1
2026-04-27,Addis Ababa,Addis Ababa,Shola Gebeya,9.0244,38.7986,cereals and tubers,Wheat,KG,actual,Retail,ETB,59.33,0.4238,4,3,agent:3|user:1,published,waga-index-v1,snap_2026-07-25T06_v1
2026-04-27,Addis Ababa,Addis Ababa,Shola Gebeya,9.0244,38.7986,cereals and tubers,Maize,KG,actual,Retail,ETB,39.09,0.2792,5,3,agent:4|user:1,published,waga-index-v1,snap_2026-07-25T06_v1
2026-04-27,Addis Ababa,Addis Ababa,Shola Gebeya,9.0244,38.7986,vegetables and fruits,Onion,KG,actual,Retail,ETB,37.55,0.2682,8,5,agent:6|user:2,published,waga-index-v1,snap_2026-07-25T06_v1
2026-04-27,Addis Ababa,Addis Ababa,Shola Gebeya,9.0244,38.7986,oil and fats,Cooking oil,L,actual,Retail,ETB,157.19,1.1228,9,6,agent:7|user:2,published,waga-index-v1,snap_2026-07-25T06_v1
2026-04-27,Addis Ababa,Addis Ababa,Piazza,9.0356,38.7522,cereals and tubers,Teff (mixed),KG,actual,Retail,ETB,97.48,0.6963,6,4,agent:4|user:2,published,waga-index-v1,snap_2026-07-25T06_v1
2026-04-27,Addis Ababa,Addis Ababa,Piazza,9.0356,38.7522,cereals and tubers,Wheat,KG,actual,Retail,ETB,60.27,0.4305,9,6,agent:7|user:2,published,waga-index-v1,snap_2026-07-25T06_v1
2026-04-27,Addis Ababa,Addis Ababa,Piazza,9.0356,38.7522,cereals and tubers,Maize,KG,actual,Retail,ETB,39.68,0.2834,8,5,agent:6|user:2,published,waga-index-v1,snap_2026-07-25T06_v1
2026-04-27,Addis Ababa,Addis Ababa,Piazza,9.0356,38.7522,vegetables and fruits,Onion,KG,actual,Retail,ETB,36.93,0.2638,7,5,agent:5|user:2,published,waga-index-v1,snap_2026-07-25T06_v1
2026-04-27,Addis Ababa,Addis Ababa,Piazza,9.0356,38.7522,oil and fats,Cooking oil,L,actual,Retail,ETB,162.11,1.1579,8,5,agent:6|user:2,published,waga-index-v1,snap_2026-07-25T06_v1
2026-04-28,Addis Ababa,Addis Ababa,Merkato,9.0341,38.7395,cereals and tubers,Teff (mixed),KG,actual,Retail,ETB,83.98,0.5999,9,6,agent:7|user:2,published,waga-index-v1,snap_2026-07-25T06_v1
2026-04-28,Addis Ababa,Addis Ababa,Merkato,9.0341,38.7395,cereals and tubers,Wheat,KG,actual,Retail,ETB,50.78,0.3627,9,6,agent:7|user:2,published,waga-index-v1,snap_2026-07-25T06_v1
2026-04-28,Addis Ababa,Addis Ababa,Merkato,9.0341,38.7395,cereals and tubers,Maize,KG,actual,Retail,ETB,34.15,0.2439,9,6,agent:7|user:2,published,waga-index-v1,snap_2026-07-25T06_v1
2026-04-28,Addis Ababa,Addis Ababa,Merkato,9.0341,38.7395,vegetables and fruits,Onion,KG,actual,Retail,ETB,32.65,0.2332,7,5,agent:5|user:2,published,waga-index-v1,snap_2026-07-25T06_v1
2026-04-28,Addis Ababa,Addis Ababa,Merkato,9.0341,38.7395,oil and fats,Cooking oil,L,actual,Retail,ETB,142.98,1.0213,3,2,agent:2|user:1,published,waga-index-v1,snap_2026-07-25T06_v1
2026-04-28,Addis Ababa,Addis Ababa,Ehil Berenda,9.0333,38.7389,cereals and tubers,Teff (mixed),KG,actual,Retail,ETB,79.40,0.5671,7,5,agent:5|user:2,published,waga-index-v1,snap_2026-07-25T06_v1
2026-04-28,Addis Ababa,Addis Ababa,Ehil Berenda,9.0333,38.7389,cereals and tubers,Wheat,KG,actual,Retail,ETB,54.57,0.3898,7,5,agent:5|user:2,published,waga-index-v1,snap_2026-07-25T06_v1
2026-04-28,Addis Ababa,Addis Ababa,Ehil Berenda,9.0333,38.7389,cereals and tubers,Maize,KG,actual,Retail,ETB,36.50,0.2607,8,5,agent:6|user:2,published,waga-index-v1,snap_2026-07-25T06_v1
2026-04-28,Addis Ababa,Addis Ababa,Ehil Berenda,9.0333,38.7389,vegetables and fruits,Onion,KG,actual,Retail,ETB,,,2,2,agent:2,insufficient_data,waga-index-v1,snap_2026-07-25T06_v1
2026-04-28,Addis Ababa,Addis Ababa,Ehil Berenda,9.0333,38.7389,oil and fats,Cooking oil,L,actual,Retail,ETB,146.14,1.0439,7,5,agent:5|user:2,published,waga-index-v1,snap_2026-07-25T06_v1
2026-04-28,Addis Ababa,Addis Ababa,Atikilt Tera,9.03,38.745,cereals and tubers,Teff (mixed),KG,actual,Retail,ETB,87.67,0.6262,8,5,agent:6|user:2,published,waga-index-v1,snap_2026-07-25T06_v1
2026-04-28,Addis Ababa,Addis Ababa,Atikilt Tera,9.03,38.745,cereals and tubers,Wheat,KG,actual,Retail,ETB,55.63,0.3974,3,2,agent:2|user:1,published,waga-index-v1,snap_2026-07-25T06_v1
2026-04-28,Addis Ababa,Addis Ababa,Atikilt Tera,9.03,38.745,cereals and tubers,Maize,KG,actual,Retail,ETB,36.85,0.2632,4,3,agent:3|user:1,published,waga-index-v1,snap_2026-07-25T06_v1
2026-04-28,Addis Ababa,Addis Ababa,Atikilt Tera,9.03,38.745,vegetables and fruits,Onion,KG,actual,Retail,ETB,30.07,0.2148,3,2,agent:2|user:1,published,waga-index-v1,snap_2026-07-25T06_v1
2026-04-28,Addis Ababa,Addis Ababa,Atikilt Tera,9.03,38.745,oil and fats,Cooking oil,L,actual,Retail,ETB,140.99,1.0071,5,3,agent:4|user:1,published,waga-index-v1,snap_2026-07-25T06_v1
2026-04-28,Addis Ababa,Addis Ababa,Asko,9.0489,38.6889,cereals and tubers,Teff (mixed),KG,actual,Retail,ETB,85.80,0.6129,5,3,agent:4|user:1,published,waga-index-v1,snap_2026-07-25T06_v1
2026-04-28,Addis Ababa,Addis Ababa,Asko,9.0489,38.6889,cereals and tubers,Wheat,KG,actual,Retail,ETB,56.02,0.4001,6,4,agent:4|user:2,published,waga-index-v1,snap_2026-07-25T06_v1
2026-04-28,Addis Ababa,Addis Ababa,Asko,9.0489,38.6889,cereals and tubers,Maize,KG,actual,Retail,ETB,36.58,0.2613,6,4,agent:4|user:2,published,waga-index-v1,snap_2026-07-25T06_v1
2026-04-28,Addis Ababa,Addis Ababa,Asko,9.0489,38.6889,vegetables and fruits,Onion,KG,actual,Retail,ETB,33.63,0.2402,4,3,agent:3|user:1,published,waga-index-v1,snap_2026-07-25T06_v1
2026-04-28,Addis Ababa,Addis Ababa,Asko,9.0489,38.6889,oil and fats,Cooking oil,L,actual,Retail,ETB,148.06,1.0576,7,5,agent:5|user:2,published,waga-index-v1,snap_2026-07-25T06_v1
2026-04-28,Addis Ababa,Addis Ababa,Saris,8.9797,38.7622,cereals and tubers,Teff (mixed),KG,actual,Retail,ETB,87.76,0.6269,7,5,agent:5|user:2,published,waga-index-v1,snap_2026-07-25T06_v1
2026-04-28,Addis Ababa,Addis Ababa,Saris,8.9797,38.7622,cereals and tubers,Wheat,KG,actual,Retail,ETB,56.46,0.4033,8,5,agent:6|user:2,published,waga-index-v1,snap_2026-07-25T06_v1
2026-04-28,Addis Ababa,Addis Ababa,Saris,8.9797,38.7622,cereals and tubers,Maize,KG,actual,Retail,ETB,36.90,0.2636,6,4,agent:4|user:2,published,waga-index-v1,snap_2026-07-25T06_v1
2026-04-28,Addis Ababa,Addis Ababa,Saris,8.9797,38.7622,vegetables and fruits,Onion,KG,actual,Retail,ETB,34.60,0.2471,7,5,agent:5|user:2,published,waga-index-v1,snap_2026-07-25T06_v1
2026-04-28,Addis Ababa,Addis Ababa,Saris,8.9797,38.7622,oil and fats,Cooking oil,L,actual,Retail,ETB,148.77,1.0626,5,3,agent:4|user:1,published,waga-index-v1,snap_2026-07-25T06_v1
2026-04-28,Addis Ababa,Addis Ababa,Akaki,8.8939,38.8069,cereals and tubers,Teff (mixed),KG,actual,Retail,ETB,,,0,0,,insufficient_data,waga-index-v1,snap_2026-07-25T06_v1
2026-04-28,Addis Ababa,Addis Ababa,Akaki,8.8939,38.8069,cereals and tubers,Wheat,KG,actual,Retail,ETB,57.60,0.4114,9,6,agent:7|user:2,published,waga-index-v1,snap_2026-07-25T06_v1
2026-04-28,Addis Ababa,Addis Ababa,Akaki,8.8939,38.8069,cereals and tubers,Maize,KG,actual,Retail,ETB,38.19,0.2728,9,6,agent:7|user:2,published,waga-index-v1,snap_2026-07-25T06_v1
2026-04-28,Addis Ababa,Addis Ababa,Akaki,8.8939,38.8069,vegetables and fruits,Onion,KG,actual,Retail,ETB,34.11,0.2436,8,5,agent:6|user:2,published,waga-index-v1,snap_2026-07-25T06_v1
2026-04-28,Addis Ababa,Addis Ababa,Akaki,8.8939,38.8069,oil and fats,Cooking oil,L,actual,Retail,ETB,154.99,1.1071,8,5,agent:6|user:2,published,waga-index-v1,snap_2026-07-25T06_v1
2026-04-28,Addis Ababa,Addis Ababa,Kera,8.9994,38.7481,cereals and tubers,Teff (mixed),KG,actual,Retail,ETB,90.61,0.6472,7,5,agent:5|user:2,published,waga-index-v1,snap_2026-07-25T06_v1
2026-04-28,Addis Ababa,Addis Ababa,Kera,8.9994,38.7481,cereals and tubers,Wheat,KG,actual,Retail,ETB,57.53,0.4109,5,3,agent:4|user:1,published,waga-index-v1,snap_2026-07-25T06_v1
2026-04-28,Addis Ababa,Addis Ababa,Kera,8.9994,38.7481,cereals and tubers,Maize,KG,actual,Retail,ETB,38.78,0.2770,7,5,agent:5|user:2,published,waga-index-v1,snap_2026-07-25T06_v1
2026-04-28,Addis Ababa,Addis Ababa,Kera,8.9994,38.7481,vegetables and fruits,Onion,KG,actual,Retail,ETB,34.85,0.2489,4,3,agent:3|user:1,published,waga-index-v1,snap_2026-07-25T06_v1
2026-04-28,Addis Ababa,Addis Ababa,Kera,8.9994,38.7481,oil and fats,Cooking oil,L,actual,Retail,ETB,157.05,1.1218,3,2,agent:2|user:1,published,waga-index-v1,snap_2026-07-25T06_v1
2026-04-28,Addis Ababa,Addis Ababa,Shola Gebeya,9.0244,38.7986,cereals and tubers,Teff (mixed),KG,actual,Retail,ETB,92.63,0.6616,4,3,agent:3|user:1,published,waga-index-v1,snap_2026-07-25T06_v1
2026-04-28,Addis Ababa,Addis Ababa,Shola Gebeya,9.0244,38.7986,cereals and tubers,Wheat,KG,actual,Retail,ETB,,,0,0,,insufficient_data,waga-index-v1,snap_2026-07-25T06_v1
2026-04-28,Addis Ababa,Addis Ababa,Shola Gebeya,9.0244,38.7986,cereals and tubers,Maize,KG,actual,Retail,ETB,,,2,2,agent:2,insufficient_data,waga-index-v1,snap_2026-07-25T06_v1
2026-04-28,Addis Ababa,Addis Ababa,Shola Gebeya,9.0244,38.7986,vegetables and fruits,Onion,KG,actual,Retail,ETB,37.63,0.2688,8,5,agent:6|user:2,published,waga-index-v1,snap_2026-07-25T06_v1
2026-04-28,Addis Ababa,Addis Ababa,Shola Gebeya,9.0244,38.7986,oil and fats,Cooking oil,L,actual,Retail,ETB,160.35,1.1454,9,6,agent:7|user:2,published,waga-index-v1,snap_2026-07-25T06_v1
2026-04-28,Addis Ababa,Addis Ababa,Piazza,9.0356,38.7522,cereals and tubers,Teff (mixed),KG,actual,Retail,ETB,97.37,0.6955,4,3,agent:3|user:1,published,waga-index-v1,snap_2026-07-25T06_v1
2026-04-28,Addis Ababa,Addis Ababa,Piazza,9.0356,38.7522,cereals and tubers,Wheat,KG,actual,Retail,ETB,60.90,0.4350,7,5,agent:5|user:2,published,waga-index-v1,snap_2026-07-25T06_v1
2026-04-28,Addis Ababa,Addis Ababa,Piazza,9.0356,38.7522,cereals and tubers,Maize,KG,actual,Retail,ETB,39.24,0.2803,4,3,agent:3|user:1,published,waga-index-v1,snap_2026-07-25T06_v1
2026-04-28,Addis Ababa,Addis Ababa,Piazza,9.0356,38.7522,vegetables and fruits,Onion,KG,actual,Retail,ETB,37.10,0.2650,6,4,agent:4|user:2,published,waga-index-v1,snap_2026-07-25T06_v1
2026-04-28,Addis Ababa,Addis Ababa,Piazza,9.0356,38.7522,oil and fats,Cooking oil,L,actual,Retail,ETB,,,2,2,agent:2,insufficient_data,waga-index-v1,snap_2026-07-25T06_v1
2026-04-29,Addis Ababa,Addis Ababa,Merkato,9.0341,38.7395,cereals and tubers,Teff (mixed),KG,actual,Retail,ETB,,,1,1,agent:1,insufficient_data,waga-index-v1,snap_2026-07-25T06_v1
2026-04-29,Addis Ababa,Addis Ababa,Merkato,9.0341,38.7395,cereals and tubers,Wheat,KG,actual,Retail,ETB,51.04,0.3646,3,2,agent:2|user:1,published,waga-index-v1,snap_2026-07-25T06_v1
2026-04-29,Addis Ababa,Addis Ababa,Merkato,9.0341,38.7395,cereals and tubers,Maize,KG,actual,Retail,ETB,33.66,0.2404,8,5,agent:6|user:2,published,waga-index-v1,snap_2026-07-25T06_v1
2026-04-29,Addis Ababa,Addis Ababa,Merkato,9.0341,38.7395,vegetables and fruits,Onion,KG,actual,Retail,ETB,32.68,0.2334,5,3,agent:4|user:1,published,waga-index-v1,snap_2026-07-25T06_v1
2026-04-29,Addis Ababa,Addis Ababa,Merkato,9.0341,38.7395,oil and fats,Cooking oil,L,actual,Retail,ETB,142.29,1.0164,3,2,agent:2|user:1,published,waga-index-v1,snap_2026-07-25T06_v1
2026-04-29,Addis Ababa,Addis Ababa,Ehil Berenda,9.0333,38.7389,cereals and tubers,Teff (mixed),KG,actual,Retail,ETB,80.05,0.5718,9,6,agent:7|user:2,published,waga-index-v1,snap_2026-07-25T06_v1
2026-04-29,Addis Ababa,Addis Ababa,Ehil Berenda,9.0333,38.7389,cereals and tubers,Wheat,KG,actual,Retail,ETB,54.63,0.3902,7,5,agent:5|user:2,published,waga-index-v1,snap_2026-07-25T06_v1
2026-04-29,Addis Ababa,Addis Ababa,Ehil Berenda,9.0333,38.7389,cereals and tubers,Maize,KG,actual,Retail,ETB,36.38,0.2599,6,4,agent:4|user:2,published,waga-index-v1,snap_2026-07-25T06_v1
2026-04-29,Addis Ababa,Addis Ababa,Ehil Berenda,9.0333,38.7389,vegetables and fruits,Onion,KG,actual,Retail,ETB,33.41,0.2386,4,3,agent:3|user:1,published,waga-index-v1,snap_2026-07-25T06_v1
2026-04-29,Addis Ababa,Addis Ababa,Ehil Berenda,9.0333,38.7389,oil and fats,Cooking oil,L,actual,Retail,ETB,146.20,1.0443,3,2,agent:2|user:1,published,waga-index-v1,snap_2026-07-25T06_v1
2026-04-29,Addis Ababa,Addis Ababa,Atikilt Tera,9.03,38.745,cereals and tubers,Teff (mixed),KG,actual,Retail,ETB,87.39,0.6242,4,3,agent:3|user:1,published,waga-index-v1,snap_2026-07-25T06_v1
2026-04-29,Addis Ababa,Addis Ababa,Atikilt Tera,9.03,38.745,cereals and tubers,Wheat,KG,actual,Retail,ETB,55.61,0.3972,7,5,agent:5|user:2,published,waga-index-v1,snap_2026-07-25T06_v1
2026-04-29,Addis Ababa,Addis Ababa,Atikilt Tera,9.03,38.745,cereals and tubers,Maize,KG,actual,Retail,ETB,36.80,0.2629,6,4,agent:4|user:2,published,waga-index-v1,snap_2026-07-25T06_v1
2026-04-29,Addis Ababa,Addis Ababa,Atikilt Tera,9.03,38.745,vegetables and fruits,Onion,KG,actual,Retail,ETB,30.33,0.2166,9,6,agent:7|user:2,published,waga-index-v1,snap_2026-07-25T06_v1
2026-04-29,Addis Ababa,Addis Ababa,Atikilt Tera,9.03,38.745,oil and fats,Cooking oil,L,actual,Retail,ETB,140.27,1.0019,5,3,agent:4|user:1,published,waga-index-v1,snap_2026-07-25T06_v1
2026-04-29,Addis Ababa,Addis Ababa,Asko,9.0489,38.6889,cereals and tubers,Teff (mixed),KG,actual,Retail,ETB,87.82,0.6273,6,4,agent:4|user:2,published,waga-index-v1,snap_2026-07-25T06_v1
2026-04-29,Addis Ababa,Addis Ababa,Asko,9.0489,38.6889,cereals and tubers,Wheat,KG,actual,Retail,ETB,56.02,0.4001,5,3,agent:4|user:1,published,waga-index-v1,snap_2026-07-25T06_v1
2026-04-29,Addis Ababa,Addis Ababa,Asko,9.0489,38.6889,cereals and tubers,Maize,KG,actual,Retail,ETB,36.74,0.2624,9,6,agent:7|user:2,published,waga-index-v1,snap_2026-07-25T06_v1
2026-04-29,Addis Ababa,Addis Ababa,Asko,9.0489,38.6889,vegetables and fruits,Onion,KG,actual,Retail,ETB,33.90,0.2421,5,3,agent:4|user:1,published,waga-index-v1,snap_2026-07-25T06_v1
2026-04-29,Addis Ababa,Addis Ababa,Asko,9.0489,38.6889,oil and fats,Cooking oil,L,actual,Retail,ETB,147.95,1.0568,5,3,agent:4|user:1,published,waga-index-v1,snap_2026-07-25T06_v1
2026-04-29,Addis Ababa,Addis Ababa,Saris,8.9797,38.7622,cereals and tubers,Teff (mixed),KG,actual,Retail,ETB,89.27,0.6376,5,3,agent:4|user:1,published,waga-index-v1,snap_2026-07-25T06_v1
2026-04-29,Addis Ababa,Addis Ababa,Saris,8.9797,38.7622,cereals and tubers,Wheat,KG,actual,Retail,ETB,56.09,0.4006,9,6,agent:7|user:2,published,waga-index-v1,snap_2026-07-25T06_v1
2026-04-29,Addis Ababa,Addis Ababa,Saris,8.9797,38.7622,cereals and tubers,Maize,KG,actual,Retail,ETB,36.80,0.2629,6,4,agent:4|user:2,published,waga-index-v1,snap_2026-07-25T06_v1
2026-04-29,Addis Ababa,Addis Ababa,Saris,8.9797,38.7622,vegetables and fruits,Onion,KG,actual,Retail,ETB,34.80,0.2486,6,4,agent:4|user:2,published,waga-index-v1,snap_2026-07-25T06_v1
2026-04-29,Addis Ababa,Addis Ababa,Saris,8.9797,38.7622,oil and fats,Cooking oil,L,actual,Retail,ETB,148.45,1.0604,9,6,agent:7|user:2,published,waga-index-v1,snap_2026-07-25T06_v1
2026-04-29,Addis Ababa,Addis Ababa,Akaki,8.8939,38.8069,cereals and tubers,Teff (mixed),KG,actual,Retail,ETB,87.95,0.6282,9,6,agent:7|user:2,published,waga-index-v1,snap_2026-07-25T06_v1
2026-04-29,Addis Ababa,Addis Ababa,Akaki,8.8939,38.8069,cereals and tubers,Wheat,KG,actual,Retail,ETB,57.02,0.4073,7,5,agent:5|user:2,published,waga-index-v1,snap_2026-07-25T06_v1
2026-04-29,Addis Ababa,Addis Ababa,Akaki,8.8939,38.8069,cereals and tubers,Maize,KG,actual,Retail,ETB,38.28,0.2734,6,4,agent:4|user:2,published,waga-index-v1,snap_2026-07-25T06_v1
2026-04-29,Addis Ababa,Addis Ababa,Akaki,8.8939,38.8069,vegetables and fruits,Onion,KG,actual,Retail,ETB,34.47,0.2462,5,3,agent:4|user:1,published,waga-index-v1,snap_2026-07-25T06_v1
2026-04-29,Addis Ababa,Addis Ababa,Akaki,8.8939,38.8069,oil and fats,Cooking oil,L,actual,Retail,ETB,154.74,1.1053,4,3,agent:3|user:1,published,waga-index-v1,snap_2026-07-25T06_v1
2026-04-29,Addis Ababa,Addis Ababa,Kera,8.9994,38.7481,cereals and tubers,Teff (mixed),KG,actual,Retail,ETB,91.45,0.6532,8,5,agent:6|user:2,published,waga-index-v1,snap_2026-07-25T06_v1
2026-04-29,Addis Ababa,Addis Ababa,Kera,8.9994,38.7481,cereals and tubers,Wheat,KG,actual,Retail,ETB,57.38,0.4099,6,4,agent:4|user:2,published,waga-index-v1,snap_2026-07-25T06_v1
2026-04-29,Addis Ababa,Addis Ababa,Kera,8.9994,38.7481,cereals and tubers,Maize,KG,actual,Retail,ETB,38.90,0.2779,6,4,agent:4|user:2,published,waga-index-v1,snap_2026-07-25T06_v1
2026-04-29,Addis Ababa,Addis Ababa,Kera,8.9994,38.7481,vegetables and fruits,Onion,KG,actual,Retail,ETB,35.00,0.2500,7,5,agent:5|user:2,published,waga-index-v1,snap_2026-07-25T06_v1
2026-04-29,Addis Ababa,Addis Ababa,Kera,8.9994,38.7481,oil and fats,Cooking oil,L,actual,Retail,ETB,155.95,1.1139,6,4,agent:4|user:2,published,waga-index-v1,snap_2026-07-25T06_v1
2026-04-29,Addis Ababa,Addis Ababa,Shola Gebeya,9.0244,38.7986,cereals and tubers,Teff (mixed),KG,actual,Retail,ETB,92.50,0.6607,8,5,agent:6|user:2,published,waga-index-v1,snap_2026-07-25T06_v1
2026-04-29,Addis Ababa,Addis Ababa,Shola Gebeya,9.0244,38.7986,cereals and tubers,Wheat,KG,actual,Retail,ETB,59.85,0.4275,6,4,agent:4|user:2,published,waga-index-v1,snap_2026-07-25T06_v1
2026-04-29,Addis Ababa,Addis Ababa,Shola Gebeya,9.0244,38.7986,cereals and tubers,Maize,KG,actual,Retail,ETB,39.14,0.2796,7,5,agent:5|user:2,published,waga-index-v1,snap_2026-07-25T06_v1
2026-04-29,Addis Ababa,Addis Ababa,Shola Gebeya,9.0244,38.7986,vegetables and fruits,Onion,KG,actual,Retail,ETB,38.03,0.2716,6,4,agent:4|user:2,published,waga-index-v1,snap_2026-07-25T06_v1
2026-04-29,Addis Ababa,Addis Ababa,Shola Gebeya,9.0244,38.7986,oil and fats,Cooking oil,L,actual,Retail,ETB,161.04,1.1503,8,5,agent:6|user:2,published,waga-index-v1,snap_2026-07-25T06_v1
2026-04-29,Addis Ababa,Addis Ababa,Piazza,9.0356,38.7522,cereals and tubers,Teff (mixed),KG,actual,Retail,ETB,97.66,0.6976,9,6,agent:7|user:2,published,waga-index-v1,snap_2026-07-25T06_v1
2026-04-29,Addis Ababa,Addis Ababa,Piazza,9.0356,38.7522,cereals and tubers,Wheat,KG,actual,Retail,ETB,59.81,0.4272,7,5,agent:5|user:2,published,waga-index-v1,snap_2026-07-25T06_v1
2026-04-29,Addis Ababa,Addis Ababa,Piazza,9.0356,38.7522,cereals and tubers,Maize,KG,actual,Retail,ETB,39.30,0.2807,4,3,agent:3|user:1,published,waga-index-v1,snap_2026-07-25T06_v1
2026-04-29,Addis Ababa,Addis Ababa,Piazza,9.0356,38.7522,vegetables and fruits,Onion,KG,actual,Retail,ETB,36.87,0.2634,4,3,agent:3|user:1,published,waga-index-v1,snap_2026-07-25T06_v1
2026-04-29,Addis Ababa,Addis Ababa,Piazza,9.0356,38.7522,oil and fats,Cooking oil,L,actual,Retail,ETB,160.30,1.1450,9,6,agent:7|user:2,published,waga-index-v1,snap_2026-07-25T06_v1
2026-04-30,Addis Ababa,Addis Ababa,Merkato,9.0341,38.7395,cereals and tubers,Teff (mixed),KG,actual,Retail,ETB,84.27,0.6019,8,5,agent:6|user:2,published,waga-index-v1,snap_2026-07-25T06_v1
2026-04-30,Addis Ababa,Addis Ababa,Merkato,9.0341,38.7395,cereals and tubers,Wheat,KG,actual,Retail,ETB,51.35,0.3668,5,3,agent:4|user:1,published,waga-index-v1,snap_2026-07-25T06_v1
2026-04-30,Addis Ababa,Addis Ababa,Merkato,9.0341,38.7395,cereals and tubers,Maize,KG,actual,Retail,ETB,33.81,0.2415,4,3,agent:3|user:1,published,waga-index-v1,snap_2026-07-25T06_v1
2026-04-30,Addis Ababa,Addis Ababa,Merkato,9.0341,38.7395,vegetables and fruits,Onion,KG,actual,Retail,ETB,32.73,0.2338,4,3,agent:3|user:1,published,waga-index-v1,snap_2026-07-25T06_v1
2026-04-30,Addis Ababa,Addis Ababa,Merkato,9.0341,38.7395,oil and fats,Cooking oil,L,actual,Retail,ETB,143.42,1.0244,6,4,agent:4|user:2,published,waga-index-v1,snap_2026-07-25T06_v1
2026-04-30,Addis Ababa,Addis Ababa,Ehil Berenda,9.0333,38.7389,cereals and tubers,Teff (mixed),KG,actual,Retail,ETB,79.71,0.5694,8,5,agent:6|user:2,published,waga-index-v1,snap_2026-07-25T06_v1
2026-04-30,Addis Ababa,Addis Ababa,Ehil Berenda,9.0333,38.7389,cereals and tubers,Wheat,KG,actual,Retail,ETB,55.23,0.3945,6,4,agent:4|user:2,published,waga-index-v1,snap_2026-07-25T06_v1
2026-04-30,Addis Ababa,Addis Ababa,Ehil Berenda,9.0333,38.7389,cereals and tubers,Maize,KG,actual,Retail,ETB,36.29,0.2592,6,4,agent:4|user:2,published,waga-index-v1,snap_2026-07-25T06_v1
2026-04-30,Addis Ababa,Addis Ababa,Ehil Berenda,9.0333,38.7389,vegetables and fruits,Onion,KG,actual,Retail,ETB,33.28,0.2377,5,3,agent:4|user:1,published,waga-index-v1,snap_2026-07-25T06_v1
2026-04-30,Addis Ababa,Addis Ababa,Ehil Berenda,9.0333,38.7389,oil and fats,Cooking oil,L,actual,Retail,ETB,147.37,1.0526,3,2,agent:2|user:1,published,waga-index-v1,snap_2026-07-25T06_v1
2026-04-30,Addis Ababa,Addis Ababa,Atikilt Tera,9.03,38.745,cereals and tubers,Teff (mixed),KG,actual,Retail,ETB,87.66,0.6261,7,5,agent:5|user:2,published,waga-index-v1,snap_2026-07-25T06_v1
2026-04-30,Addis Ababa,Addis Ababa,Atikilt Tera,9.03,38.745,cereals and tubers,Wheat,KG,actual,Retail,ETB,55.46,0.3961,8,5,agent:6|user:2,published,waga-index-v1,snap_2026-07-25T06_v1
2026-04-30,Addis Ababa,Addis Ababa,Atikilt Tera,9.03,38.745,cereals and tubers,Maize,KG,actual,Retail,ETB,37.03,0.2645,3,2,agent:2|user:1,published,waga-index-v1,snap_2026-07-25T06_v1
2026-04-30,Addis Ababa,Addis Ababa,Atikilt Tera,9.03,38.745,vegetables and fruits,Onion,KG,actual,Retail,ETB,30.23,0.2159,8,5,agent:6|user:2,published,waga-index-v1,snap_2026-07-25T06_v1
2026-04-30,Addis Ababa,Addis Ababa,Atikilt Tera,9.03,38.745,oil and fats,Cooking oil,L,actual,Retail,ETB,139.46,0.9961,6,4,agent:4|user:2,published,waga-index-v1,snap_2026-07-25T06_v1
2026-04-30,Addis Ababa,Addis Ababa,Asko,9.0489,38.6889,cereals and tubers,Teff (mixed),KG,actual,Retail,ETB,88.11,0.6294,6,4,agent:4|user:2,published,waga-index-v1,snap_2026-07-25T06_v1
2026-04-30,Addis Ababa,Addis Ababa,Asko,9.0489,38.6889,cereals and tubers,Wheat,KG,actual,Retail,ETB,55.87,0.3991,7,5,agent:5|user:2,published,waga-index-v1,snap_2026-07-25T06_v1
2026-04-30,Addis Ababa,Addis Ababa,Asko,9.0489,38.6889,cereals and tubers,Maize,KG,actual,Retail,ETB,36.69,0.2621,6,4,agent:4|user:2,published,waga-index-v1,snap_2026-07-25T06_v1
2026-04-30,Addis Ababa,Addis Ababa,Asko,9.0489,38.6889,vegetables and fruits,Onion,KG,actual,Retail,ETB,33.87,0.2419,5,3,agent:4|user:1,published,waga-index-v1,snap_2026-07-25T06_v1
2026-04-30,Addis Ababa,Addis Ababa,Asko,9.0489,38.6889,oil and fats,Cooking oil,L,actual,Retail,ETB,148.78,1.0627,4,3,agent:3|user:1,published,waga-index-v1,snap_2026-07-25T06_v1
2026-04-30,Addis Ababa,Addis Ababa,Saris,8.9797,38.7622,cereals and tubers,Teff (mixed),KG,actual,Retail,ETB,88.90,0.6350,4,3,agent:3|user:1,published,waga-index-v1,snap_2026-07-25T06_v1
2026-04-30,Addis Ababa,Addis Ababa,Saris,8.9797,38.7622,cereals and tubers,Wheat,KG,actual,Retail,ETB,56.29,0.4021,7,5,agent:5|user:2,published,waga-index-v1,snap_2026-07-25T06_v1
2026-04-30,Addis Ababa,Addis Ababa,Saris,8.9797,38.7622,cereals and tubers,Maize,KG,actual,Retail,ETB,36.36,0.2597,7,5,agent:5|user:2,published,waga-index-v1,snap_2026-07-25T06_v1
2026-04-30,Addis Ababa,Addis Ababa,Saris,8.9797,38.7622,vegetables and fruits,Onion,KG,actual,Retail,ETB,34.98,0.2499,5,3,agent:4|user:1,published,waga-index-v1,snap_2026-07-25T06_v1
2026-04-30,Addis Ababa,Addis Ababa,Saris,8.9797,38.7622,oil and fats,Cooking oil,L,actual,Retail,ETB,150.67,1.0762,9,6,agent:7|user:2,published,waga-index-v1,snap_2026-07-25T06_v1
2026-04-30,Addis Ababa,Addis Ababa,Akaki,8.8939,38.8069,cereals and tubers,Teff (mixed),KG,actual,Retail,ETB,88.76,0.6340,5,3,agent:4|user:1,published,waga-index-v1,snap_2026-07-25T06_v1
2026-04-30,Addis Ababa,Addis Ababa,Akaki,8.8939,38.8069,cereals and tubers,Wheat,KG,actual,Retail,ETB,56.65,0.4046,7,5,agent:5|user:2,published,waga-index-v1,snap_2026-07-25T06_v1
2026-04-30,Addis Ababa,Addis Ababa,Akaki,8.8939,38.8069,cereals and tubers,Maize,KG,actual,Retail,ETB,37.94,0.2710,5,3,agent:4|user:1,published,waga-index-v1,snap_2026-07-25T06_v1
2026-04-30,Addis Ababa,Addis Ababa,Akaki,8.8939,38.8069,vegetables and fruits,Onion,KG,actual,Retail,ETB,34.83,0.2488,9,6,agent:7|user:2,published,waga-index-v1,snap_2026-07-25T06_v1
2026-04-30,Addis Ababa,Addis Ababa,Akaki,8.8939,38.8069,oil and fats,Cooking oil,L,actual,Retail,ETB,153.97,1.0998,7,5,agent:5|user:2,published,waga-index-v1,snap_2026-07-25T06_v1
2026-04-30,Addis Ababa,Addis Ababa,Kera,8.9994,38.7481,cereals and tubers,Teff (mixed),KG,actual,Retail,ETB,92.36,0.6597,7,5,agent:5|user:2,published,waga-index-v1,snap_2026-07-25T06_v1
2026-04-30,Addis Ababa,Addis Ababa,Kera,8.9994,38.7481,cereals and tubers,Wheat,KG,actual,Retail,ETB,57.42,0.4101,9,6,agent:7|user:2,published,waga-index-v1,snap_2026-07-25T06_v1
2026-04-30,Addis Ababa,Addis Ababa,Kera,8.9994,38.7481,cereals and tubers,Maize,KG,actual,Retail,ETB,38.35,0.2739,5,3,agent:4|user:1,published,waga-index-v1,snap_2026-07-25T06_v1
2026-04-30,Addis Ababa,Addis Ababa,Kera,8.9994,38.7481,vegetables and fruits,Onion,KG,actual,Retail,ETB,34.94,0.2496,3,2,agent:2|user:1,published,waga-index-v1,snap_2026-07-25T06_v1
2026-04-30,Addis Ababa,Addis Ababa,Kera,8.9994,38.7481,oil and fats,Cooking oil,L,actual,Retail,ETB,157.36,1.1240,8,5,agent:6|user:2,published,waga-index-v1,snap_2026-07-25T06_v1
2026-04-30,Addis Ababa,Addis Ababa,Shola Gebeya,9.0244,38.7986,cereals and tubers,Teff (mixed),KG,actual,Retail,ETB,93.49,0.6678,7,5,agent:5|user:2,published,waga-index-v1,snap_2026-07-25T06_v1
2026-04-30,Addis Ababa,Addis Ababa,Shola Gebeya,9.0244,38.7986,cereals and tubers,Wheat,KG,actual,Retail,ETB,59.86,0.4276,8,5,agent:6|user:2,published,waga-index-v1,snap_2026-07-25T06_v1
2026-04-30,Addis Ababa,Addis Ababa,Shola Gebeya,9.0244,38.7986,cereals and tubers,Maize,KG,actual,Retail,ETB,38.89,0.2778,9,6,agent:7|user:2,published,waga-index-v1,snap_2026-07-25T06_v1
2026-04-30,Addis Ababa,Addis Ababa,Shola Gebeya,9.0244,38.7986,vegetables and fruits,Onion,KG,actual,Retail,ETB,38.47,0.2748,6,4,agent:4|user:2,published,waga-index-v1,snap_2026-07-25T06_v1
2026-04-30,Addis Ababa,Addis Ababa,Shola Gebeya,9.0244,38.7986,oil and fats,Cooking oil,L,actual,Retail,ETB,161.84,1.1560,6,4,agent:4|user:2,published,waga-index-v1,snap_2026-07-25T06_v1
2026-04-30,Addis Ababa,Addis Ababa,Piazza,9.0356,38.7522,cereals and tubers,Teff (mixed),KG,actual,Retail,ETB,97.12,0.6937,5,3,agent:4|user:1,published,waga-index-v1,snap_2026-07-25T06_v1
2026-04-30,Addis Ababa,Addis Ababa,Piazza,9.0356,38.7522,cereals and tubers,Wheat,KG,actual,Retail,ETB,59.84,0.4274,8,5,agent:6|user:2,published,waga-index-v1,snap_2026-07-25T06_v1
2026-04-30,Addis Ababa,Addis Ababa,Piazza,9.0356,38.7522,cereals and tubers,Maize,KG,actual,Retail,ETB,39.06,0.2790,3,2,agent:2|user:1,published,waga-index-v1,snap_2026-07-25T06_v1
2026-04-30,Addis Ababa,Addis Ababa,Piazza,9.0356,38.7522,vegetables and fruits,Onion,KG,actual,Retail,ETB,36.96,0.2640,6,4,agent:4|user:2,published,waga-index-v1,snap_2026-07-25T06_v1
2026-04-30,Addis Ababa,Addis Ababa,Piazza,9.0356,38.7522,oil and fats,Cooking oil,L,actual,Retail,ETB,160.66,1.1476,4,3,agent:3|user:1,published,waga-index-v1,snap_2026-07-25T06_v1
2026-05-01,Addis Ababa,Addis Ababa,Merkato,9.0341,38.7395,cereals and tubers,Teff (mixed),KG,actual,Retail,ETB,83.73,0.5981,3,2,agent:2|user:1,published,waga-index-v1,snap_2026-07-25T06_v1
2026-05-01,Addis Ababa,Addis Ababa,Merkato,9.0341,38.7395,cereals and tubers,Wheat,KG,actual,Retail,ETB,50.91,0.3636,6,4,agent:4|user:2,published,waga-index-v1,snap_2026-07-25T06_v1
2026-05-01,Addis Ababa,Addis Ababa,Merkato,9.0341,38.7395,cereals and tubers,Maize,KG,actual,Retail,ETB,34.32,0.2451,8,5,agent:6|user:2,published,waga-index-v1,snap_2026-07-25T06_v1
2026-05-01,Addis Ababa,Addis Ababa,Merkato,9.0341,38.7395,vegetables and fruits,Onion,KG,actual,Retail,ETB,32.53,0.2324,8,5,agent:6|user:2,published,waga-index-v1,snap_2026-07-25T06_v1
2026-05-01,Addis Ababa,Addis Ababa,Merkato,9.0341,38.7395,oil and fats,Cooking oil,L,actual,Retail,ETB,142.59,1.0185,3,2,agent:2|user:1,published,waga-index-v1,snap_2026-07-25T06_v1
2026-05-01,Addis Ababa,Addis Ababa,Ehil Berenda,9.0333,38.7389,cereals and tubers,Teff (mixed),KG,actual,Retail,ETB,79.94,0.5710,4,3,agent:3|user:1,published,waga-index-v1,snap_2026-07-25T06_v1
2026-05-01,Addis Ababa,Addis Ababa,Ehil Berenda,9.0333,38.7389,cereals and tubers,Wheat,KG,actual,Retail,ETB,54.89,0.3921,7,5,agent:5|user:2,published,waga-index-v1,snap_2026-07-25T06_v1
2026-05-01,Addis Ababa,Addis Ababa,Ehil Berenda,9.0333,38.7389,cereals and tubers,Maize,KG,actual,Retail,ETB,35.86,0.2561,7,5,agent:5|user:2,published,waga-index-v1,snap_2026-07-25T06_v1
2026-05-01,Addis Ababa,Addis Ababa,Ehil Berenda,9.0333,38.7389,vegetables and fruits,Onion,KG,actual,Retail,ETB,33.32,0.2380,4,3,agent:3|user:1,published,waga-index-v1,snap_2026-07-25T06_v1
2026-05-01,Addis Ababa,Addis Ababa,Ehil Berenda,9.0333,38.7389,oil and fats,Cooking oil,L,actual,Retail,ETB,146.86,1.0490,9,6,agent:7|user:2,published,waga-index-v1,snap_2026-07-25T06_v1
2026-05-01,Addis Ababa,Addis Ababa,Atikilt Tera,9.03,38.745,cereals and tubers,Teff (mixed),KG,actual,Retail,ETB,87.43,0.6245,3,2,agent:2|user:1,published,waga-index-v1,snap_2026-07-25T06_v1
2026-05-01,Addis Ababa,Addis Ababa,Atikilt Tera,9.03,38.745,cereals and tubers,Wheat,KG,actual,Retail,ETB,54.77,0.3912,5,3,agent:4|user:1,published,waga-index-v1,snap_2026-07-25T06_v1
2026-05-01,Addis Ababa,Addis Ababa,Atikilt Tera,9.03,38.745,cereals and tubers,Maize,KG,actual,Retail,ETB,37.18,0.2656,6,4,agent:4|user:2,published,waga-index-v1,snap_2026-07-25T06_v1
2026-05-01,Addis Ababa,Addis Ababa,Atikilt Tera,9.03,38.745,vegetables and fruits,Onion,KG,actual,Retail,ETB,30.24,0.2160,6,4,agent:4|user:2,published,waga-index-v1,snap_2026-07-25T06_v1
2026-05-01,Addis Ababa,Addis Ababa,Atikilt Tera,9.03,38.745,oil and fats,Cooking oil,L,actual,Retail,ETB,141.41,1.0101,6,4,agent:4|user:2,published,waga-index-v1,snap_2026-07-25T06_v1
2026-05-01,Addis Ababa,Addis Ababa,Asko,9.0489,38.6889,cereals and tubers,Teff (mixed),KG,actual,Retail,ETB,87.84,0.6274,9,6,agent:7|user:2,published,waga-index-v1,snap_2026-07-25T06_v1
2026-05-01,Addis Ababa,Addis Ababa,Asko,9.0489,38.6889,cereals and tubers,Wheat,KG,actual,Retail,ETB,56.18,0.4013,8,5,agent:6|user:2,published,waga-index-v1,snap_2026-07-25T06_v1
2026-05-01,Addis Ababa,Addis Ababa,Asko,9.0489,38.6889,cereals and tubers,Maize,KG,actual,Retail,ETB,37.33,0.2666,6,4,agent:4|user:2,published,waga-index-v1,snap_2026-07-25T06_v1
2026-05-01,Addis Ababa,Addis Ababa,Asko,9.0489,38.6889,vegetables and fruits,Onion,KG,actual,Retail,ETB,34.14,0.2439,7,5,agent:5|user:2,published,waga-index-v1,snap_2026-07-25T06_v1
2026-05-01,Addis Ababa,Addis Ababa,Asko,9.0489,38.6889,oil and fats,Cooking oil,L,actual,Retail,ETB,147.64,1.0546,8,5,agent:6|user:2,published,waga-index-v1,snap_2026-07-25T06_v1
2026-05-01,Addis Ababa,Addis Ababa,Saris,8.9797,38.7622,cereals and tubers,Teff (mixed),KG,actual,Retail,ETB,88.36,0.6311,8,5,agent:6|user:2,published,waga-index-v1,snap_2026-07-25T06_v1
2026-05-01,Addis Ababa,Addis Ababa,Saris,8.9797,38.7622,cereals and tubers,Wheat,KG,actual,Retail,ETB,56.25,0.4018,4,3,agent:3|user:1,published,waga-index-v1,snap_2026-07-25T06_v1
2026-05-01,Addis Ababa,Addis Ababa,Saris,8.9797,38.7622,cereals and tubers,Maize,KG,actual,Retail,ETB,37.07,0.2648,5,3,agent:4|user:1,published,waga-index-v1,snap_2026-07-25T06_v1
2026-05-01,Addis Ababa,Addis Ababa,Saris,8.9797,38.7622,vegetables and fruits,Onion,KG,actual,Retail,ETB,35.13,0.2509,6,4,agent:4|user:2,published,waga-index-v1,snap_2026-07-25T06_v1
2026-05-01,Addis Ababa,Addis Ababa,Saris,8.9797,38.7622,oil and fats,Cooking oil,L,actual,Retail,ETB,150.60,1.0757,4,3,agent:3|user:1,published,waga-index-v1,snap_2026-07-25T06_v1
2026-05-01,Addis Ababa,Addis Ababa,Akaki,8.8939,38.8069,cereals and tubers,Teff (mixed),KG,actual,Retail,ETB,88.35,0.6311,4,3,agent:3|user:1,published,waga-index-v1,snap_2026-07-25T06_v1
2026-05-01,Addis Ababa,Addis Ababa,Akaki,8.8939,38.8069,cereals and tubers,Wheat,KG,actual,Retail,ETB,57.56,0.4111,8,5,agent:6|user:2,published,waga-index-v1,snap_2026-07-25T06_v1
2026-05-01,Addis Ababa,Addis Ababa,Akaki,8.8939,38.8069,cereals and tubers,Maize,KG,actual,Retail,ETB,37.99,0.2714,4,3,agent:3|user:1,published,waga-index-v1,snap_2026-07-25T06_v1
2026-05-01,Addis Ababa,Addis Ababa,Akaki,8.8939,38.8069,vegetables and fruits,Onion,KG,actual,Retail,ETB,35.39,0.2528,9,6,agent:7|user:2,published,waga-index-v1,snap_2026-07-25T06_v1
2026-05-01,Addis Ababa,Addis Ababa,Akaki,8.8939,38.8069,oil and fats,Cooking oil,L,actual,Retail,ETB,153.60,1.0971,6,4,agent:4|user:2,published,waga-index-v1,snap_2026-07-25T06_v1
2026-05-01,Addis Ababa,Addis Ababa,Kera,8.9994,38.7481,cereals and tubers,Teff (mixed),KG,actual,Retail,ETB,91.64,0.6546,3,2,agent:2|user:1,published,waga-index-v1,snap_2026-07-25T06_v1
2026-05-01,Addis Ababa,Addis Ababa,Kera,8.9994,38.7481,cereals and tubers,Wheat,KG,actual,Retail,ETB,56.87,0.4062,7,5,agent:5|user:2,published,waga-index-v1,snap_2026-07-25T06_v1
2026-05-01,Addis Ababa,Addis Ababa,Kera,8.9994,38.7481,cereals and tubers,Maize,KG,actual,Retail,ETB,38.96,0.2783,6,4,agent:4|user:2,published,waga-index-v1,snap_2026-07-25T06_v1
2026-05-01,Addis Ababa,Addis Ababa,Kera,8.9994,38.7481,vegetables and fruits,Onion,KG,actual,Retail,ETB,35.00,0.2500,9,6,agent:7|user:2,published,waga-index-v1,snap_2026-07-25T06_v1
2026-05-01,Addis Ababa,Addis Ababa,Kera,8.9994,38.7481,oil and fats,Cooking oil,L,actual,Retail,ETB,155.60,1.1114,9,6,agent:7|user:2,published,waga-index-v1,snap_2026-07-25T06_v1
2026-05-01,Addis Ababa,Addis Ababa,Shola Gebeya,9.0244,38.7986,cereals and tubers,Teff (mixed),KG,actual,Retail,ETB,94.52,0.6751,8,5,agent:6|user:2,published,waga-index-v1,snap_2026-07-25T06_v1
2026-05-01,Addis Ababa,Addis Ababa,Shola Gebeya,9.0244,38.7986,cereals and tubers,Wheat,KG,actual,Retail,ETB,59.85,0.4275,5,3,agent:4|user:1,published,waga-index-v1,snap_2026-07-25T06_v1
2026-05-01,Addis Ababa,Addis Ababa,Shola Gebeya,9.0244,38.7986,cereals and tubers,Maize,KG,actual,Retail,ETB,38.49,0.2749,4,3,agent:3|user:1,published,waga-index-v1,snap_2026-07-25T06_v1
2026-05-01,Addis Ababa,Addis Ababa,Shola Gebeya,9.0244,38.7986,vegetables and fruits,Onion,KG,actual,Retail,ETB,38.55,0.2754,9,6,agent:7|user:2,published,waga-index-v1,snap_2026-07-25T06_v1
2026-05-01,Addis Ababa,Addis Ababa,Shola Gebeya,9.0244,38.7986,oil and fats,Cooking oil,L,actual,Retail,ETB,160.61,1.1472,4,3,agent:3|user:1,published,waga-index-v1,snap_2026-07-25T06_v1
2026-05-01,Addis Ababa,Addis Ababa,Piazza,9.0356,38.7522,cereals and tubers,Teff (mixed),KG,actual,Retail,ETB,96.37,0.6884,6,4,agent:4|user:2,published,waga-index-v1,snap_2026-07-25T06_v1
2026-05-01,Addis Ababa,Addis Ababa,Piazza,9.0356,38.7522,cereals and tubers,Wheat,KG,actual,Retail,ETB,60.24,0.4303,7,5,agent:5|user:2,published,waga-index-v1,snap_2026-07-25T06_v1
2026-05-01,Addis Ababa,Addis Ababa,Piazza,9.0356,38.7522,cereals and tubers,Maize,KG,actual,Retail,ETB,,,0,0,,insufficient_data,waga-index-v1,snap_2026-07-25T06_v1
2026-05-01,Addis Ababa,Addis Ababa,Piazza,9.0356,38.7522,vegetables and fruits,Onion,KG,actual,Retail,ETB,37.17,0.2655,9,6,agent:7|user:2,published,waga-index-v1,snap_2026-07-25T06_v1
2026-05-01,Addis Ababa,Addis Ababa,Piazza,9.0356,38.7522,oil and fats,Cooking oil,L,actual,Retail,ETB,158.83,1.1345,9,6,agent:7|user:2,published,waga-index-v1,snap_2026-07-25T06_v1
2026-05-02,Addis Ababa,Addis Ababa,Merkato,9.0341,38.7395,cereals and tubers,Teff (mixed),KG,actual,Retail,ETB,83.90,0.5993,5,3,agent:4|user:1,published,waga-index-v1,snap_2026-07-25T06_v1
2026-05-02,Addis Ababa,Addis Ababa,Merkato,9.0341,38.7395,cereals and tubers,Wheat,KG,actual,Retail,ETB,,,2,2,agent:2,insufficient_data,waga-index-v1,snap_2026-07-25T06_v1
2026-05-02,Addis Ababa,Addis Ababa,Merkato,9.0341,38.7395,cereals and tubers,Maize,KG,actual,Retail,ETB,33.94,0.2424,9,6,agent:7|user:2,published,waga-index-v1,snap_2026-07-25T06_v1
2026-05-02,Addis Ababa,Addis Ababa,Merkato,9.0341,38.7395,vegetables and fruits,Onion,KG,actual,Retail,ETB,32.87,0.2348,8,5,agent:6|user:2,published,waga-index-v1,snap_2026-07-25T06_v1
2026-05-02,Addis Ababa,Addis Ababa,Merkato,9.0341,38.7395,oil and fats,Cooking oil,L,actual,Retail,ETB,142.27,1.0162,8,5,agent:6|user:2,published,waga-index-v1,snap_2026-07-25T06_v1
2026-05-02,Addis Ababa,Addis Ababa,Ehil Berenda,9.0333,38.7389,cereals and tubers,Teff (mixed),KG,actual,Retail,ETB,79.96,0.5711,6,4,agent:4|user:2,published,waga-index-v1,snap_2026-07-25T06_v1
2026-05-02,Addis Ababa,Addis Ababa,Ehil Berenda,9.0333,38.7389,cereals and tubers,Wheat,KG,actual,Retail,ETB,55.23,0.3945,4,3,agent:3|user:1,published,waga-index-v1,snap_2026-07-25T06_v1
2026-05-02,Addis Ababa,Addis Ababa,Ehil Berenda,9.0333,38.7389,cereals and tubers,Maize,KG,actual,Retail,ETB,36.05,0.2575,4,3,agent:3|user:1,published,waga-index-v1,snap_2026-07-25T06_v1
2026-05-02,Addis Ababa,Addis Ababa,Ehil Berenda,9.0333,38.7389,vegetables and fruits,Onion,KG,actual,Retail,ETB,,,2,2,agent:2,insufficient_data,waga-index-v1,snap_2026-07-25T06_v1
2026-05-02,Addis Ababa,Addis Ababa,Ehil Berenda,9.0333,38.7389,oil and fats,Cooking oil,L,actual,Retail,ETB,146.62,1.0473,7,5,agent:5|user:2,published,waga-index-v1,snap_2026-07-25T06_v1
2026-05-02,Addis Ababa,Addis Ababa,Atikilt Tera,9.03,38.745,cereals and tubers,Teff (mixed),KG,actual,Retail,ETB,88.23,0.6302,5,3,agent:4|user:1,published,waga-index-v1,snap_2026-07-25T06_v1
2026-05-02,Addis Ababa,Addis Ababa,Atikilt Tera,9.03,38.745,cereals and tubers,Wheat,KG,actual,Retail,ETB,55.00,0.3929,7,5,agent:5|user:2,published,waga-index-v1,snap_2026-07-25T06_v1
2026-05-02,Addis Ababa,Addis Ababa,Atikilt Tera,9.03,38.745,cereals and tubers,Maize,KG,actual,Retail,ETB,36.97,0.2641,7,5,agent:5|user:2,published,waga-index-v1,snap_2026-07-25T06_v1
2026-05-02,Addis Ababa,Addis Ababa,Atikilt Tera,9.03,38.745,vegetables and fruits,Onion,KG,actual,Retail,ETB,30.45,0.2175,3,2,agent:2|user:1,published,waga-index-v1,snap_2026-07-25T06_v1
2026-05-02,Addis Ababa,Addis Ababa,Atikilt Tera,9.03,38.745,oil and fats,Cooking oil,L,actual,Retail,ETB,140.90,1.0064,7,5,agent:5|user:2,published,waga-index-v1,snap_2026-07-25T06_v1
2026-05-02,Addis Ababa,Addis Ababa,Asko,9.0489,38.6889,cereals and tubers,Teff (mixed),KG,actual,Retail,ETB,87.90,0.6279,7,5,agent:5|user:2,published,waga-index-v1,snap_2026-07-25T06_v1
2026-05-02,Addis Ababa,Addis Ababa,Asko,9.0489,38.6889,cereals and tubers,Wheat,KG,actual,Retail,ETB,56.17,0.4012,6,4,agent:4|user:2,published,waga-index-v1,snap_2026-07-25T06_v1
2026-05-02,Addis Ababa,Addis Ababa,Asko,9.0489,38.6889,cereals and tubers,Maize,KG,actual,Retail,ETB,37.66,0.2690,7,5,agent:5|user:2,published,waga-index-v1,snap_2026-07-25T06_v1
2026-05-02,Addis Ababa,Addis Ababa,Asko,9.0489,38.6889,vegetables and fruits,Onion,KG,actual,Retail,ETB,34.29,0.2449,4,3,agent:3|user:1,published,waga-index-v1,snap_2026-07-25T06_v1
2026-05-02,Addis Ababa,Addis Ababa,Asko,9.0489,38.6889,oil and fats,Cooking oil,L,actual,Retail,ETB,149.20,1.0657,6,4,agent:4|user:2,published,waga-index-v1,snap_2026-07-25T06_v1
2026-05-02,Addis Ababa,Addis Ababa,Saris,8.9797,38.7622,cereals and tubers,Teff (mixed),KG,actual,Retail,ETB,89.26,0.6376,3,2,agent:2|user:1,published,waga-index-v1,snap_2026-07-25T06_v1
2026-05-02,Addis Ababa,Addis Ababa,Saris,8.9797,38.7622,cereals and tubers,Wheat,KG,actual,Retail,ETB,56.03,0.4002,9,6,agent:7|user:2,published,waga-index-v1,snap_2026-07-25T06_v1
2026-05-02,Addis Ababa,Addis Ababa,Saris,8.9797,38.7622,cereals and tubers,Maize,KG,actual,Retail,ETB,37.26,0.2661,7,5,agent:5|user:2,published,waga-index-v1,snap_2026-07-25T06_v1
2026-05-02,Addis Ababa,Addis Ababa,Saris,8.9797,38.7622,vegetables and fruits,Onion,KG,actual,Retail,ETB,35.35,0.2525,3,2,agent:2|user:1,published,waga-index-v1,snap_2026-07-25T06_v1
2026-05-02,Addis Ababa,Addis Ababa,Saris,8.9797,38.7622,oil and fats,Cooking oil,L,actual,Retail,ETB,151.70,1.0836,3,2,agent:2|user:1,published,waga-index-v1,snap_2026-07-25T06_v1
2026-05-02,Addis Ababa,Addis Ababa,Akaki,8.8939,38.8069,cereals and tubers,Teff (mixed),KG,actual,Retail,ETB,87.37,0.6241,4,3,agent:3|user:1,published,waga-index-v1,snap_2026-07-25T06_v1
2026-05-02,Addis Ababa,Addis Ababa,Akaki,8.8939,38.8069,cereals and tubers,Wheat,KG,actual,Retail,ETB,57.05,0.4075,9,6,agent:7|user:2,published,waga-index-v1,snap_2026-07-25T06_v1
2026-05-02,Addis Ababa,Addis Ababa,Akaki,8.8939,38.8069,cereals and tubers,Maize,KG,actual,Retail,ETB,37.58,0.2684,7,5,agent:5|user:2,published,waga-index-v1,snap_2026-07-25T06_v1
2026-05-02,Addis Ababa,Addis Ababa,Akaki,8.8939,38.8069,vegetables and fruits,Onion,KG,actual,Retail,ETB,34.99,0.2499,5,3,agent:4|user:1,published,waga-index-v1,snap_2026-07-25T06_v1
2026-05-02,Addis Ababa,Addis Ababa,Akaki,8.8939,38.8069,oil and fats,Cooking oil,L,actual,Retail,ETB,154.37,1.1026,3,2,agent:2|user:1,published,waga-index-v1,snap_2026-07-25T06_v1
2026-05-02,Addis Ababa,Addis Ababa,Kera,8.9994,38.7481,cereals and tubers,Teff (mixed),KG,actual,Retail,ETB,91.32,0.6523,4,3,agent:3|user:1,published,waga-index-v1,snap_2026-07-25T06_v1
2026-05-02,Addis Ababa,Addis Ababa,Kera,8.9994,38.7481,cereals and tubers,Wheat,KG,actual,Retail,ETB,57.31,0.4094,9,6,agent:7|user:2,published,waga-index-v1,snap_2026-07-25T06_v1
2026-05-02,Addis Ababa,Addis Ababa,Kera,8.9994,38.7481,cereals and tubers,Maize,KG,actual,Retail,ETB,38.37,0.2741,6,4,agent:4|user:2,published,waga-index-v1,snap_2026-07-25T06_v1
2026-05-02,Addis Ababa,Addis Ababa,Kera,8.9994,38.7481,vegetables and fruits,Onion,KG,actual,Retail,ETB,35.52,0.2537,4,3,agent:3|user:1,published,waga-index-v1,snap_2026-07-25T06_v1
2026-05-02,Addis Ababa,Addis Ababa,Kera,8.9994,38.7481,oil and fats,Cooking oil,L,actual,Retail,ETB,158.38,1.1313,8,5,agent:6|user:2,published,waga-index-v1,snap_2026-07-25T06_v1
2026-05-02,Addis Ababa,Addis Ababa,Shola Gebeya,9.0244,38.7986,cereals and tubers,Teff (mixed),KG,actual,Retail,ETB,94.02,0.6716,3,2,agent:2|user:1,published,waga-index-v1,snap_2026-07-25T06_v1
2026-05-02,Addis Ababa,Addis Ababa,Shola Gebeya,9.0244,38.7986,cereals and tubers,Wheat,KG,actual,Retail,ETB,59.47,0.4248,7,5,agent:5|user:2,published,waga-index-v1,snap_2026-07-25T06_v1
2026-05-02,Addis Ababa,Addis Ababa,Shola Gebeya,9.0244,38.7986,cereals and tubers,Maize,KG,actual,Retail,ETB,38.84,0.2774,4,3,agent:3|user:1,published,waga-index-v1,snap_2026-07-25T06_v1
2026-05-02,Addis Ababa,Addis Ababa,Shola Gebeya,9.0244,38.7986,vegetables and fruits,Onion,KG,actual,Retail,ETB,38.65,0.2761,4,3,agent:3|user:1,published,waga-index-v1,snap_2026-07-25T06_v1
2026-05-02,Addis Ababa,Addis Ababa,Shola Gebeya,9.0244,38.7986,oil and fats,Cooking oil,L,actual,Retail,ETB,,,1,1,agent:1,insufficient_data,waga-index-v1,snap_2026-07-25T06_v1
2026-05-02,Addis Ababa,Addis Ababa,Piazza,9.0356,38.7522,cereals and tubers,Teff (mixed),KG,actual,Retail,ETB,96.66,0.6904,8,5,agent:6|user:2,published,waga-index-v1,snap_2026-07-25T06_v1
2026-05-02,Addis Ababa,Addis Ababa,Piazza,9.0356,38.7522,cereals and tubers,Wheat,KG,actual,Retail,ETB,60.70,0.4336,9,6,agent:7|user:2,published,waga-index-v1,snap_2026-07-25T06_v1
2026-05-02,Addis Ababa,Addis Ababa,Piazza,9.0356,38.7522,cereals and tubers,Maize,KG,actual,Retail,ETB,39.83,0.2845,3,2,agent:2|user:1,published,waga-index-v1,snap_2026-07-25T06_v1
2026-05-02,Addis Ababa,Addis Ababa,Piazza,9.0356,38.7522,vegetables and fruits,Onion,KG,actual,Retail,ETB,37.06,0.2647,3,2,agent:2|user:1,published,waga-index-v1,snap_2026-07-25T06_v1
2026-05-02,Addis Ababa,Addis Ababa,Piazza,9.0356,38.7522,oil and fats,Cooking oil,L,actual,Retail,ETB,161.37,1.1526,3,2,agent:2|user:1,published,waga-index-v1,snap_2026-07-25T06_v1
2026-05-03,Addis Ababa,Addis Ababa,Merkato,9.0341,38.7395,cereals and tubers,Teff (mixed),KG,actual,Retail,ETB,83.51,0.5965,8,5,agent:6|user:2,published,waga-index-v1,snap_2026-07-25T06_v1
2026-05-03,Addis Ababa,Addis Ababa,Merkato,9.0341,38.7395,cereals and tubers,Wheat,KG,actual,Retail,ETB,51.24,0.3660,4,3,agent:3|user:1,published,waga-index-v1,snap_2026-07-25T06_v1
2026-05-03,Addis Ababa,Addis Ababa,Merkato,9.0341,38.7395,cereals and tubers,Maize,KG,actual,Retail,ETB,34.32,0.2451,6,4,agent:4|user:2,published,waga-index-v1,snap_2026-07-25T06_v1
2026-05-03,Addis Ababa,Addis Ababa,Merkato,9.0341,38.7395,vegetables and fruits,Onion,KG,actual,Retail,ETB,32.61,0.2329,7,5,agent:5|user:2,published,waga-index-v1,snap_2026-07-25T06_v1
2026-05-03,Addis Ababa,Addis Ababa,Merkato,9.0341,38.7395,oil and fats,Cooking oil,L,actual,Retail,ETB,140.93,1.0066,6,4,agent:4|user:2,published,waga-index-v1,snap_2026-07-25T06_v1
2026-05-03,Addis Ababa,Addis Ababa,Ehil Berenda,9.0333,38.7389,cereals and tubers,Teff (mixed),KG,actual,Retail,ETB,80.89,0.5778,9,6,agent:7|user:2,published,waga-index-v1,snap_2026-07-25T06_v1
2026-05-03,Addis Ababa,Addis Ababa,Ehil Berenda,9.0333,38.7389,cereals and tubers,Wheat,KG,actual,Retail,ETB,55.26,0.3947,4,3,agent:3|user:1,published,waga-index-v1,snap_2026-07-25T06_v1
2026-05-03,Addis Ababa,Addis Ababa,Ehil Berenda,9.0333,38.7389,cereals and tubers,Maize,KG,actual,Retail,ETB,36.13,0.2581,5,3,agent:4|user:1,published,waga-index-v1,snap_2026-07-25T06_v1
2026-05-03,Addis Ababa,Addis Ababa,Ehil Berenda,9.0333,38.7389,vegetables and fruits,Onion,KG,actual,Retail,ETB,33.52,0.2394,8,5,agent:6|user:2,published,waga-index-v1,snap_2026-07-25T06_v1
2026-05-03,Addis Ababa,Addis Ababa,Ehil Berenda,9.0333,38.7389,oil and fats,Cooking oil,L,actual,Retail,ETB,145.53,1.0395,7,5,agent:5|user:2,published,waga-index-v1,snap_2026-07-25T06_v1
2026-05-03,Addis Ababa,Addis Ababa,Atikilt Tera,9.03,38.745,cereals and tubers,Teff (mixed),KG,actual,Retail,ETB,87.82,0.6273,7,5,agent:5|user:2,published,waga-index-v1,snap_2026-07-25T06_v1
2026-05-03,Addis Ababa,Addis Ababa,Atikilt Tera,9.03,38.745,cereals and tubers,Wheat,KG,actual,Retail,ETB,55.82,0.3987,4,3,agent:3|user:1,published,waga-index-v1,snap_2026-07-25T06_v1
2026-05-03,Addis Ababa,Addis Ababa,Atikilt Tera,9.03,38.745,cereals and tubers,Maize,KG,actual,Retail,ETB,36.92,0.2637,4,3,agent:3|user:1,published,waga-index-v1,snap_2026-07-25T06_v1
2026-05-03,Addis Ababa,Addis Ababa,Atikilt Tera,9.03,38.745,vegetables and fruits,Onion,KG,actual,Retail,ETB,,,0,0,,insufficient_data,waga-index-v1,snap_2026-07-25T06_v1
2026-05-03,Addis Ababa,Addis Ababa,Atikilt Tera,9.03,38.745,oil and fats,Cooking oil,L,actual,Retail,ETB,140.60,1.0043,4,3,agent:3|user:1,published,waga-index-v1,snap_2026-07-25T06_v1
2026-05-03,Addis Ababa,Addis Ababa,Asko,9.0489,38.6889,cereals and tubers,Teff (mixed),KG,actual,Retail,ETB,88.36,0.6311,9,6,agent:7|user:2,published,waga-index-v1,snap_2026-07-25T06_v1
2026-05-03,Addis Ababa,Addis Ababa,Asko,9.0489,38.6889,cereals and tubers,Wheat,KG,actual,Retail,ETB,56.95,0.4068,3,2,agent:2|user:1,published,waga-index-v1,snap_2026-07-25T06_v1
2026-05-03,Addis Ababa,Addis Ababa,Asko,9.0489,38.6889,cereals and tubers,Maize,KG,actual,Retail,ETB,37.56,0.2683,9,6,agent:7|user:2,published,waga-index-v1,snap_2026-07-25T06_v1
2026-05-03,Addis Ababa,Addis Ababa,Asko,9.0489,38.6889,vegetables and fruits,Onion,KG,actual,Retail,ETB,34.68,0.2477,3,2,agent:2|user:1,published,waga-index-v1,snap_2026-07-25T06_v1
2026-05-03,Addis Ababa,Addis Ababa,Asko,9.0489,38.6889,oil and fats,Cooking oil,L,actual,Retail,ETB,150.26,1.0733,8,5,agent:6|user:2,published,waga-index-v1,snap_2026-07-25T06_v1
2026-05-03,Addis Ababa,Addis Ababa,Saris,8.9797,38.7622,cereals and tubers,Teff (mixed),KG,actual,Retail,ETB,88.48,0.6320,3,2,agent:2|user:1,published,waga-index-v1,snap_2026-07-25T06_v1
2026-05-03,Addis Ababa,Addis Ababa,Saris,8.9797,38.7622,cereals and tubers,Wheat,KG,actual,Retail,ETB,55.80,0.3986,3,2,agent:2|user:1,published,waga-index-v1,snap_2026-07-25T06_v1
2026-05-03,Addis Ababa,Addis Ababa,Saris,8.9797,38.7622,cereals and tubers,Maize,KG,actual,Retail,ETB,36.90,0.2636,3,2,agent:2|user:1,published,waga-index-v1,snap_2026-07-25T06_v1
2026-05-03,Addis Ababa,Addis Ababa,Saris,8.9797,38.7622,vegetables and fruits,Onion,KG,actual,Retail,ETB,35.42,0.2530,4,3,agent:3|user:1,published,waga-index-v1,snap_2026-07-25T06_v1
2026-05-03,Addis Ababa,Addis Ababa,Saris,8.9797,38.7622,oil and fats,Cooking oil,L,actual,Retail,ETB,153.03,1.0931,6,4,agent:4|user:2,published,waga-index-v1,snap_2026-07-25T06_v1
2026-05-03,Addis Ababa,Addis Ababa,Akaki,8.8939,38.8069,cereals and tubers,Teff (mixed),KG,actual,Retail,ETB,88.50,0.6321,7,5,agent:5|user:2,published,waga-index-v1,snap_2026-07-25T06_v1
2026-05-03,Addis Ababa,Addis Ababa,Akaki,8.8939,38.8069,cereals and tubers,Wheat,KG,actual,Retail,ETB,57.76,0.4126,7,5,agent:5|user:2,published,waga-index-v1,snap_2026-07-25T06_v1
2026-05-03,Addis Ababa,Addis Ababa,Akaki,8.8939,38.8069,cereals and tubers,Maize,KG,actual,Retail,ETB,37.44,0.2674,8,5,agent:6|user:2,published,waga-index-v1,snap_2026-07-25T06_v1
2026-05-03,Addis Ababa,Addis Ababa,Akaki,8.8939,38.8069,vegetables and fruits,Onion,KG,actual,Retail,ETB,35.29,0.2521,3,2,agent:2|user:1,published,waga-index-v1,snap_2026-07-25T06_v1
2026-05-03,Addis Ababa,Addis Ababa,Akaki,8.8939,38.8069,oil and fats,Cooking oil,L,actual,Retail,ETB,154.89,1.1064,8,5,agent:6|user:2,published,waga-index-v1,snap_2026-07-25T06_v1
2026-05-03,Addis Ababa,Addis Ababa,Kera,8.9994,38.7481,cereals and tubers,Teff (mixed),KG,actual,Retail,ETB,91.41,0.6529,5,3,agent:4|user:1,published,waga-index-v1,snap_2026-07-25T06_v1
2026-05-03,Addis Ababa,Addis Ababa,Kera,8.9994,38.7481,cereals and tubers,Wheat,KG,actual,Retail,ETB,57.94,0.4139,7,5,agent:5|user:2,published,waga-index-v1,snap_2026-07-25T06_v1
2026-05-03,Addis Ababa,Addis Ababa,Kera,8.9994,38.7481,cereals and tubers,Maize,KG,actual,Retail,ETB,37.91,0.2708,6,4,agent:4|user:2,published,waga-index-v1,snap_2026-07-25T06_v1
2026-05-03,Addis Ababa,Addis Ababa,Kera,8.9994,38.7481,vegetables and fruits,Onion,KG,actual,Retail,ETB,,,0,0,,insufficient_data,waga-index-v1,snap_2026-07-25T06_v1
2026-05-03,Addis Ababa,Addis Ababa,Kera,8.9994,38.7481,oil and fats,Cooking oil,L,actual,Retail,ETB,159.42,1.1387,5,3,agent:4|user:1,published,waga-index-v1,snap_2026-07-25T06_v1
2026-05-03,Addis Ababa,Addis Ababa,Shola Gebeya,9.0244,38.7986,cereals and tubers,Teff (mixed),KG,actual,Retail,ETB,94.64,0.6760,5,3,agent:4|user:1,published,waga-index-v1,snap_2026-07-25T06_v1
2026-05-03,Addis Ababa,Addis Ababa,Shola Gebeya,9.0244,38.7986,cereals and tubers,Wheat,KG,actual,Retail,ETB,59.88,0.4277,9,6,agent:7|user:2,published,waga-index-v1,snap_2026-07-25T06_v1
2026-05-03,Addis Ababa,Addis Ababa,Shola Gebeya,9.0244,38.7986,cereals and tubers,Maize,KG,actual,Retail,ETB,38.69,0.2764,3,2,agent:2|user:1,published,waga-index-v1,snap_2026-07-25T06_v1
2026-05-03,Addis Ababa,Addis Ababa,Shola Gebeya,9.0244,38.7986,vegetables and fruits,Onion,KG,actual,Retail,ETB,38.59,0.2756,9,6,agent:7|user:2,published,waga-index-v1,snap_2026-07-25T06_v1
2026-05-03,Addis Ababa,Addis Ababa,Shola Gebeya,9.0244,38.7986,oil and fats,Cooking oil,L,actual,Retail,ETB,,,1,1,agent:1,insufficient_data,waga-index-v1,snap_2026-07-25T06_v1
2026-05-03,Addis Ababa,Addis Ababa,Piazza,9.0356,38.7522,cereals and tubers,Teff (mixed),KG,actual,Retail,ETB,,,2,2,agent:2,insufficient_data,waga-index-v1,snap_2026-07-25T06_v1
2026-05-03,Addis Ababa,Addis Ababa,Piazza,9.0356,38.7522,cereals and tubers,Wheat,KG,actual,Retail,ETB,60.51,0.4322,8,5,agent:6|user:2,published,waga-index-v1,snap_2026-07-25T06_v1
2026-05-03,Addis Ababa,Addis Ababa,Piazza,9.0356,38.7522,cereals and tubers,Maize,KG,actual,Retail,ETB,39.89,0.2849,9,6,agent:7|user:2,published,waga-index-v1,snap_2026-07-25T06_v1
2026-05-03,Addis Ababa,Addis Ababa,Piazza,9.0356,38.7522,vegetables and fruits,Onion,KG,actual,Retail,ETB,37.38,0.2670,5,3,agent:4|user:1,published,waga-index-v1,snap_2026-07-25T06_v1
2026-05-03,Addis Ababa,Addis Ababa,Piazza,9.0356,38.7522,oil and fats,Cooking oil,L,actual,Retail,ETB,164.55,1.1754,5,3,agent:4|user:1,published,waga-index-v1,snap_2026-07-25T06_v1
2026-05-04,Addis Ababa,Addis Ababa,Merkato,9.0341,38.7395,cereals and tubers,Teff (mixed),KG,actual,Retail,ETB,83.58,0.5970,5,3,agent:4|user:1,published,waga-index-v1,snap_2026-07-25T06_v1
2026-05-04,Addis Ababa,Addis Ababa,Merkato,9.0341,38.7395,cereals and tubers,Wheat,KG,actual,Retail,ETB,50.65,0.3618,4,3,agent:3|user:1,published,waga-index-v1,snap_2026-07-25T06_v1
2026-05-04,Addis Ababa,Addis Ababa,Merkato,9.0341,38.7395,cereals and tubers,Maize,KG,actual,Retail,ETB,34.77,0.2484,5,3,agent:4|user:1,published,waga-index-v1,snap_2026-07-25T06_v1
2026-05-04,Addis Ababa,Addis Ababa,Merkato,9.0341,38.7395,vegetables and fruits,Onion,KG,actual,Retail,ETB,33.23,0.2374,4,3,agent:3|user:1,published,waga-index-v1,snap_2026-07-25T06_v1
2026-05-04,Addis Ababa,Addis Ababa,Merkato,9.0341,38.7395,oil and fats,Cooking oil,L,actual,Retail,ETB,142.66,1.0190,8,5,agent:6|user:2,published,waga-index-v1,snap_2026-07-25T06_v1
2026-05-04,Addis Ababa,Addis Ababa,Ehil Berenda,9.0333,38.7389,cereals and tubers,Teff (mixed),KG,actual,Retail,ETB,80.87,0.5776,9,6,agent:7|user:2,published,waga-index-v1,snap_2026-07-25T06_v1
2026-05-04,Addis Ababa,Addis Ababa,Ehil Berenda,9.0333,38.7389,cereals and tubers,Wheat,KG,actual,Retail,ETB,,,1,1,agent:1,insufficient_data,waga-index-v1,snap_2026-07-25T06_v1
2026-05-04,Addis Ababa,Addis Ababa,Ehil Berenda,9.0333,38.7389,cereals and tubers,Maize,KG,actual,Retail,ETB,36.36,0.2597,7,5,agent:5|user:2,published,waga-index-v1,snap_2026-07-25T06_v1
2026-05-04,Addis Ababa,Addis Ababa,Ehil Berenda,9.0333,38.7389,vegetables and fruits,Onion,KG,actual,Retail,ETB,33.80,0.2414,6,4,agent:4|user:2,published,waga-index-v1,snap_2026-07-25T06_v1
2026-05-04,Addis Ababa,Addis Ababa,Ehil Berenda,9.0333,38.7389,oil and fats,Cooking oil,L,actual,Retail,ETB,145.67,1.0405,8,5,agent:6|user:2,published,waga-index-v1,snap_2026-07-25T06_v1
2026-05-04,Addis Ababa,Addis Ababa,Atikilt Tera,9.03,38.745,cereals and tubers,Teff (mixed),KG,actual,Retail,ETB,88.06,0.6290,8,5,agent:6|user:2,published,waga-index-v1,snap_2026-07-25T06_v1
2026-05-04,Addis Ababa,Addis Ababa,Atikilt Tera,9.03,38.745,cereals and tubers,Wheat,KG,actual,Retail,ETB,55.90,0.3993,3,2,agent:2|user:1,published,waga-index-v1,snap_2026-07-25T06_v1
2026-05-04,Addis Ababa,Addis Ababa,Atikilt Tera,9.03,38.745,cereals and tubers,Maize,KG,actual,Retail,ETB,36.59,0.2614,9,6,agent:7|user:2,published,waga-index-v1,snap_2026-07-25T06_v1
2026-05-04,Addis Ababa,Addis Ababa,Atikilt Tera,9.03,38.745,vegetables and fruits,Onion,KG,actual,Retail,ETB,30.70,0.2193,4,3,agent:3|user:1,published,waga-index-v1,snap_2026-07-25T06_v1
2026-05-04,Addis Ababa,Addis Ababa,Atikilt Tera,9.03,38.745,oil and fats,Cooking oil,L,actual,Retail,ETB,141.26,1.0090,8,5,agent:6|user:2,published,waga-index-v1,snap_2026-07-25T06_v1
2026-05-04,Addis Ababa,Addis Ababa,Asko,9.0489,38.6889,cereals and tubers,Teff (mixed),KG,actual,Retail,ETB,88.66,0.6333,4,3,agent:3|user:1,published,waga-index-v1,snap_2026-07-25T06_v1
2026-05-04,Addis Ababa,Addis Ababa,Asko,9.0489,38.6889,cereals and tubers,Wheat,KG,actual,Retail,ETB,57.23,0.4088,5,3,agent:4|user:1,published,waga-index-v1,snap_2026-07-25T06_v1
2026-05-04,Addis Ababa,Addis Ababa,Asko,9.0489,38.6889,cereals and tubers,Maize,KG,actual,Retail,ETB,37.30,0.2664,4,3,agent:3|user:1,published,waga-index-v1,snap_2026-07-25T06_v1
2026-05-04,Addis Ababa,Addis Ababa,Asko,9.0489,38.6889,vegetables and fruits,Onion,KG,actual,Retail,ETB,34.78,0.2484,8,5,agent:6|user:2,published,waga-index-v1,snap_2026-07-25T06_v1
2026-05-04,Addis Ababa,Addis Ababa,Asko,9.0489,38.6889,oil and fats,Cooking oil,L,actual,Retail,ETB,151.42,1.0816,3,2,agent:2|user:1,published,waga-index-v1,snap_2026-07-25T06_v1
2026-05-04,Addis Ababa,Addis Ababa,Saris,8.9797,38.7622,cereals and tubers,Teff (mixed),KG,actual,Retail,ETB,87.88,0.6277,8,5,agent:6|user:2,published,waga-index-v1,snap_2026-07-25T06_v1
2026-05-04,Addis Ababa,Addis Ababa,Saris,8.9797,38.7622,cereals and tubers,Wheat,KG,actual,Retail,ETB,56.59,0.4042,9,6,agent:7|user:2,published,waga-index-v1,snap_2026-07-25T06_v1
2026-05-04,Addis Ababa,Addis Ababa,Saris,8.9797,38.7622,cereals and tubers,Maize,KG,actual,Retail,ETB,36.96,0.2640,9,6,agent:7|user:2,published,waga-index-v1,snap_2026-07-25T06_v1
2026-05-04,Addis Ababa,Addis Ababa,Saris,8.9797,38.7622,vegetables and fruits,Onion,KG,actual,Retail,ETB,35.30,0.2521,5,3,agent:4|user:1,published,waga-index-v1,snap_2026-07-25T06_v1
2026-05-04,Addis Ababa,Addis Ababa,Saris,8.9797,38.7622,oil and fats,Cooking oil,L,actual,Retail,ETB,151.33,1.0809,7,5,agent:5|user:2,published,waga-index-v1,snap_2026-07-25T06_v1
2026-05-04,Addis Ababa,Addis Ababa,Akaki,8.8939,38.8069,cereals and tubers,Teff (mixed),KG,actual,Retail,ETB,90.07,0.6434,7,5,agent:5|user:2,published,waga-index-v1,snap_2026-07-25T06_v1
2026-05-04,Addis Ababa,Addis Ababa,Akaki,8.8939,38.8069,cereals and tubers,Wheat,KG,actual,Retail,ETB,,,2,2,agent:2,insufficient_data,waga-index-v1,snap_2026-07-25T06_v1
2026-05-04,Addis Ababa,Addis Ababa,Akaki,8.8939,38.8069,cereals and tubers,Maize,KG,actual,Retail,ETB,37.64,0.2689,9,6,agent:7|user:2,published,waga-index-v1,snap_2026-07-25T06_v1
2026-05-04,Addis Ababa,Addis Ababa,Akaki,8.8939,38.8069,vegetables and fruits,Onion,KG,actual,Retail,ETB,35.21,0.2515,6,4,agent:4|user:2,published,waga-index-v1,snap_2026-07-25T06_v1
2026-05-04,Addis Ababa,Addis Ababa,Akaki,8.8939,38.8069,oil and fats,Cooking oil,L,actual,Retail,ETB,154.02,1.1001,4,3,agent:3|user:1,published,waga-index-v1,snap_2026-07-25T06_v1
2026-05-04,Addis Ababa,Addis Ababa,Kera,8.9994,38.7481,cereals and tubers,Teff (mixed),KG,actual,Retail,ETB,91.84,0.6560,4,3,agent:3|user:1,published,waga-index-v1,snap_2026-07-25T06_v1
2026-05-04,Addis Ababa,Addis Ababa,Kera,8.9994,38.7481,cereals and tubers,Wheat,KG,actual,Retail,ETB,58.02,0.4144,6,4,agent:4|user:2,published,waga-index-v1,snap_2026-07-25T06_v1
2026-05-04,Addis Ababa,Addis Ababa,Kera,8.9994,38.7481,cereals and tubers,Maize,KG,actual,Retail,ETB,37.89,0.2706,4,3,agent:3|user:1,published,waga-index-v1,snap_2026-07-25T06_v1
2026-05-04,Addis Ababa,Addis Ababa,Kera,8.9994,38.7481,vegetables and fruits,Onion,KG,actual,Retail,ETB,36.02,0.2573,9,6,agent:7|user:2,published,waga-index-v1,snap_2026-07-25T06_v1
2026-05-04,Addis Ababa,Addis Ababa,Kera,8.9994,38.7481,oil and fats,Cooking oil,L,actual,Retail,ETB,160.39,1.1456,5,3,agent:4|user:1,published,waga-index-v1,snap_2026-07-25T06_v1
2026-05-04,Addis Ababa,Addis Ababa,Shola Gebeya,9.0244,38.7986,cereals and tubers,Teff (mixed),KG,actual,Retail,ETB,95.15,0.6796,5,3,agent:4|user:1,published,waga-index-v1,snap_2026-07-25T06_v1
2026-05-04,Addis Ababa,Addis Ababa,Shola Gebeya,9.0244,38.7986,cereals and tubers,Wheat,KG,actual,Retail,ETB,59.41,0.4244,3,2,agent:2|user:1,published,waga-index-v1,snap_2026-07-25T06_v1
2026-05-04,Addis Ababa,Addis Ababa,Shola Gebeya,9.0244,38.7986,cereals and tubers,Maize,KG,actual,Retail,ETB,39.23,0.2802,6,4,agent:4|user:2,published,waga-index-v1,snap_2026-07-25T06_v1
2026-05-04,Addis Ababa,Addis Ababa,Shola Gebeya,9.0244,38.7986,vegetables and fruits,Onion,KG,actual,Retail,ETB,38.31,0.2736,8,5,agent:6|user:2,published,waga-index-v1,snap_2026-07-25T06_v1
2026-05-04,Addis Ababa,Addis Ababa,Shola Gebeya,9.0244,38.7986,oil and fats,Cooking oil,L,actual,Retail,ETB,160.84,1.1489,3,2,agent:2|user:1,published,waga-index-v1,snap_2026-07-25T06_v1
2026-05-04,Addis Ababa,Addis Ababa,Piazza,9.0356,38.7522,cereals and tubers,Teff (mixed),KG,actual,Retail,ETB,97.55,0.6968,8,5,agent:6|user:2,published,waga-index-v1,snap_2026-07-25T06_v1
2026-05-04,Addis Ababa,Addis Ababa,Piazza,9.0356,38.7522,cereals and tubers,Wheat,KG,actual,Retail,ETB,61.38,0.4384,6,4,agent:4|user:2,published,waga-index-v1,snap_2026-07-25T06_v1
2026-05-04,Addis Ababa,Addis Ababa,Piazza,9.0356,38.7522,cereals and tubers,Maize,KG,actual,Retail,ETB,39.53,0.2824,5,3,agent:4|user:1,published,waga-index-v1,snap_2026-07-25T06_v1
2026-05-04,Addis Ababa,Addis Ababa,Piazza,9.0356,38.7522,vegetables and fruits,Onion,KG,actual,Retail,ETB,37.75,0.2696,6,4,agent:4|user:2,published,waga-index-v1,snap_2026-07-25T06_v1
2026-05-04,Addis Ababa,Addis Ababa,Piazza,9.0356,38.7522,oil and fats,Cooking oil,L,actual,Retail,ETB,165.59,1.1828,7,5,agent:5|user:2,published,waga-index-v1,snap_2026-07-25T06_v1
2026-05-05,Addis Ababa,Addis Ababa,Merkato,9.0341,38.7395,cereals and tubers,Teff (mixed),KG,actual,Retail,ETB,85.30,0.6093,6,4,agent:4|user:2,published,waga-index-v1,snap_2026-07-25T06_v1
2026-05-05,Addis Ababa,Addis Ababa,Merkato,9.0341,38.7395,cereals and tubers,Wheat,KG,actual,Retail,ETB,51.67,0.3691,7,5,agent:5|user:2,published,waga-index-v1,snap_2026-07-25T06_v1
2026-05-05,Addis Ababa,Addis Ababa,Merkato,9.0341,38.7395,cereals and tubers,Maize,KG,actual,Retail,ETB,34.55,0.2468,8,5,agent:6|user:2,published,waga-index-v1,snap_2026-07-25T06_v1
2026-05-05,Addis Ababa,Addis Ababa,Merkato,9.0341,38.7395,vegetables and fruits,Onion,KG,actual,Retail,ETB,33.49,0.2392,7,5,agent:5|user:2,published,waga-index-v1,snap_2026-07-25T06_v1
2026-05-05,Addis Ababa,Addis Ababa,Merkato,9.0341,38.7395,oil and fats,Cooking oil,L,actual,Retail,ETB,143.75,1.0268,7,5,agent:5|user:2,published,waga-index-v1,snap_2026-07-25T06_v1
2026-05-05,Addis Ababa,Addis Ababa,Ehil Berenda,9.0333,38.7389,cereals and tubers,Teff (mixed),KG,actual,Retail,ETB,79.65,0.5689,6,4,agent:4|user:2,published,waga-index-v1,snap_2026-07-25T06_v1
2026-05-05,Addis Ababa,Addis Ababa,Ehil Berenda,9.0333,38.7389,cereals and tubers,Wheat,KG,actual,Retail,ETB,55.57,0.3969,5,3,agent:4|user:1,published,waga-index-v1,snap_2026-07-25T06_v1
2026-05-05,Addis Ababa,Addis Ababa,Ehil Berenda,9.0333,38.7389,cereals and tubers,Maize,KG,actual,Retail,ETB,36.19,0.2585,8,5,agent:6|user:2,published,waga-index-v1,snap_2026-07-25T06_v1
2026-05-05,Addis Ababa,Addis Ababa,Ehil Berenda,9.0333,38.7389,vegetables and fruits,Onion,KG,actual,Retail,ETB,33.94,0.2424,6,4,agent:4|user:2,published,waga-index-v1,snap_2026-07-25T06_v1
2026-05-05,Addis Ababa,Addis Ababa,Ehil Berenda,9.0333,38.7389,oil and fats,Cooking oil,L,actual,Retail,ETB,144.60,1.0329,7,5,agent:5|user:2,published,waga-index-v1,snap_2026-07-25T06_v1
2026-05-05,Addis Ababa,Addis Ababa,Atikilt Tera,9.03,38.745,cereals and tubers,Teff (mixed),KG,actual,Retail,ETB,88.61,0.6329,9,6,agent:7|user:2,published,waga-index-v1,snap_2026-07-25T06_v1
2026-05-05,Addis Ababa,Addis Ababa,Atikilt Tera,9.03,38.745,cereals and tubers,Wheat,KG,actual,Retail,ETB,55.12,0.3937,4,3,agent:3|user:1,published,waga-index-v1,snap_2026-07-25T06_v1
2026-05-05,Addis Ababa,Addis Ababa,Atikilt Tera,9.03,38.745,cereals and tubers,Maize,KG,actual,Retail,ETB,36.99,0.2642,9,6,agent:7|user:2,published,waga-index-v1,snap_2026-07-25T06_v1
2026-05-05,Addis Ababa,Addis Ababa,Atikilt Tera,9.03,38.745,vegetables and fruits,Onion,KG,actual,Retail,ETB,30.74,0.2196,6,4,agent:4|user:2,published,waga-index-v1,snap_2026-07-25T06_v1
2026-05-05,Addis Ababa,Addis Ababa,Atikilt Tera,9.03,38.745,oil and fats,Cooking oil,L,actual,Retail,ETB,141.06,1.0076,3,2,agent:2|user:1,published,waga-index-v1,snap_2026-07-25T06_v1
2026-05-05,Addis Ababa,Addis Ababa,Asko,9.0489,38.6889,cereals and tubers,Teff (mixed),KG,actual,Retail,ETB,86.84,0.6203,6,4,agent:4|user:2,published,waga-index-v1,snap_2026-07-25T06_v1
2026-05-05,Addis Ababa,Addis Ababa,Asko,9.0489,38.6889,cereals and tubers,Wheat,KG,actual,Retail,ETB,56.57,0.4041,9,6,agent:7|user:2,published,waga-index-v1,snap_2026-07-25T06_v1
2026-05-05,Addis Ababa,Addis Ababa,Asko,9.0489,38.6889,cereals and tubers,Maize,KG,actual,Retail,ETB,37.38,0.2670,9,6,agent:7|user:2,published,waga-index-v1,snap_2026-07-25T06_v1
2026-05-05,Addis Ababa,Addis Ababa,Asko,9.0489,38.6889,vegetables and fruits,Onion,KG,actual,Retail,ETB,34.72,0.2480,7,5,agent:5|user:2,published,waga-index-v1,snap_2026-07-25T06_v1
2026-05-05,Addis Ababa,Addis Ababa,Asko,9.0489,38.6889,oil and fats,Cooking oil,L,actual,Retail,ETB,150.16,1.0726,6,4,agent:4|user:2,published,waga-index-v1,snap_2026-07-25T06_v1
2026-05-05,Addis Ababa,Addis Ababa,Saris,8.9797,38.7622,cereals and tubers,Teff (mixed),KG,actual,Retail,ETB,88.60,0.6329,6,4,agent:4|user:2,published,waga-index-v1,snap_2026-07-25T06_v1
2026-05-05,Addis Ababa,Addis Ababa,Saris,8.9797,38.7622,cereals and tubers,Wheat,KG,actual,Retail,ETB,55.78,0.3984,3,2,agent:2|user:1,published,waga-index-v1,snap_2026-07-25T06_v1
2026-05-05,Addis Ababa,Addis Ababa,Saris,8.9797,38.7622,cereals and tubers,Maize,KG,actual,Retail,ETB,,,1,1,agent:1,insufficient_data,waga-index-v1,snap_2026-07-25T06_v1
2026-05-05,Addis Ababa,Addis Ababa,Saris,8.9797,38.7622,vegetables and fruits,Onion,KG,actual,Retail,ETB,,,2,2,agent:2,insufficient_data,waga-index-v1,snap_2026-07-25T06_v1
2026-05-05,Addis Ababa,Addis Ababa,Saris,8.9797,38.7622,oil and fats,Cooking oil,L,actual,Retail,ETB,151.65,1.0832,4,3,agent:3|user:1,published,waga-index-v1,snap_2026-07-25T06_v1
2026-05-05,Addis Ababa,Addis Ababa,Akaki,8.8939,38.8069,cereals and tubers,Teff (mixed),KG,actual,Retail,ETB,89.58,0.6399,5,3,agent:4|user:1,published,waga-index-v1,snap_2026-07-25T06_v1
2026-05-05,Addis Ababa,Addis Ababa,Akaki,8.8939,38.8069,cereals and tubers,Wheat,KG,actual,Retail,ETB,57.16,0.4083,4,3,agent:3|user:1,published,waga-index-v1,snap_2026-07-25T06_v1
2026-05-05,Addis Ababa,Addis Ababa,Akaki,8.8939,38.8069,cereals and tubers,Maize,KG,actual,Retail,ETB,38.08,0.2720,8,5,agent:6|user:2,published,waga-index-v1,snap_2026-07-25T06_v1
2026-05-05,Addis Ababa,Addis Ababa,Akaki,8.8939,38.8069,vegetables and fruits,Onion,KG,actual,Retail,ETB,35.13,0.2509,3,2,agent:2|user:1,published,waga-index-v1,snap_2026-07-25T06_v1
2026-05-05,Addis Ababa,Addis Ababa,Akaki,8.8939,38.8069,oil and fats,Cooking oil,L,actual,Retail,ETB,151.95,1.0854,8,5,agent:6|user:2,published,waga-index-v1,snap_2026-07-25T06_v1
2026-05-05,Addis Ababa,Addis Ababa,Kera,8.9994,38.7481,cereals and tubers,Teff (mixed),KG,actual,Retail,ETB,91.32,0.6523,8,5,agent:6|user:2,published,waga-index-v1,snap_2026-07-25T06_v1
2026-05-05,Addis Ababa,Addis Ababa,Kera,8.9994,38.7481,cereals and tubers,Wheat,KG,actual,Retail,ETB,58.11,0.4151,4,3,agent:3|user:1,published,waga-index-v1,snap_2026-07-25T06_v1
2026-05-05,Addis Ababa,Addis Ababa,Kera,8.9994,38.7481,cereals and tubers,Maize,KG,actual,Retail,ETB,37.73,0.2695,4,3,agent:3|user:1,published,waga-index-v1,snap_2026-07-25T06_v1
2026-05-05,Addis Ababa,Addis Ababa,Kera,8.9994,38.7481,vegetables and fruits,Onion,KG,actual,Retail,ETB,36.02,0.2573,9,6,agent:7|user:2,published,waga-index-v1,snap_2026-07-25T06_v1
2026-05-05,Addis Ababa,Addis Ababa,Kera,8.9994,38.7481,oil and fats,Cooking oil,L,actual,Retail,ETB,160.87,1.1491,3,2,agent:2|user:1,published,waga-index-v1,snap_2026-07-25T06_v1
2026-05-05,Addis Ababa,Addis Ababa,Shola Gebeya,9.0244,38.7986,cereals and tubers,Teff (mixed),KG,actual,Retail,ETB,93.40,0.6671,9,6,agent:7|user:2,published,waga-index-v1,snap_2026-07-25T06_v1
2026-05-05,Addis Ababa,Addis Ababa,Shola Gebeya,9.0244,38.7986,cereals and tubers,Wheat,KG,actual,Retail,ETB,60.05,0.4289,8,5,agent:6|user:2,published,waga-index-v1,snap_2026-07-25T06_v1
2026-05-05,Addis Ababa,Addis Ababa,Shola Gebeya,9.0244,38.7986,cereals and tubers,Maize,KG,actual,Retail,ETB,39.55,0.2825,6,4,agent:4|user:2,published,waga-index-v1,snap_2026-07-25T06_v1
2026-05-05,Addis Ababa,Addis Ababa,Shola Gebeya,9.0244,38.7986,vegetables and fruits,Onion,KG,actual,Retail,ETB,38.03,0.2716,8,5,agent:6|user:2,published,waga-index-v1,snap_2026-07-25T06_v1
2026-05-05,Addis Ababa,Addis Ababa,Shola Gebeya,9.0244,38.7986,oil and fats,Cooking oil,L,actual,Retail,ETB,161.45,1.1532,9,6,agent:7|user:2,published,waga-index-v1,snap_2026-07-25T06_v1
2026-05-05,Addis Ababa,Addis Ababa,Piazza,9.0356,38.7522,cereals and tubers,Teff (mixed),KG,actual,Retail,ETB,98.10,0.7007,8,5,agent:6|user:2,published,waga-index-v1,snap_2026-07-25T06_v1
2026-05-05,Addis Ababa,Addis Ababa,Piazza,9.0356,38.7522,cereals and tubers,Wheat,KG,actual,Retail,ETB,60.78,0.4341,8,5,agent:6|user:2,published,waga-index-v1,snap_2026-07-25T06_v1
2026-05-05,Addis Ababa,Addis Ababa,Piazza,9.0356,38.7522,cereals and tubers,Maize,KG,actual,Retail,ETB,39.52,0.2823,4,3,agent:3|user:1,published,waga-index-v1,snap_2026-07-25T06_v1
2026-05-05,Addis Ababa,Addis Ababa,Piazza,9.0356,38.7522,vegetables and fruits,Onion,KG,actual,Retail,ETB,37.18,0.2656,9,6,agent:7|user:2,published,waga-index-v1,snap_2026-07-25T06_v1
2026-05-05,Addis Ababa,Addis Ababa,Piazza,9.0356,38.7522,oil and fats,Cooking oil,L,actual,Retail,ETB,165.49,1.1821,9,6,agent:7|user:2,published,waga-index-v1,snap_2026-07-25T06_v1
2026-05-06,Addis Ababa,Addis Ababa,Merkato,9.0341,38.7395,cereals and tubers,Teff (mixed),KG,actual,Retail,ETB,84.19,0.6014,5,3,agent:4|user:1,published,waga-index-v1,snap_2026-07-25T06_v1
2026-05-06,Addis Ababa,Addis Ababa,Merkato,9.0341,38.7395,cereals and tubers,Wheat,KG,actual,Retail,ETB,51.56,0.3683,4,3,agent:3|user:1,published,waga-index-v1,snap_2026-07-25T06_v1
2026-05-06,Addis Ababa,Addis Ababa,Merkato,9.0341,38.7395,cereals and tubers,Maize,KG,actual,Retail,ETB,34.70,0.2479,7,5,agent:5|user:2,published,waga-index-v1,snap_2026-07-25T06_v1
2026-05-06,Addis Ababa,Addis Ababa,Merkato,9.0341,38.7395,vegetables and fruits,Onion,KG,actual,Retail,ETB,33.01,0.2358,4,3,agent:3|user:1,published,waga-index-v1,snap_2026-07-25T06_v1
2026-05-06,Addis Ababa,Addis Ababa,Merkato,9.0341,38.7395,oil and fats,Cooking oil,L,actual,Retail,ETB,143.04,1.0217,4,3,agent:3|user:1,published,waga-index-v1,snap_2026-07-25T06_v1
2026-05-06,Addis Ababa,Addis Ababa,Ehil Berenda,9.0333,38.7389,cereals and tubers,Teff (mixed),KG,actual,Retail,ETB,79.75,0.5696,6,4,agent:4|user:2,published,waga-index-v1,snap_2026-07-25T06_v1
2026-05-06,Addis Ababa,Addis Ababa,Ehil Berenda,9.0333,38.7389,cereals and tubers,Wheat,KG,actual,Retail,ETB,55.39,0.3956,5,3,agent:4|user:1,published,waga-index-v1,snap_2026-07-25T06_v1
2026-05-06,Addis Ababa,Addis Ababa,Ehil Berenda,9.0333,38.7389,cereals and tubers,Maize,KG,actual,Retail,ETB,36.44,0.2603,9,6,agent:7|user:2,published,waga-index-v1,snap_2026-07-25T06_v1
2026-05-06,Addis Ababa,Addis Ababa,Ehil Berenda,9.0333,38.7389,vegetables and fruits,Onion,KG,actual,Retail,ETB,33.63,0.2402,8,5,agent:6|user:2,published,waga-index-v1,snap_2026-07-25T06_v1
2026-05-06,Addis Ababa,Addis Ababa,Ehil Berenda,9.0333,38.7389,oil and fats,Cooking oil,L,actual,Retail,ETB,147.52,1.0537,5,3,agent:4|user:1,published,waga-index-v1,snap_2026-07-25T06_v1
2026-05-06,Addis Ababa,Addis Ababa,Atikilt Tera,9.03,38.745,cereals and tubers,Teff (mixed),KG,actual,Retail,ETB,88.12,0.6294,7,5,agent:5|user:2,published,waga-index-v1,snap_2026-07-25T06_v1
2026-05-06,Addis Ababa,Addis Ababa,Atikilt Tera,9.03,38.745,cereals and tubers,Wheat,KG,actual,Retail,ETB,55.22,0.3944,5,3,agent:4|user:1,published,waga-index-v1,snap_2026-07-25T06_v1
2026-05-06,Addis Ababa,Addis Ababa,Atikilt Tera,9.03,38.745,cereals and tubers,Maize,KG,actual,Retail,ETB,36.59,0.2614,9,6,agent:7|user:2,published,waga-index-v1,snap_2026-07-25T06_v1
2026-05-06,Addis Ababa,Addis Ababa,Atikilt Tera,9.03,38.745,vegetables and fruits,Onion,KG,actual,Retail,ETB,30.54,0.2181,8,5,agent:6|user:2,published,waga-index-v1,snap_2026-07-25T06_v1
2026-05-06,Addis Ababa,Addis Ababa,Atikilt Tera,9.03,38.745,oil and fats,Cooking oil,L,actual,Retail,ETB,141.71,1.0122,8,5,agent:6|user:2,published,waga-index-v1,snap_2026-07-25T06_v1
2026-05-06,Addis Ababa,Addis Ababa,Asko,9.0489,38.6889,cereals and tubers,Teff (mixed),KG,actual,Retail,ETB,87.16,0.6226,6,4,agent:4|user:2,published,waga-index-v1,snap_2026-07-25T06_v1
2026-05-06,Addis Ababa,Addis Ababa,Asko,9.0489,38.6889,cereals and tubers,Wheat,KG,actual,Retail,ETB,56.19,0.4014,7,5,agent:5|user:2,published,waga-index-v1,snap_2026-07-25T06_v1
2026-05-06,Addis Ababa,Addis Ababa,Asko,9.0489,38.6889,cereals and tubers,Maize,KG,actual,Retail,ETB,37.32,0.2666,3,2,agent:2|user:1,published,waga-index-v1,snap_2026-07-25T06_v1
2026-05-06,Addis Ababa,Addis Ababa,Asko,9.0489,38.6889,vegetables and fruits,Onion,KG,actual,Retail,ETB,35.04,0.2503,4,3,agent:3|user:1,published,waga-index-v1,snap_2026-07-25T06_v1
2026-05-06,Addis Ababa,Addis Ababa,Asko,9.0489,38.6889,oil and fats,Cooking oil,L,actual,Retail,ETB,151.61,1.0829,4,3,agent:3|user:1,published,waga-index-v1,snap_2026-07-25T06_v1
2026-05-06,Addis Ababa,Addis Ababa,Saris,8.9797,38.7622,cereals and tubers,Teff (mixed),KG,actual,Retail,ETB,88.84,0.6346,6,4,agent:4|user:2,published,waga-index-v1,snap_2026-07-25T06_v1
2026-05-06,Addis Ababa,Addis Ababa,Saris,8.9797,38.7622,cereals and tubers,Wheat,KG,actual,Retail,ETB,56.01,0.4001,4,3,agent:3|user:1,published,waga-index-v1,snap_2026-07-25T06_v1
2026-05-06,Addis Ababa,Addis Ababa,Saris,8.9797,38.7622,cereals and tubers,Maize,KG,actual,Retail,ETB,37.63,0.2688,7,5,agent:5|user:2,published,waga-index-v1,snap_2026-07-25T06_v1
2026-05-06,Addis Ababa,Addis Ababa,Saris,8.9797,38.7622,vegetables and fruits,Onion,KG,actual,Retail,ETB,35.19,0.2514,3,2,agent:2|user:1,published,waga-index-v1,snap_2026-07-25T06_v1
2026-05-06,Addis Ababa,Addis Ababa,Saris,8.9797,38.7622,oil and fats,Cooking oil,L,actual,Retail,ETB,151.39,1.0814,8,5,agent:6|user:2,published,waga-index-v1,snap_2026-07-25T06_v1
2026-05-06,Addis Ababa,Addis Ababa,Akaki,8.8939,38.8069,cereals and tubers,Teff (mixed),KG,actual,Retail,ETB,90.92,0.6494,8,5,agent:6|user:2,published,waga-index-v1,snap_2026-07-25T06_v1
2026-05-06,Addis Ababa,Addis Ababa,Akaki,8.8939,38.8069,cereals and tubers,Wheat,KG,actual,Retail,ETB,57.64,0.4117,6,4,agent:4|user:2,published,waga-index-v1,snap_2026-07-25T06_v1
2026-05-06,Addis Ababa,Addis Ababa,Akaki,8.8939,38.8069,cereals and tubers,Maize,KG,actual,Retail,ETB,,,1,1,agent:1,insufficient_data,waga-index-v1,snap_2026-07-25T06_v1
2026-05-06,Addis Ababa,Addis Ababa,Akaki,8.8939,38.8069,vegetables and fruits,Onion,KG,actual,Retail,ETB,34.75,0.2482,4,3,agent:3|user:1,published,waga-index-v1,snap_2026-07-25T06_v1
2026-05-06,Addis Ababa,Addis Ababa,Akaki,8.8939,38.8069,oil and fats,Cooking oil,L,actual,Retail,ETB,152.44,1.0889,5,3,agent:4|user:1,published,waga-index-v1,snap_2026-07-25T06_v1
2026-05-06,Addis Ababa,Addis Ababa,Kera,8.9994,38.7481,cereals and tubers,Teff (mixed),KG,actual,Retail,ETB,92.17,0.6584,5,3,agent:4|user:1,published,waga-index-v1,snap_2026-07-25T06_v1
2026-05-06,Addis Ababa,Addis Ababa,Kera,8.9994,38.7481,cereals and tubers,Wheat,KG,actual,Retail,ETB,58.39,0.4171,4,3,agent:3|user:1,published,waga-index-v1,snap_2026-07-25T06_v1
2026-05-06,Addis Ababa,Addis Ababa,Kera,8.9994,38.7481,cereals and tubers,Maize,KG,actual,Retail,ETB,38.13,0.2724,8,5,agent:6|user:2,published,waga-index-v1,snap_2026-07-25T06_v1
2026-05-06,Addis Ababa,Addis Ababa,Kera,8.9994,38.7481,vegetables and fruits,Onion,KG,actual,Retail,ETB,35.75,0.2554,3,2,agent:2|user:1,published,waga-index-v1,snap_2026-07-25T06_v1
2026-05-06,Addis Ababa,Addis Ababa,Kera,8.9994,38.7481,oil and fats,Cooking oil,L,actual,Retail,ETB,159.36,1.1383,7,5,agent:5|user:2,published,waga-index-v1,snap_2026-07-25T06_v1
2026-05-06,Addis Ababa,Addis Ababa,Shola Gebeya,9.0244,38.7986,cereals and tubers,Teff (mixed),KG,actual,Retail,ETB,95.16,0.6797,3,2,agent:2|user:1,published,waga-index-v1,snap_2026-07-25T06_v1
2026-05-06,Addis Ababa,Addis Ababa,Shola Gebeya,9.0244,38.7986,cereals and tubers,Wheat,KG,actual,Retail,ETB,59.93,0.4281,5,3,agent:4|user:1,published,waga-index-v1,snap_2026-07-25T06_v1
2026-05-06,Addis Ababa,Addis Ababa,Shola Gebeya,9.0244,38.7986,cereals and tubers,Maize,KG,actual,Retail,ETB,39.53,0.2824,6,4,agent:4|user:2,published,waga-index-v1,snap_2026-07-25T06_v1
2026-05-06,Addis Ababa,Addis Ababa,Shola Gebeya,9.0244,38.7986,vegetables and fruits,Onion,KG,actual,Retail,ETB,38.06,0.2719,7,5,agent:5|user:2,published,waga-index-v1,snap_2026-07-25T06_v1
2026-05-06,Addis Ababa,Addis Ababa,Shola Gebeya,9.0244,38.7986,oil and fats,Cooking oil,L,actual,Retail,ETB,,,0,0,,insufficient_data,waga-index-v1,snap_2026-07-25T06_v1
2026-05-06,Addis Ababa,Addis Ababa,Piazza,9.0356,38.7522,cereals and tubers,Teff (mixed),KG,actual,Retail,ETB,98.78,0.7056,3,2,agent:2|user:1,published,waga-index-v1,snap_2026-07-25T06_v1
2026-05-06,Addis Ababa,Addis Ababa,Piazza,9.0356,38.7522,cereals and tubers,Wheat,KG,actual,Retail,ETB,60.30,0.4307,8,5,agent:6|user:2,published,waga-index-v1,snap_2026-07-25T06_v1
2026-05-06,Addis Ababa,Addis Ababa,Piazza,9.0356,38.7522,cereals and tubers,Maize,KG,actual,Retail,ETB,39.52,0.2823,6,4,agent:4|user:2,published,waga-index-v1,snap_2026-07-25T06_v1
2026-05-06,Addis Ababa,Addis Ababa,Piazza,9.0356,38.7522,vegetables and fruits,Onion,KG,actual,Retail,ETB,37.45,0.2675,7,5,agent:5|user:2,published,waga-index-v1,snap_2026-07-25T06_v1
2026-05-06,Addis Ababa,Addis Ababa,Piazza,9.0356,38.7522,oil and fats,Cooking oil,L,actual,Retail,ETB,162.71,1.1622,6,4,agent:4|user:2,published,waga-index-v1,snap_2026-07-25T06_v1
2026-05-07,Addis Ababa,Addis Ababa,Merkato,9.0341,38.7395,cereals and tubers,Teff (mixed),KG,actual,Retail,ETB,85.72,0.6123,8,5,agent:6|user:2,published,waga-index-v1,snap_2026-07-25T06_v1
2026-05-07,Addis Ababa,Addis Ababa,Merkato,9.0341,38.7395,cereals and tubers,Wheat,KG,actual,Retail,ETB,51.09,0.3649,4,3,agent:3|user:1,published,waga-index-v1,snap_2026-07-25T06_v1
2026-05-07,Addis Ababa,Addis Ababa,Merkato,9.0341,38.7395,cereals and tubers,Maize,KG,actual,Retail,ETB,34.79,0.2485,5,3,agent:4|user:1,published,waga-index-v1,snap_2026-07-25T06_v1
2026-05-07,Addis Ababa,Addis Ababa,Merkato,9.0341,38.7395,vegetables and fruits,Onion,KG,actual,Retail,ETB,33.26,0.2376,7,5,agent:5|user:2,published,waga-index-v1,snap_2026-07-25T06_v1
2026-05-07,Addis Ababa,Addis Ababa,Merkato,9.0341,38.7395,oil and fats,Cooking oil,L,actual,Retail,ETB,144.82,1.0344,3,2,agent:2|user:1,published,waga-index-v1,snap_2026-07-25T06_v1
2026-05-07,Addis Ababa,Addis Ababa,Ehil Berenda,9.0333,38.7389,cereals and tubers,Teff (mixed),KG,actual,Retail,ETB,79.78,0.5699,6,4,agent:4|user:2,published,waga-index-v1,snap_2026-07-25T06_v1
2026-05-07,Addis Ababa,Addis Ababa,Ehil Berenda,9.0333,38.7389,cereals and tubers,Wheat,KG,actual,Retail,ETB,55.86,0.3990,5,3,agent:4|user:1,published,waga-index-v1,snap_2026-07-25T06_v1
2026-05-07,Addis Ababa,Addis Ababa,Ehil Berenda,9.0333,38.7389,cereals and tubers,Maize,KG,actual,Retail,ETB,36.42,0.2601,5,3,agent:4|user:1,published,waga-index-v1,snap_2026-07-25T06_v1
2026-05-07,Addis Ababa,Addis Ababa,Ehil Berenda,9.0333,38.7389,vegetables and fruits,Onion,KG,actual,Retail,ETB,33.74,0.2410,5,3,agent:4|user:1,published,waga-index-v1,snap_2026-07-25T06_v1
2026-05-07,Addis Ababa,Addis Ababa,Ehil Berenda,9.0333,38.7389,oil and fats,Cooking oil,L,actual,Retail,ETB,147.13,1.0509,8,5,agent:6|user:2,published,waga-index-v1,snap_2026-07-25T06_v1
2026-05-07,Addis Ababa,Addis Ababa,Atikilt Tera,9.03,38.745,cereals and tubers,Teff (mixed),KG,actual,Retail,ETB,87.52,0.6251,8,5,agent:6|user:2,published,waga-index-v1,snap_2026-07-25T06_v1
2026-05-07,Addis Ababa,Addis Ababa,Atikilt Tera,9.03,38.745,cereals and tubers,Wheat,KG,actual,Retail,ETB,55.61,0.3972,3,2,agent:2|user:1,published,waga-index-v1,snap_2026-07-25T06_v1
2026-05-07,Addis Ababa,Addis Ababa,Atikilt Tera,9.03,38.745,cereals and tubers,Maize,KG,actual,Retail,ETB,36.73,0.2624,7,5,agent:5|user:2,published,waga-index-v1,snap_2026-07-25T06_v1
2026-05-07,Addis Ababa,Addis Ababa,Atikilt Tera,9.03,38.745,vegetables and fruits,Onion,KG,actual,Retail,ETB,30.48,0.2177,5,3,agent:4|user:1,published,waga-index-v1,snap_2026-07-25T06_v1
2026-05-07,Addis Ababa,Addis Ababa,Atikilt Tera,9.03,38.745,oil and fats,Cooking oil,L,actual,Retail,ETB,142.46,1.0176,4,3,agent:3|user:1,published,waga-index-v1,snap_2026-07-25T06_v1
2026-05-07,Addis Ababa,Addis Ababa,Asko,9.0489,38.6889,cereals and tubers,Teff (mixed),KG,actual,Retail,ETB,87.46,0.6247,5,3,agent:4|user:1,published,waga-index-v1,snap_2026-07-25T06_v1
2026-05-07,Addis Ababa,Addis Ababa,Asko,9.0489,38.6889,cereals and tubers,Wheat,KG,actual,Retail,ETB,56.42,0.4030,6,4,agent:4|user:2,published,waga-index-v1,snap_2026-07-25T06_v1
2026-05-07,Addis Ababa,Addis Ababa,Asko,9.0489,38.6889,cereals and tubers,Maize,KG,actual,Retail,ETB,37.15,0.2654,5,3,agent:4|user:1,published,waga-index-v1,snap_2026-07-25T06_v1
2026-05-07,Addis Ababa,Addis Ababa,Asko,9.0489,38.6889,vegetables and fruits,Onion,KG,actual,Retail,ETB,34.75,0.2482,9,6,agent:7|user:2,published,waga-index-v1,snap_2026-07-25T06_v1
2026-05-07,Addis Ababa,Addis Ababa,Asko,9.0489,38.6889,oil and fats,Cooking oil,L,actual,Retail,ETB,153.16,1.0940,6,4,agent:4|user:2,published,waga-index-v1,snap_2026-07-25T06_v1
2026-05-07,Addis Ababa,Addis Ababa,Saris,8.9797,38.7622,cereals and tubers,Teff (mixed),KG,actual,Retail,ETB,87.80,0.6271,8,5,agent:6|user:2,published,waga-index-v1,snap_2026-07-25T06_v1
2026-05-07,Addis Ababa,Addis Ababa,Saris,8.9797,38.7622,cereals and tubers,Wheat,KG,actual,Retail,ETB,56.41,0.4029,6,4,agent:4|user:2,published,waga-index-v1,snap_2026-07-25T06_v1
2026-05-07,Addis Ababa,Addis Ababa,Saris,8.9797,38.7622,cereals and tubers,Maize,KG,actual,Retail,ETB,37.72,0.2694,9,6,agent:7|user:2,published,waga-index-v1,snap_2026-07-25T06_v1
2026-05-07,Addis Ababa,Addis Ababa,Saris,8.9797,38.7622,vegetables and fruits,Onion,KG,actual,Retail,ETB,34.81,0.2486,4,3,agent:3|user:1,published,waga-index-v1,snap_2026-07-25T06_v1
2026-05-07,Addis Ababa,Addis Ababa,Saris,8.9797,38.7622,oil and fats,Cooking oil,L,actual,Retail,ETB,149.87,1.0705,5,3,agent:4|user:1,published,waga-index-v1,snap_2026-07-25T06_v1
2026-05-07,Addis Ababa,Addis Ababa,Akaki,8.8939,38.8069,cereals and tubers,Teff (mixed),KG,actual,Retail,ETB,,,1,1,agent:1,insufficient_data,waga-index-v1,snap_2026-07-25T06_v1
2026-05-07,Addis Ababa,Addis Ababa,Akaki,8.8939,38.8069,cereals and tubers,Wheat,KG,actual,Retail,ETB,58.35,0.4168,6,4,agent:4|user:2,published,waga-index-v1,snap_2026-07-25T06_v1
2026-05-07,Addis Ababa,Addis Ababa,Akaki,8.8939,38.8069,cereals and tubers,Maize,KG,actual,Retail,ETB,38.05,0.2718,9,6,agent:7|user:2,published,waga-index-v1,snap_2026-07-25T06_v1
2026-05-07,Addis Ababa,Addis Ababa,Akaki,8.8939,38.8069,vegetables and fruits,Onion,KG,actual,Retail,ETB,34.79,0.2485,7,5,agent:5|user:2,published,waga-index-v1,snap_2026-07-25T06_v1
2026-05-07,Addis Ababa,Addis Ababa,Akaki,8.8939,38.8069,oil and fats,Cooking oil,L,actual,Retail,ETB,154.02,1.1001,9,6,agent:7|user:2,published,waga-index-v1,snap_2026-07-25T06_v1
2026-05-07,Addis Ababa,Addis Ababa,Kera,8.9994,38.7481,cereals and tubers,Teff (mixed),KG,actual,Retail,ETB,92.23,0.6588,7,5,agent:5|user:2,published,waga-index-v1,snap_2026-07-25T06_v1
2026-05-07,Addis Ababa,Addis Ababa,Kera,8.9994,38.7481,cereals and tubers,Wheat,KG,actual,Retail,ETB,58.27,0.4162,7,5,agent:5|user:2,published,waga-index-v1,snap_2026-07-25T06_v1
2026-05-07,Addis Ababa,Addis Ababa,Kera,8.9994,38.7481,cereals and tubers,Maize,KG,actual,Retail,ETB,38.44,0.2746,3,2,agent:2|user:1,published,waga-index-v1,snap_2026-07-25T06_v1
2026-05-07,Addis Ababa,Addis Ababa,Kera,8.9994,38.7481,vegetables and fruits,Onion,KG,actual,Retail,ETB,36.07,0.2576,7,5,agent:5|user:2,published,waga-index-v1,snap_2026-07-25T06_v1
2026-05-07,Addis Ababa,Addis Ababa,Kera,8.9994,38.7481,oil and fats,Cooking oil,L,actual,Retail,ETB,160.24,1.1446,5,3,agent:4|user:1,published,waga-index-v1,snap_2026-07-25T06_v1
2026-05-07,Addis Ababa,Addis Ababa,Shola Gebeya,9.0244,38.7986,cereals and tubers,Teff (mixed),KG,actual,Retail,ETB,95.72,0.6837,6,4,agent:4|user:2,published,waga-index-v1,snap_2026-07-25T06_v1
2026-05-07,Addis Ababa,Addis Ababa,Shola Gebeya,9.0244,38.7986,cereals and tubers,Wheat,KG,actual,Retail,ETB,60.11,0.4294,9,6,agent:7|user:2,published,waga-index-v1,snap_2026-07-25T06_v1
2026-05-07,Addis Ababa,Addis Ababa,Shola Gebeya,9.0244,38.7986,cereals and tubers,Maize,KG,actual,Retail,ETB,39.64,0.2831,6,4,agent:4|user:2,published,waga-index-v1,snap_2026-07-25T06_v1
2026-05-07,Addis Ababa,Addis Ababa,Shola Gebeya,9.0244,38.7986,vegetables and fruits,Onion,KG,actual,Retail,ETB,38.10,0.2721,3,2,agent:2|user:1,published,waga-index-v1,snap_2026-07-25T06_v1
2026-05-07,Addis Ababa,Addis Ababa,Shola Gebeya,9.0244,38.7986,oil and fats,Cooking oil,L,actual,Retail,ETB,163.83,1.1702,7,5,agent:5|user:2,published,waga-index-v1,snap_2026-07-25T06_v1
2026-05-07,Addis Ababa,Addis Ababa,Piazza,9.0356,38.7522,cereals and tubers,Teff (mixed),KG,actual,Retail,ETB,99.33,0.7095,5,3,agent:4|user:1,published,waga-index-v1,snap_2026-07-25T06_v1
2026-05-07,Addis Ababa,Addis Ababa,Piazza,9.0356,38.7522,cereals and tubers,Wheat,KG,actual,Retail,ETB,60.64,0.4331,9,6,agent:7|user:2,published,waga-index-v1,snap_2026-07-25T06_v1
2026-05-07,Addis Ababa,Addis Ababa,Piazza,9.0356,38.7522,cereals and tubers,Maize,KG,actual,Retail,ETB,39.32,0.2809,5,3,agent:4|user:1,published,waga-index-v1,snap_2026-07-25T06_v1
2026-05-07,Addis Ababa,Addis Ababa,Piazza,9.0356,38.7522,vegetables and fruits,Onion,KG,actual,Retail,ETB,37.30,0.2664,5,3,agent:4|user:1,published,waga-index-v1,snap_2026-07-25T06_v1
2026-05-07,Addis Ababa,Addis Ababa,Piazza,9.0356,38.7522,oil and fats,Cooking oil,L,actual,Retail,ETB,161.88,1.1563,7,5,agent:5|user:2,published,waga-index-v1,snap_2026-07-25T06_v1
2026-05-08,Addis Ababa,Addis Ababa,Merkato,9.0341,38.7395,cereals and tubers,Teff (mixed),KG,actual,Retail,ETB,85.84,0.6131,4,3,agent:3|user:1,published,waga-index-v1,snap_2026-07-25T06_v1
2026-05-08,Addis Ababa,Addis Ababa,Merkato,9.0341,38.7395,cereals and tubers,Wheat,KG,actual,Retail,ETB,51.40,0.3671,4,3,agent:3|user:1,published,waga-index-v1,snap_2026-07-25T06_v1
2026-05-08,Addis Ababa,Addis Ababa,Merkato,9.0341,38.7395,cereals and tubers,Maize,KG,actual,Retail,ETB,34.66,0.2476,9,6,agent:7|user:2,published,waga-index-v1,snap_2026-07-25T06_v1
2026-05-08,Addis Ababa,Addis Ababa,Merkato,9.0341,38.7395,vegetables and fruits,Onion,KG,actual,Retail,ETB,33.46,0.2390,7,5,agent:5|user:2,published,waga-index-v1,snap_2026-07-25T06_v1
2026-05-08,Addis Ababa,Addis Ababa,Merkato,9.0341,38.7395,oil and fats,Cooking oil,L,actual,Retail,ETB,146.26,1.0447,8,5,agent:6|user:2,published,waga-index-v1,snap_2026-07-25T06_v1
2026-05-08,Addis Ababa,Addis Ababa,Ehil Berenda,9.0333,38.7389,cereals and tubers,Teff (mixed),KG,actual,Retail,ETB,80.25,0.5732,5,3,agent:4|user:1,published,waga-index-v1,snap_2026-07-25T06_v1
2026-05-08,Addis Ababa,Addis Ababa,Ehil Berenda,9.0333,38.7389,cereals and tubers,Wheat,KG,actual,Retail,ETB,55.19,0.3942,6,4,agent:4|user:2,published,waga-index-v1,snap_2026-07-25T06_v1
2026-05-08,Addis Ababa,Addis Ababa,Ehil Berenda,9.0333,38.7389,cereals and tubers,Maize,KG,actual,Retail,ETB,36.40,0.2600,9,6,agent:7|user:2,published,waga-index-v1,snap_2026-07-25T06_v1
2026-05-08,Addis Ababa,Addis Ababa,Ehil Berenda,9.0333,38.7389,vegetables and fruits,Onion,KG,actual,Retail,ETB,,,0,0,,insufficient_data,waga-index-v1,snap_2026-07-25T06_v1
2026-05-08,Addis Ababa,Addis Ababa,Ehil Berenda,9.0333,38.7389,oil and fats,Cooking oil,L,actual,Retail,ETB,146.60,1.0471,5,3,agent:4|user:1,published,waga-index-v1,snap_2026-07-25T06_v1
2026-05-08,Addis Ababa,Addis Ababa,Atikilt Tera,9.03,38.745,cereals and tubers,Teff (mixed),KG,actual,Retail,ETB,88.58,0.6327,5,3,agent:4|user:1,published,waga-index-v1,snap_2026-07-25T06_v1
2026-05-08,Addis Ababa,Addis Ababa,Atikilt Tera,9.03,38.745,cereals and tubers,Wheat,KG,actual,Retail,ETB,55.00,0.3929,4,3,agent:3|user:1,published,waga-index-v1,snap_2026-07-25T06_v1
2026-05-08,Addis Ababa,Addis Ababa,Atikilt Tera,9.03,38.745,cereals and tubers,Maize,KG,actual,Retail,ETB,36.91,0.2636,8,5,agent:6|user:2,published,waga-index-v1,snap_2026-07-25T06_v1
2026-05-08,Addis Ababa,Addis Ababa,Atikilt Tera,9.03,38.745,vegetables and fruits,Onion,KG,actual,Retail,ETB,31.12,0.2223,3,2,agent:2|user:1,published,waga-index-v1,snap_2026-07-25T06_v1
2026-05-08,Addis Ababa,Addis Ababa,Atikilt Tera,9.03,38.745,oil and fats,Cooking oil,L,actual,Retail,ETB,141.69,1.0121,7,5,agent:5|user:2,published,waga-index-v1,snap_2026-07-25T06_v1
2026-05-08,Addis Ababa,Addis Ababa,Asko,9.0489,38.6889,cereals and tubers,Teff (mixed),KG,actual,Retail,ETB,,,2,2,agent:2,insufficient_data,waga-index-v1,snap_2026-07-25T06_v1
2026-05-08,Addis Ababa,Addis Ababa,Asko,9.0489,38.6889,cereals and tubers,Wheat,KG,actual,Retail,ETB,57.15,0.4082,8,5,agent:6|user:2,published,waga-index-v1,snap_2026-07-25T06_v1
2026-05-08,Addis Ababa,Addis Ababa,Asko,9.0489,38.6889,cereals and tubers,Maize,KG,actual,Retail,ETB,37.27,0.2662,8,5,agent:6|user:2,published,waga-index-v1,snap_2026-07-25T06_v1
2026-05-08,Addis Ababa,Addis Ababa,Asko,9.0489,38.6889,vegetables and fruits,Onion,KG,actual,Retail,ETB,35.22,0.2516,7,5,agent:5|user:2,published,waga-index-v1,snap_2026-07-25T06_v1
2026-05-08,Addis Ababa,Addis Ababa,Asko,9.0489,38.6889,oil and fats,Cooking oil,L,actual,Retail,ETB,154.92,1.1066,7,5,agent:5|user:2,published,waga-index-v1,snap_2026-07-25T06_v1
2026-05-08,Addis Ababa,Addis Ababa,Saris,8.9797,38.7622,cereals and tubers,Teff (mixed),KG,actual,Retail,ETB,89.40,0.6386,4,3,agent:3|user:1,published,waga-index-v1,snap_2026-07-25T06_v1
2026-05-08,Addis Ababa,Addis Ababa,Saris,8.9797,38.7622,cereals and tubers,Wheat,KG,actual,Retail,ETB,56.69,0.4049,6,4,agent:4|user:2,published,waga-index-v1,snap_2026-07-25T06_v1
2026-05-08,Addis Ababa,Addis Ababa,Saris,8.9797,38.7622,cereals and tubers,Maize,KG,actual,Retail,ETB,38.06,0.2719,4,3,agent:3|user:1,published,waga-index-v1,snap_2026-07-25T06_v1
2026-05-08,Addis Ababa,Addis Ababa,Saris,8.9797,38.7622,vegetables and fruits,Onion,KG,actual,Retail,ETB,34.72,0.2480,3,2,agent:2|user:1,published,waga-index-v1,snap_2026-07-25T06_v1
2026-05-08,Addis Ababa,Addis Ababa,Saris,8.9797,38.7622,oil and fats,Cooking oil,L,actual,Retail,ETB,152.45,1.0889,3,2,agent:2|user:1,published,waga-index-v1,snap_2026-07-25T06_v1
2026-05-08,Addis Ababa,Addis Ababa,Akaki,8.8939,38.8069,cereals and tubers,Teff (mixed),KG,actual,Retail,ETB,91.75,0.6554,5,3,agent:4|user:1,published,waga-index-v1,snap_2026-07-25T06_v1
2026-05-08,Addis Ababa,Addis Ababa,Akaki,8.8939,38.8069,cereals and tubers,Wheat,KG,actual,Retail,ETB,58.50,0.4179,9,6,agent:7|user:2,published,waga-index-v1,snap_2026-07-25T06_v1
2026-05-08,Addis Ababa,Addis Ababa,Akaki,8.8939,38.8069,cereals and tubers,Maize,KG,actual,Retail,ETB,38.05,0.2718,7,5,agent:5|user:2,published,waga-index-v1,snap_2026-07-25T06_v1
2026-05-08,Addis Ababa,Addis Ababa,Akaki,8.8939,38.8069,vegetables and fruits,Onion,KG,actual,Retail,ETB,34.83,0.2488,3,2,agent:2|user:1,published,waga-index-v1,snap_2026-07-25T06_v1
2026-05-08,Addis Ababa,Addis Ababa,Akaki,8.8939,38.8069,oil and fats,Cooking oil,L,actual,Retail,ETB,155.35,1.1096,5,3,agent:4|user:1,published,waga-index-v1,snap_2026-07-25T06_v1
2026-05-08,Addis Ababa,Addis Ababa,Kera,8.9994,38.7481,cereals and tubers,Teff (mixed),KG,actual,Retail,ETB,92.76,0.6626,8,5,agent:6|user:2,published,waga-index-v1,snap_2026-07-25T06_v1
2026-05-08,Addis Ababa,Addis Ababa,Kera,8.9994,38.7481,cereals and tubers,Wheat,KG,actual,Retail,ETB,58.81,0.4201,9,6,agent:7|user:2,published,waga-index-v1,snap_2026-07-25T06_v1
2026-05-08,Addis Ababa,Addis Ababa,Kera,8.9994,38.7481,cereals and tubers,Maize,KG,actual,Retail,ETB,,,2,2,agent:2,insufficient_data,waga-index-v1,snap_2026-07-25T06_v1
2026-05-08,Addis Ababa,Addis Ababa,Kera,8.9994,38.7481,vegetables and fruits,Onion,KG,actual,Retail,ETB,35.90,0.2564,4,3,agent:3|user:1,published,waga-index-v1,snap_2026-07-25T06_v1
2026-05-08,Addis Ababa,Addis Ababa,Kera,8.9994,38.7481,oil and fats,Cooking oil,L,actual,Retail,ETB,159.00,1.1357,3,2,agent:2|user:1,published,waga-index-v1,snap_2026-07-25T06_v1
2026-05-08,Addis Ababa,Addis Ababa,Shola Gebeya,9.0244,38.7986,cereals and tubers,Teff (mixed),KG,actual,Retail,ETB,95.17,0.6798,9,6,agent:7|user:2,published,waga-index-v1,snap_2026-07-25T06_v1
2026-05-08,Addis Ababa,Addis Ababa,Shola Gebeya,9.0244,38.7986,cereals and tubers,Wheat,KG,actual,Retail,ETB,60.48,0.4320,4,3,agent:3|user:1,published,waga-index-v1,snap_2026-07-25T06_v1
2026-05-08,Addis Ababa,Addis Ababa,Shola Gebeya,9.0244,38.7986,cereals and tubers,Maize,KG,actual,Retail,ETB,39.25,0.2804,9,6,agent:7|user:2,published,waga-index-v1,snap_2026-07-25T06_v1
2026-05-08,Addis Ababa,Addis Ababa,Shola Gebeya,9.0244,38.7986,vegetables and fruits,Onion,KG,actual,Retail,ETB,38.42,0.2744,3,2,agent:2|user:1,published,waga-index-v1,snap_2026-07-25T06_v1
2026-05-08,Addis Ababa,Addis Ababa,Shola Gebeya,9.0244,38.7986,oil and fats,Cooking oil,L,actual,Retail,ETB,164.19,1.1728,8,5,agent:6|user:2,published,waga-index-v1,snap_2026-07-25T06_v1
2026-05-08,Addis Ababa,Addis Ababa,Piazza,9.0356,38.7522,cereals and tubers,Teff (mixed),KG,actual,Retail,ETB,99.72,0.7123,7,5,agent:5|user:2,published,waga-index-v1,snap_2026-07-25T06_v1
2026-05-08,Addis Ababa,Addis Ababa,Piazza,9.0356,38.7522,cereals and tubers,Wheat,KG,actual,Retail,ETB,61.03,0.4359,3,2,agent:2|user:1,published,waga-index-v1,snap_2026-07-25T06_v1
2026-05-08,Addis Ababa,Addis Ababa,Piazza,9.0356,38.7522,cereals and tubers,Maize,KG,actual,Retail,ETB,40.03,0.2859,8,5,agent:6|user:2,published,waga-index-v1,snap_2026-07-25T06_v1
2026-05-08,Addis Ababa,Addis Ababa,Piazza,9.0356,38.7522,vegetables and fruits,Onion,KG,actual,Retail,ETB,37.83,0.2702,9,6,agent:7|user:2,published,waga-index-v1,snap_2026-07-25T06_v1
2026-05-08,Addis Ababa,Addis Ababa,Piazza,9.0356,38.7522,oil and fats,Cooking oil,L,actual,Retail,ETB,163.77,1.1698,9,6,agent:7|user:2,published,waga-index-v1,snap_2026-07-25T06_v1
2026-05-09,Addis Ababa,Addis Ababa,Merkato,9.0341,38.7395,cereals and tubers,Teff (mixed),KG,actual,Retail,ETB,86.15,0.6154,3,2,agent:2|user:1,published,waga-index-v1,snap_2026-07-25T06_v1
2026-05-09,Addis Ababa,Addis Ababa,Merkato,9.0341,38.7395,cereals and tubers,Wheat,KG,actual,Retail,ETB,50.94,0.3639,5,3,agent:4|user:1,published,waga-index-v1,snap_2026-07-25T06_v1
2026-05-09,Addis Ababa,Addis Ababa,Merkato,9.0341,38.7395,cereals and tubers,Maize,KG,actual,Retail,ETB,34.32,0.2451,6,4,agent:4|user:2,published,waga-index-v1,snap_2026-07-25T06_v1
2026-05-09,Addis Ababa,Addis Ababa,Merkato,9.0341,38.7395,vegetables and fruits,Onion,KG,actual,Retail,ETB,33.90,0.2421,3,2,agent:2|user:1,published,waga-index-v1,snap_2026-07-25T06_v1
2026-05-09,Addis Ababa,Addis Ababa,Merkato,9.0341,38.7395,oil and fats,Cooking oil,L,actual,Retail,ETB,145.59,1.0399,9,6,agent:7|user:2,published,waga-index-v1,snap_2026-07-25T06_v1
2026-05-09,Addis Ababa,Addis Ababa,Ehil Berenda,9.0333,38.7389,cereals and tubers,Teff (mixed),KG,actual,Retail,ETB,79.61,0.5686,7,5,agent:5|user:2,published,waga-index-v1,snap_2026-07-25T06_v1
2026-05-09,Addis Ababa,Addis Ababa,Ehil Berenda,9.0333,38.7389,cereals and tubers,Wheat,KG,actual,Retail,ETB,55.14,0.3939,5,3,agent:4|user:1,published,waga-index-v1,snap_2026-07-25T06_v1
2026-05-09,Addis Ababa,Addis Ababa,Ehil Berenda,9.0333,38.7389,cereals and tubers,Maize,KG,actual,Retail,ETB,36.37,0.2598,8,5,agent:6|user:2,published,waga-index-v1,snap_2026-07-25T06_v1
2026-05-09,Addis Ababa,Addis Ababa,Ehil Berenda,9.0333,38.7389,vegetables and fruits,Onion,KG,actual,Retail,ETB,33.65,0.2404,5,3,agent:4|user:1,published,waga-index-v1,snap_2026-07-25T06_v1
2026-05-09,Addis Ababa,Addis Ababa,Ehil Berenda,9.0333,38.7389,oil and fats,Cooking oil,L,actual,Retail,ETB,147.20,1.0514,8,5,agent:6|user:2,published,waga-index-v1,snap_2026-07-25T06_v1
2026-05-09,Addis Ababa,Addis Ababa,Atikilt Tera,9.03,38.745,cereals and tubers,Teff (mixed),KG,actual,Retail,ETB,87.74,0.6267,8,5,agent:6|user:2,published,waga-index-v1,snap_2026-07-25T06_v1
2026-05-09,Addis Ababa,Addis Ababa,Atikilt Tera,9.03,38.745,cereals and tubers,Wheat,KG,actual,Retail,ETB,54.84,0.3917,9,6,agent:7|user:2,published,waga-index-v1,snap_2026-07-25T06_v1
2026-05-09,Addis Ababa,Addis Ababa,Atikilt Tera,9.03,38.745,cereals and tubers,Maize,KG,actual,Retail,ETB,37.23,0.2659,9,6,agent:7|user:2,published,waga-index-v1,snap_2026-07-25T06_v1
2026-05-09,Addis Ababa,Addis Ababa,Atikilt Tera,9.03,38.745,vegetables and fruits,Onion,KG,actual,Retail,ETB,31.50,0.2250,3,2,agent:2|user:1,published,waga-index-v1,snap_2026-07-25T06_v1
2026-05-09,Addis Ababa,Addis Ababa,Atikilt Tera,9.03,38.745,oil and fats,Cooking oil,L,actual,Retail,ETB,140.32,1.0023,4,3,agent:3|user:1,published,waga-index-v1,snap_2026-07-25T06_v1
2026-05-09,Addis Ababa,Addis Ababa,Asko,9.0489,38.6889,cereals and tubers,Teff (mixed),KG,actual,Retail,ETB,88.38,0.6313,7,5,agent:5|user:2,published,waga-index-v1,snap_2026-07-25T06_v1
2026-05-09,Addis Ababa,Addis Ababa,Asko,9.0489,38.6889,cereals and tubers,Wheat,KG,actual,Retail,ETB,57.02,0.4073,8,5,agent:6|user:2,published,waga-index-v1,snap_2026-07-25T06_v1
2026-05-09,Addis Ababa,Addis Ababa,Asko,9.0489,38.6889,cereals and tubers,Maize,KG,actual,Retail,ETB,36.82,0.2630,9,6,agent:7|user:2,published,waga-index-v1,snap_2026-07-25T06_v1
2026-05-09,Addis Ababa,Addis Ababa,Asko,9.0489,38.6889,vegetables and fruits,Onion,KG,actual,Retail,ETB,34.93,0.2495,8,5,agent:6|user:2,published,waga-index-v1,snap_2026-07-25T06_v1
2026-05-09,Addis Ababa,Addis Ababa,Asko,9.0489,38.6889,oil and fats,Cooking oil,L,actual,Retail,ETB,,,2,2,agent:2,insufficient_data,waga-index-v1,snap_2026-07-25T06_v1
2026-05-09,Addis Ababa,Addis Ababa,Saris,8.9797,38.7622,cereals and tubers,Teff (mixed),KG,actual,Retail,ETB,89.41,0.6386,3,2,agent:2|user:1,published,waga-index-v1,snap_2026-07-25T06_v1
2026-05-09,Addis Ababa,Addis Ababa,Saris,8.9797,38.7622,cereals and tubers,Wheat,KG,actual,Retail,ETB,56.76,0.4054,9,6,agent:7|user:2,published,waga-index-v1,snap_2026-07-25T06_v1
2026-05-09,Addis Ababa,Addis Ababa,Saris,8.9797,38.7622,cereals and tubers,Maize,KG,actual,Retail,ETB,38.01,0.2715,7,5,agent:5|user:2,published,waga-index-v1,snap_2026-07-25T06_v1
2026-05-09,Addis Ababa,Addis Ababa,Saris,8.9797,38.7622,vegetables and fruits,Onion,KG,actual,Retail,ETB,34.86,0.2490,8,5,agent:6|user:2,published,waga-index-v1,snap_2026-07-25T06_v1
2026-05-09,Addis Ababa,Addis Ababa,Saris,8.9797,38.7622,oil and fats,Cooking oil,L,actual,Retail,ETB,,,1,1,agent:1,insufficient_data,waga-index-v1,snap_2026-07-25T06_v1
2026-05-09,Addis Ababa,Addis Ababa,Akaki,8.8939,38.8069,cereals and tubers,Teff (mixed),KG,actual,Retail,ETB,91.69,0.6549,3,2,agent:2|user:1,published,waga-index-v1,snap_2026-07-25T06_v1
2026-05-09,Addis Ababa,Addis Ababa,Akaki,8.8939,38.8069,cereals and tubers,Wheat,KG,actual,Retail,ETB,58.08,0.4149,4,3,agent:3|user:1,published,waga-index-v1,snap_2026-07-25T06_v1
2026-05-09,Addis Ababa,Addis Ababa,Akaki,8.8939,38.8069,cereals and tubers,Maize,KG,actual,Retail,ETB,38.17,0.2726,8,5,agent:6|user:2,published,waga-index-v1,snap_2026-07-25T06_v1
2026-05-09,Addis Ababa,Addis Ababa,Akaki,8.8939,38.8069,vegetables and fruits,Onion,KG,actual,Retail,ETB,34.99,0.2499,8,5,agent:6|user:2,published,waga-index-v1,snap_2026-07-25T06_v1
2026-05-09,Addis Ababa,Addis Ababa,Akaki,8.8939,38.8069,oil and fats,Cooking oil,L,actual,Retail,ETB,155.69,1.1121,5,3,agent:4|user:1,published,waga-index-v1,snap_2026-07-25T06_v1
2026-05-09,Addis Ababa,Addis Ababa,Kera,8.9994,38.7481,cereals and tubers,Teff (mixed),KG,actual,Retail,ETB,91.81,0.6558,4,3,agent:3|user:1,published,waga-index-v1,snap_2026-07-25T06_v1
2026-05-09,Addis Ababa,Addis Ababa,Kera,8.9994,38.7481,cereals and tubers,Wheat,KG,actual,Retail,ETB,58.22,0.4159,4,3,agent:3|user:1,published,waga-index-v1,snap_2026-07-25T06_v1
2026-05-09,Addis Ababa,Addis Ababa,Kera,8.9994,38.7481,cereals and tubers,Maize,KG,actual,Retail,ETB,38.94,0.2781,5,3,agent:4|user:1,published,waga-index-v1,snap_2026-07-25T06_v1
2026-05-09,Addis Ababa,Addis Ababa,Kera,8.9994,38.7481,vegetables and fruits,Onion,KG,actual,Retail,ETB,,,1,1,agent:1,insufficient_data,waga-index-v1,snap_2026-07-25T06_v1
2026-05-09,Addis Ababa,Addis Ababa,Kera,8.9994,38.7481,oil and fats,Cooking oil,L,actual,Retail,ETB,158.84,1.1346,4,3,agent:3|user:1,published,waga-index-v1,snap_2026-07-25T06_v1
2026-05-09,Addis Ababa,Addis Ababa,Shola Gebeya,9.0244,38.7986,cereals and tubers,Teff (mixed),KG,actual,Retail,ETB,94.38,0.6741,9,6,agent:7|user:2,published,waga-index-v1,snap_2026-07-25T06_v1
2026-05-09,Addis Ababa,Addis Ababa,Shola Gebeya,9.0244,38.7986,cereals and tubers,Wheat,KG,actual,Retail,ETB,60.74,0.4339,5,3,agent:4|user:1,published,waga-index-v1,snap_2026-07-25T06_v1
2026-05-09,Addis Ababa,Addis Ababa,Shola Gebeya,9.0244,38.7986,cereals and tubers,Maize,KG,actual,Retail,ETB,39.11,0.2794,3,2,agent:2|user:1,published,waga-index-v1,snap_2026-07-25T06_v1
2026-05-09,Addis Ababa,Addis Ababa,Shola Gebeya,9.0244,38.7986,vegetables and fruits,Onion,KG,actual,Retail,ETB,38.42,0.2744,4,3,agent:3|user:1,published,waga-index-v1,snap_2026-07-25T06_v1
2026-05-09,Addis Ababa,Addis Ababa,Shola Gebeya,9.0244,38.7986,oil and fats,Cooking oil,L,actual,Retail,ETB,163.81,1.1701,7,5,agent:5|user:2,published,waga-index-v1,snap_2026-07-25T06_v1
2026-05-09,Addis Ababa,Addis Ababa,Piazza,9.0356,38.7522,cereals and tubers,Teff (mixed),KG,actual,Retail,ETB,100.04,0.7146,9,6,agent:7|user:2,published,waga-index-v1,snap_2026-07-25T06_v1
2026-05-09,Addis Ababa,Addis Ababa,Piazza,9.0356,38.7522,cereals and tubers,Wheat,KG,actual,Retail,ETB,60.79,0.4342,9,6,agent:7|user:2,published,waga-index-v1,snap_2026-07-25T06_v1
2026-05-09,Addis Ababa,Addis Ababa,Piazza,9.0356,38.7522,cereals and tubers,Maize,KG,actual,Retail,ETB,40.91,0.2922,7,5,agent:5|user:2,published,waga-index-v1,snap_2026-07-25T06_v1
2026-05-09,Addis Ababa,Addis Ababa,Piazza,9.0356,38.7522,vegetables and fruits,Onion,KG,actual,Retail,ETB,37.74,0.2696,5,3,agent:4|user:1,published,waga-index-v1,snap_2026-07-25T06_v1
2026-05-09,Addis Ababa,Addis Ababa,Piazza,9.0356,38.7522,oil and fats,Cooking oil,L,actual,Retail,ETB,165.00,1.1786,5,3,agent:4|user:1,published,waga-index-v1,snap_2026-07-25T06_v1
2026-05-10,Addis Ababa,Addis Ababa,Merkato,9.0341,38.7395,cereals and tubers,Teff (mixed),KG,actual,Retail,ETB,85.99,0.6142,9,6,agent:7|user:2,published,waga-index-v1,snap_2026-07-25T06_v1
2026-05-10,Addis Ababa,Addis Ababa,Merkato,9.0341,38.7395,cereals and tubers,Wheat,KG,actual,Retail,ETB,50.99,0.3642,3,2,agent:2|user:1,published,waga-index-v1,snap_2026-07-25T06_v1
2026-05-10,Addis Ababa,Addis Ababa,Merkato,9.0341,38.7395,cereals and tubers,Maize,KG,actual,Retail,ETB,34.40,0.2457,5,3,agent:4|user:1,published,waga-index-v1,snap_2026-07-25T06_v1
2026-05-10,Addis Ababa,Addis Ababa,Merkato,9.0341,38.7395,vegetables and fruits,Onion,KG,actual,Retail,ETB,33.86,0.2419,5,3,agent:4|user:1,published,waga-index-v1,snap_2026-07-25T06_v1
2026-05-10,Addis Ababa,Addis Ababa,Merkato,9.0341,38.7395,oil and fats,Cooking oil,L,actual,Retail,ETB,147.80,1.0557,4,3,agent:3|user:1,published,waga-index-v1,snap_2026-07-25T06_v1
2026-05-10,Addis Ababa,Addis Ababa,Ehil Berenda,9.0333,38.7389,cereals and tubers,Teff (mixed),KG,actual,Retail,ETB,80.19,0.5728,5,3,agent:4|user:1,published,waga-index-v1,snap_2026-07-25T06_v1
2026-05-10,Addis Ababa,Addis Ababa,Ehil Berenda,9.0333,38.7389,cereals and tubers,Wheat,KG,actual,Retail,ETB,55.18,0.3941,7,5,agent:5|user:2,published,waga-index-v1,snap_2026-07-25T06_v1
2026-05-10,Addis Ababa,Addis Ababa,Ehil Berenda,9.0333,38.7389,cereals and tubers,Maize,KG,actual,Retail,ETB,,,0,0,,insufficient_data,waga-index-v1,snap_2026-07-25T06_v1
2026-05-10,Addis Ababa,Addis Ababa,Ehil Berenda,9.0333,38.7389,vegetables and fruits,Onion,KG,actual,Retail,ETB,33.93,0.2424,7,5,agent:5|user:2,published,waga-index-v1,snap_2026-07-25T06_v1
2026-05-10,Addis Ababa,Addis Ababa,Ehil Berenda,9.0333,38.7389,oil and fats,Cooking oil,L,actual,Retail,ETB,148.29,1.0592,9,6,agent:7|user:2,published,waga-index-v1,snap_2026-07-25T06_v1
2026-05-10,Addis Ababa,Addis Ababa,Atikilt Tera,9.03,38.745,cereals and tubers,Teff (mixed),KG,actual,Retail,ETB,88.64,0.6331,5,3,agent:4|user:1,published,waga-index-v1,snap_2026-07-25T06_v1
2026-05-10,Addis Ababa,Addis Ababa,Atikilt Tera,9.03,38.745,cereals and tubers,Wheat,KG,actual,Retail,ETB,55.29,0.3949,6,4,agent:4|user:2,published,waga-index-v1,snap_2026-07-25T06_v1
2026-05-10,Addis Ababa,Addis Ababa,Atikilt Tera,9.03,38.745,cereals and tubers,Maize,KG,actual,Retail,ETB,37.07,0.2648,7,5,agent:5|user:2,published,waga-index-v1,snap_2026-07-25T06_v1
2026-05-10,Addis Ababa,Addis Ababa,Atikilt Tera,9.03,38.745,vegetables and fruits,Onion,KG,actual,Retail,ETB,31.53,0.2252,7,5,agent:5|user:2,published,waga-index-v1,snap_2026-07-25T06_v1
2026-05-10,Addis Ababa,Addis Ababa,Atikilt Tera,9.03,38.745,oil and fats,Cooking oil,L,actual,Retail,ETB,140.87,1.0062,7,5,agent:5|user:2,published,waga-index-v1,snap_2026-07-25T06_v1
2026-05-10,Addis Ababa,Addis Ababa,Asko,9.0489,38.6889,cereals and tubers,Teff (mixed),KG,actual,Retail,ETB,88.28,0.6306,7,5,agent:5|user:2,published,waga-index-v1,snap_2026-07-25T06_v1
2026-05-10,Addis Ababa,Addis Ababa,Asko,9.0489,38.6889,cereals and tubers,Wheat,KG,actual,Retail,ETB,56.81,0.4058,6,4,agent:4|user:2,published,waga-index-v1,snap_2026-07-25T06_v1
2026-05-10,Addis Ababa,Addis Ababa,Asko,9.0489,38.6889,cereals and tubers,Maize,KG,actual,Retail,ETB,37.04,0.2646,3,2,agent:2|user:1,published,waga-index-v1,snap_2026-07-25T06_v1
2026-05-10,Addis Ababa,Addis Ababa,Asko,9.0489,38.6889,vegetables and fruits,Onion,KG,actual,Retail,ETB,35.41,0.2529,5,3,agent:4|user:1,published,waga-index-v1,snap_2026-07-25T06_v1
2026-05-10,Addis Ababa,Addis Ababa,Asko,9.0489,38.6889,oil and fats,Cooking oil,L,actual,Retail,ETB,152.61,1.0901,8,5,agent:6|user:2,published,waga-index-v1,snap_2026-07-25T06_v1
2026-05-10,Addis Ababa,Addis Ababa,Saris,8.9797,38.7622,cereals and tubers,Teff (mixed),KG,actual,Retail,ETB,88.58,0.6327,9,6,agent:7|user:2,published,waga-index-v1,snap_2026-07-25T06_v1
2026-05-10,Addis Ababa,Addis Ababa,Saris,8.9797,38.7622,cereals and tubers,Wheat,KG,actual,Retail,ETB,56.64,0.4046,5,3,agent:4|user:1,published,waga-index-v1,snap_2026-07-25T06_v1
2026-05-10,Addis Ababa,Addis Ababa,Saris,8.9797,38.7622,cereals and tubers,Maize,KG,actual,Retail,ETB,37.52,0.2680,5,3,agent:4|user:1,published,waga-index-v1,snap_2026-07-25T06_v1
2026-05-10,Addis Ababa,Addis Ababa,Saris,8.9797,38.7622,vegetables and fruits,Onion,KG,actual,Retail,ETB,,,1,1,agent:1,insufficient_data,waga-index-v1,snap_2026-07-25T06_v1
2026-05-10,Addis Ababa,Addis Ababa,Saris,8.9797,38.7622,oil and fats,Cooking oil,L,actual,Retail,ETB,152.09,1.0864,7,5,agent:5|user:2,published,waga-index-v1,snap_2026-07-25T06_v1
2026-05-10,Addis Ababa,Addis Ababa,Akaki,8.8939,38.8069,cereals and tubers,Teff (mixed),KG,actual,Retail,ETB,89.95,0.6425,9,6,agent:7|user:2,published,waga-index-v1,snap_2026-07-25T06_v1
2026-05-10,Addis Ababa,Addis Ababa,Akaki,8.8939,38.8069,cereals and tubers,Wheat,KG,actual,Retail,ETB,58.87,0.4205,5,3,agent:4|user:1,published,waga-index-v1,snap_2026-07-25T06_v1
2026-05-10,Addis Ababa,Addis Ababa,Akaki,8.8939,38.8069,cereals and tubers,Maize,KG,actual,Retail,ETB,38.59,0.2756,9,6,agent:7|user:2,published,waga-index-v1,snap_2026-07-25T06_v1
2026-05-10,Addis Ababa,Addis Ababa,Akaki,8.8939,38.8069,vegetables and fruits,Onion,KG,actual,Retail,ETB,35.43,0.2531,8,5,agent:6|user:2,published,waga-index-v1,snap_2026-07-25T06_v1
2026-05-10,Addis Ababa,Addis Ababa,Akaki,8.8939,38.8069,oil and fats,Cooking oil,L,actual,Retail,ETB,155.37,1.1098,5,3,agent:4|user:1,published,waga-index-v1,snap_2026-07-25T06_v1
2026-05-10,Addis Ababa,Addis Ababa,Kera,8.9994,38.7481,cereals and tubers,Teff (mixed),KG,actual,Retail,ETB,91.62,0.6544,9,6,agent:7|user:2,published,waga-index-v1,snap_2026-07-25T06_v1
2026-05-10,Addis Ababa,Addis Ababa,Kera,8.9994,38.7481,cereals and tubers,Wheat,KG,actual,Retail,ETB,58.44,0.4174,9,6,agent:7|user:2,published,waga-index-v1,snap_2026-07-25T06_v1
2026-05-10,Addis Ababa,Addis Ababa,Kera,8.9994,38.7481,cereals and tubers,Maize,KG,actual,Retail,ETB,39.24,0.2803,9,6,agent:7|user:2,published,waga-index-v1,snap_2026-07-25T06_v1
2026-05-10,Addis Ababa,Addis Ababa,Kera,8.9994,38.7481,vegetables and fruits,Onion,KG,actual,Retail,ETB,35.72,0.2551,3,2,agent:2|user:1,published,waga-index-v1,snap_2026-07-25T06_v1
2026-05-10,Addis Ababa,Addis Ababa,Kera,8.9994,38.7481,oil and fats,Cooking oil,L,actual,Retail,ETB,159.39,1.1385,5,3,agent:4|user:1,published,waga-index-v1,snap_2026-07-25T06_v1
2026-05-10,Addis Ababa,Addis Ababa,Shola Gebeya,9.0244,38.7986,cereals and tubers,Teff (mixed),KG,actual,Retail,ETB,94.77,0.6769,5,3,agent:4|user:1,published,waga-index-v1,snap_2026-07-25T06_v1
2026-05-10,Addis Ababa,Addis Ababa,Shola Gebeya,9.0244,38.7986,cereals and tubers,Wheat,KG,actual,Retail,ETB,60.31,0.4308,6,4,agent:4|user:2,published,waga-index-v1,snap_2026-07-25T06_v1
2026-05-10,Addis Ababa,Addis Ababa,Shola Gebeya,9.0244,38.7986,cereals and tubers,Maize,KG,actual,Retail,ETB,38.92,0.2780,3,2,agent:2|user:1,published,waga-index-v1,snap_2026-07-25T06_v1
2026-05-10,Addis Ababa,Addis Ababa,Shola Gebeya,9.0244,38.7986,vegetables and fruits,Onion,KG,actual,Retail,ETB,38.07,0.2719,8,5,agent:6|user:2,published,waga-index-v1,snap_2026-07-25T06_v1
2026-05-10,Addis Ababa,Addis Ababa,Shola Gebeya,9.0244,38.7986,oil and fats,Cooking oil,L,actual,Retail,ETB,161.36,1.1526,5,3,agent:4|user:1,published,waga-index-v1,snap_2026-07-25T06_v1
2026-05-10,Addis Ababa,Addis Ababa,Piazza,9.0356,38.7522,cereals and tubers,Teff (mixed),KG,actual,Retail,ETB,98.29,0.7021,3,2,agent:2|user:1,published,waga-index-v1,snap_2026-07-25T06_v1
2026-05-10,Addis Ababa,Addis Ababa,Piazza,9.0356,38.7522,cereals and tubers,Wheat,KG,actual,Retail,ETB,61.46,0.4390,7,5,agent:5|user:2,published,waga-index-v1,snap_2026-07-25T06_v1
2026-05-10,Addis Ababa,Addis Ababa,Piazza,9.0356,38.7522,cereals and tubers,Maize,KG,actual,Retail,ETB,41.18,0.2941,5,3,agent:4|user:1,published,waga-index-v1,snap_2026-07-25T06_v1
2026-05-10,Addis Ababa,Addis Ababa,Piazza,9.0356,38.7522,vegetables and fruits,Onion,KG,actual,Retail,ETB,38.10,0.2721,3,2,agent:2|user:1,published,waga-index-v1,snap_2026-07-25T06_v1
2026-05-10,Addis Ababa,Addis Ababa,Piazza,9.0356,38.7522,oil and fats,Cooking oil,L,actual,Retail,ETB,,,2,2,agent:2,insufficient_data,waga-index-v1,snap_2026-07-25T06_v1
2026-05-11,Addis Ababa,Addis Ababa,Merkato,9.0341,38.7395,cereals and tubers,Teff (mixed),KG,actual,Retail,ETB,86.02,0.6144,4,3,agent:3|user:1,published,waga-index-v1,snap_2026-07-25T06_v1
2026-05-11,Addis Ababa,Addis Ababa,Merkato,9.0341,38.7395,cereals and tubers,Wheat,KG,actual,Retail,ETB,51.97,0.3712,7,5,agent:5|user:2,published,waga-index-v1,snap_2026-07-25T06_v1
2026-05-11,Addis Ababa,Addis Ababa,Merkato,9.0341,38.7395,cereals and tubers,Maize,KG,actual,Retail,ETB,34.12,0.2437,8,5,agent:6|user:2,published,waga-index-v1,snap_2026-07-25T06_v1
2026-05-11,Addis Ababa,Addis Ababa,Merkato,9.0341,38.7395,vegetables and fruits,Onion,KG,actual,Retail,ETB,34.00,0.2429,7,5,agent:5|user:2,published,waga-index-v1,snap_2026-07-25T06_v1
2026-05-11,Addis Ababa,Addis Ababa,Merkato,9.0341,38.7395,oil and fats,Cooking oil,L,actual,Retail,ETB,148.00,1.0571,8,5,agent:6|user:2,published,waga-index-v1,snap_2026-07-25T06_v1
2026-05-11,Addis Ababa,Addis Ababa,Ehil Berenda,9.0333,38.7389,cereals and tubers,Teff (mixed),KG,actual,Retail,ETB,80.16,0.5726,6,4,agent:4|user:2,published,waga-index-v1,snap_2026-07-25T06_v1
2026-05-11,Addis Ababa,Addis Ababa,Ehil Berenda,9.0333,38.7389,cereals and tubers,Wheat,KG,actual,Retail,ETB,55.39,0.3956,9,6,agent:7|user:2,published,waga-index-v1,snap_2026-07-25T06_v1
2026-05-11,Addis Ababa,Addis Ababa,Ehil Berenda,9.0333,38.7389,cereals and tubers,Maize,KG,actual,Retail,ETB,36.43,0.2602,7,5,agent:5|user:2,published,waga-index-v1,snap_2026-07-25T06_v1
2026-05-11,Addis Ababa,Addis Ababa,Ehil Berenda,9.0333,38.7389,vegetables and fruits,Onion,KG,actual,Retail,ETB,33.85,0.2418,9,6,agent:7|user:2,published,waga-index-v1,snap_2026-07-25T06_v1
2026-05-11,Addis Ababa,Addis Ababa,Ehil Berenda,9.0333,38.7389,oil and fats,Cooking oil,L,actual,Retail,ETB,146.56,1.0469,4,3,agent:3|user:1,published,waga-index-v1,snap_2026-07-25T06_v1
2026-05-11,Addis Ababa,Addis Ababa,Atikilt Tera,9.03,38.745,cereals and tubers,Teff (mixed),KG,actual,Retail,ETB,88.34,0.6310,7,5,agent:5|user:2,published,waga-index-v1,snap_2026-07-25T06_v1
2026-05-11,Addis Ababa,Addis Ababa,Atikilt Tera,9.03,38.745,cereals and tubers,Wheat,KG,actual,Retail,ETB,55.61,0.3972,4,3,agent:3|user:1,published,waga-index-v1,snap_2026-07-25T06_v1
2026-05-11,Addis Ababa,Addis Ababa,Atikilt Tera,9.03,38.745,cereals and tubers,Maize,KG,actual,Retail,ETB,36.89,0.2635,7,5,agent:5|user:2,published,waga-index-v1,snap_2026-07-25T06_v1
2026-05-11,Addis Ababa,Addis Ababa,Atikilt Tera,9.03,38.745,vegetables and fruits,Onion,KG,actual,Retail,ETB,31.83,0.2274,6,4,agent:4|user:2,published,waga-index-v1,snap_2026-07-25T06_v1
2026-05-11,Addis Ababa,Addis Ababa,Atikilt Tera,9.03,38.745,oil and fats,Cooking oil,L,actual,Retail,ETB,139.87,0.9991,3,2,agent:2|user:1,published,waga-index-v1,snap_2026-07-25T06_v1
2026-05-11,Addis Ababa,Addis Ababa,Asko,9.0489,38.6889,cereals and tubers,Teff (mixed),KG,actual,Retail,ETB,87.33,0.6238,4,3,agent:3|user:1,published,waga-index-v1,snap_2026-07-25T06_v1
2026-05-11,Addis Ababa,Addis Ababa,Asko,9.0489,38.6889,cereals and tubers,Wheat,KG,actual,Retail,ETB,56.75,0.4054,4,3,agent:3|user:1,published,waga-index-v1,snap_2026-07-25T06_v1
2026-05-11,Addis Ababa,Addis Ababa,Asko,9.0489,38.6889,cereals and tubers,Maize,KG,actual,Retail,ETB,37.09,0.2649,7,5,agent:5|user:2,published,waga-index-v1,snap_2026-07-25T06_v1
2026-05-11,Addis Ababa,Addis Ababa,Asko,9.0489,38.6889,vegetables and fruits,Onion,KG,actual,Retail,ETB,35.54,0.2539,3,2,agent:2|user:1,published,waga-index-v1,snap_2026-07-25T06_v1
2026-05-11,Addis Ababa,Addis Ababa,Asko,9.0489,38.6889,oil and fats,Cooking oil,L,actual,Retail,ETB,152.66,1.0904,6,4,agent:4|user:2,published,waga-index-v1,snap_2026-07-25T06_v1
2026-05-11,Addis Ababa,Addis Ababa,Saris,8.9797,38.7622,cereals and tubers,Teff (mixed),KG,actual,Retail,ETB,88.51,0.6322,6,4,agent:4|user:2,published,waga-index-v1,snap_2026-07-25T06_v1
2026-05-11,Addis Ababa,Addis Ababa,Saris,8.9797,38.7622,cereals and tubers,Wheat,KG,actual,Retail,ETB,56.17,0.4012,3,2,agent:2|user:1,published,waga-index-v1,snap_2026-07-25T06_v1
2026-05-11,Addis Ababa,Addis Ababa,Saris,8.9797,38.7622,cereals and tubers,Maize,KG,actual,Retail,ETB,37.61,0.2686,8,5,agent:6|user:2,published,waga-index-v1,snap_2026-07-25T06_v1
2026-05-11,Addis Ababa,Addis Ababa,Saris,8.9797,38.7622,vegetables and fruits,Onion,KG,actual,Retail,ETB,35.54,0.2539,8,5,agent:6|user:2,published,waga-index-v1,snap_2026-07-25T06_v1
2026-05-11,Addis Ababa,Addis Ababa,Saris,8.9797,38.7622,oil and fats,Cooking oil,L,actual,Retail,ETB,154.94,1.1067,7,5,agent:5|user:2,published,waga-index-v1,snap_2026-07-25T06_v1
2026-05-11,Addis Ababa,Addis Ababa,Akaki,8.8939,38.8069,cereals and tubers,Teff (mixed),KG,actual,Retail,ETB,89.95,0.6425,7,5,agent:5|user:2,published,waga-index-v1,snap_2026-07-25T06_v1
2026-05-11,Addis Ababa,Addis Ababa,Akaki,8.8939,38.8069,cereals and tubers,Wheat,KG,actual,Retail,ETB,59.00,0.4214,4,3,agent:3|user:1,published,waga-index-v1,snap_2026-07-25T06_v1
2026-05-11,Addis Ababa,Addis Ababa,Akaki,8.8939,38.8069,cereals and tubers,Maize,KG,actual,Retail,ETB,38.75,0.2768,6,4,agent:4|user:2,published,waga-index-v1,snap_2026-07-25T06_v1
2026-05-11,Addis Ababa,Addis Ababa,Akaki,8.8939,38.8069,vegetables and fruits,Onion,KG,actual,Retail,ETB,35.38,0.2527,4,3,agent:3|user:1,published,waga-index-v1,snap_2026-07-25T06_v1
2026-05-11,Addis Ababa,Addis Ababa,Akaki,8.8939,38.8069,oil and fats,Cooking oil,L,actual,Retail,ETB,155.98,1.1141,3,2,agent:2|user:1,published,waga-index-v1,snap_2026-07-25T06_v1
2026-05-11,Addis Ababa,Addis Ababa,Kera,8.9994,38.7481,cereals and tubers,Teff (mixed),KG,actual,Retail,ETB,,,1,1,agent:1,insufficient_data,waga-index-v1,snap_2026-07-25T06_v1
2026-05-11,Addis Ababa,Addis Ababa,Kera,8.9994,38.7481,cereals and tubers,Wheat,KG,actual,Retail,ETB,58.07,0.4148,4,3,agent:3|user:1,published,waga-index-v1,snap_2026-07-25T06_v1
2026-05-11,Addis Ababa,Addis Ababa,Kera,8.9994,38.7481,cereals and tubers,Maize,KG,actual,Retail,ETB,39.57,0.2826,5,3,agent:4|user:1,published,waga-index-v1,snap_2026-07-25T06_v1
2026-05-11,Addis Ababa,Addis Ababa,Kera,8.9994,38.7481,vegetables and fruits,Onion,KG,actual,Retail,ETB,36.34,0.2596,3,2,agent:2|user:1,published,waga-index-v1,snap_2026-07-25T06_v1
2026-05-11,Addis Ababa,Addis Ababa,Kera,8.9994,38.7481,oil and fats,Cooking oil,L,actual,Retail,ETB,161.98,1.1570,5,3,agent:4|user:1,published,waga-index-v1,snap_2026-07-25T06_v1
2026-05-11,Addis Ababa,Addis Ababa,Shola Gebeya,9.0244,38.7986,cereals and tubers,Teff (mixed),KG,actual,Retail,ETB,94.04,0.6717,5,3,agent:4|user:1,published,waga-index-v1,snap_2026-07-25T06_v1
2026-05-11,Addis Ababa,Addis Ababa,Shola Gebeya,9.0244,38.7986,cereals and tubers,Wheat,KG,actual,Retail,ETB,59.74,0.4267,6,4,agent:4|user:2,published,waga-index-v1,snap_2026-07-25T06_v1
2026-05-11,Addis Ababa,Addis Ababa,Shola Gebeya,9.0244,38.7986,cereals and tubers,Maize,KG,actual,Retail,ETB,39.68,0.2834,3,2,agent:2|user:1,published,waga-index-v1,snap_2026-07-25T06_v1
2026-05-11,Addis Ababa,Addis Ababa,Shola Gebeya,9.0244,38.7986,vegetables and fruits,Onion,KG,actual,Retail,ETB,39.04,0.2789,9,6,agent:7|user:2,published,waga-index-v1,snap_2026-07-25T06_v1
2026-05-11,Addis Ababa,Addis Ababa,Shola Gebeya,9.0244,38.7986,oil and fats,Cooking oil,L,actual,Retail,ETB,160.82,1.1487,4,3,agent:3|user:1,published,waga-index-v1,snap_2026-07-25T06_v1
2026-05-11,Addis Ababa,Addis Ababa,Piazza,9.0356,38.7522,cereals and tubers,Teff (mixed),KG,actual,Retail,ETB,97.80,0.6986,5,3,agent:4|user:1,published,waga-index-v1,snap_2026-07-25T06_v1
2026-05-11,Addis Ababa,Addis Ababa,Piazza,9.0356,38.7522,cereals and tubers,Wheat,KG,actual,Retail,ETB,60.86,0.4347,8,5,agent:6|user:2,published,waga-index-v1,snap_2026-07-25T06_v1
2026-05-11,Addis Ababa,Addis Ababa,Piazza,9.0356,38.7522,cereals and tubers,Maize,KG,actual,Retail,ETB,41.08,0.2934,7,5,agent:5|user:2,published,waga-index-v1,snap_2026-07-25T06_v1
2026-05-11,Addis Ababa,Addis Ababa,Piazza,9.0356,38.7522,vegetables and fruits,Onion,KG,actual,Retail,ETB,38.52,0.2751,6,4,agent:4|user:2,published,waga-index-v1,snap_2026-07-25T06_v1
2026-05-11,Addis Ababa,Addis Ababa,Piazza,9.0356,38.7522,oil and fats,Cooking oil,L,actual,Retail,ETB,165.89,1.1849,4,3,agent:3|user:1,published,waga-index-v1,snap_2026-07-25T06_v1
2026-05-12,Addis Ababa,Addis Ababa,Merkato,9.0341,38.7395,cereals and tubers,Teff (mixed),KG,actual,Retail,ETB,,,2,2,agent:2,insufficient_data,waga-index-v1,snap_2026-07-25T06_v1
2026-05-12,Addis Ababa,Addis Ababa,Merkato,9.0341,38.7395,cereals and tubers,Wheat,KG,actual,Retail,ETB,52.11,0.3722,3,2,agent:2|user:1,published,waga-index-v1,snap_2026-07-25T06_v1
2026-05-12,Addis Ababa,Addis Ababa,Merkato,9.0341,38.7395,cereals and tubers,Maize,KG,actual,Retail,ETB,33.88,0.2420,3,2,agent:2|user:1,published,waga-index-v1,snap_2026-07-25T06_v1
2026-05-12,Addis Ababa,Addis Ababa,Merkato,9.0341,38.7395,vegetables and fruits,Onion,KG,actual,Retail,ETB,33.91,0.2422,8,5,agent:6|user:2,published,waga-index-v1,snap_2026-07-25T06_v1
2026-05-12,Addis Ababa,Addis Ababa,Merkato,9.0341,38.7395,oil and fats,Cooking oil,L,actual,Retail,ETB,147.29,1.0521,8,5,agent:6|user:2,published,waga-index-v1,snap_2026-07-25T06_v1
2026-05-12,Addis Ababa,Addis Ababa,Ehil Berenda,9.0333,38.7389,cereals and tubers,Teff (mixed),KG,actual,Retail,ETB,80.06,0.5719,8,5,agent:6|user:2,published,waga-index-v1,snap_2026-07-25T06_v1
2026-05-12,Addis Ababa,Addis Ababa,Ehil Berenda,9.0333,38.7389,cereals and tubers,Wheat,KG,actual,Retail,ETB,55.42,0.3959,9,6,agent:7|user:2,published,waga-index-v1,snap_2026-07-25T06_v1
2026-05-12,Addis Ababa,Addis Ababa,Ehil Berenda,9.0333,38.7389,cereals and tubers,Maize,KG,actual,Retail,ETB,36.85,0.2632,6,4,agent:4|user:2,published,waga-index-v1,snap_2026-07-25T06_v1
2026-05-12,Addis Ababa,Addis Ababa,Ehil Berenda,9.0333,38.7389,vegetables and fruits,Onion,KG,actual,Retail,ETB,34.39,0.2456,5,3,agent:4|user:1,published,waga-index-v1,snap_2026-07-25T06_v1
2026-05-12,Addis Ababa,Addis Ababa,Ehil Berenda,9.0333,38.7389,oil and fats,Cooking oil,L,actual,Retail,ETB,146.99,1.0499,9,6,agent:7|user:2,published,waga-index-v1,snap_2026-07-25T06_v1
2026-05-12,Addis Ababa,Addis Ababa,Atikilt Tera,9.03,38.745,cereals and tubers,Teff (mixed),KG,actual,Retail,ETB,87.57,0.6255,5,3,agent:4|user:1,published,waga-index-v1,snap_2026-07-25T06_v1
2026-05-12,Addis Ababa,Addis Ababa,Atikilt Tera,9.03,38.745,cereals and tubers,Wheat,KG,actual,Retail,ETB,56.07,0.4005,6,4,agent:4|user:2,published,waga-index-v1,snap_2026-07-25T06_v1
2026-05-12,Addis Ababa,Addis Ababa,Atikilt Tera,9.03,38.745,cereals and tubers,Maize,KG,actual,Retail,ETB,36.65,0.2618,3,2,agent:2|user:1,published,waga-index-v1,snap_2026-07-25T06_v1
2026-05-12,Addis Ababa,Addis Ababa,Atikilt Tera,9.03,38.745,vegetables and fruits,Onion,KG,actual,Retail,ETB,31.56,0.2254,8,5,agent:6|user:2,published,waga-index-v1,snap_2026-07-25T06_v1
2026-05-12,Addis Ababa,Addis Ababa,Atikilt Tera,9.03,38.745,oil and fats,Cooking oil,L,actual,Retail,ETB,139.58,0.9970,3,2,agent:2|user:1,published,waga-index-v1,snap_2026-07-25T06_v1
2026-05-12,Addis Ababa,Addis Ababa,Asko,9.0489,38.6889,cereals and tubers,Teff (mixed),KG,actual,Retail,ETB,86.05,0.6146,3,2,agent:2|user:1,published,waga-index-v1,snap_2026-07-25T06_v1
2026-05-12,Addis Ababa,Addis Ababa,Asko,9.0489,38.6889,cereals and tubers,Wheat,KG,actual,Retail,ETB,56.26,0.4019,8,5,agent:6|user:2,published,waga-index-v1,snap_2026-07-25T06_v1
2026-05-12,Addis Ababa,Addis Ababa,Asko,9.0489,38.6889,cereals and tubers,Maize,KG,actual,Retail,ETB,37.21,0.2658,3,2,agent:2|user:1,published,waga-index-v1,snap_2026-07-25T06_v1
2026-05-12,Addis Ababa,Addis Ababa,Asko,9.0489,38.6889,vegetables and fruits,Onion,KG,actual,Retail,ETB,35.62,0.2544,5,3,agent:4|user:1,published,waga-index-v1,snap_2026-07-25T06_v1
2026-05-12,Addis Ababa,Addis Ababa,Asko,9.0489,38.6889,oil and fats,Cooking oil,L,actual,Retail,ETB,152.38,1.0884,9,6,agent:7|user:2,published,waga-index-v1,snap_2026-07-25T06_v1
2026-05-12,Addis Ababa,Addis Ababa,Saris,8.9797,38.7622,cereals and tubers,Teff (mixed),KG,actual,Retail,ETB,89.76,0.6411,7,5,agent:5|user:2,published,waga-index-v1,snap_2026-07-25T06_v1
2026-05-12,Addis Ababa,Addis Ababa,Saris,8.9797,38.7622,cereals and tubers,Wheat,KG,actual,Retail,ETB,55.42,0.3959,8,5,agent:6|user:2,published,waga-index-v1,snap_2026-07-25T06_v1
2026-05-12,Addis Ababa,Addis Ababa,Saris,8.9797,38.7622,cereals and tubers,Maize,KG,actual,Retail,ETB,37.93,0.2709,4,3,agent:3|user:1,published,waga-index-v1,snap_2026-07-25T06_v1
2026-05-12,Addis Ababa,Addis Ababa,Saris,8.9797,38.7622,vegetables and fruits,Onion,KG,actual,Retail,ETB,35.15,0.2511,8,5,agent:6|user:2,published,waga-index-v1,snap_2026-07-25T06_v1
2026-05-12,Addis Ababa,Addis Ababa,Saris,8.9797,38.7622,oil and fats,Cooking oil,L,actual,Retail,ETB,154.20,1.1014,3,2,agent:2|user:1,published,waga-index-v1,snap_2026-07-25T06_v1
2026-05-12,Addis Ababa,Addis Ababa,Akaki,8.8939,38.8069,cereals and tubers,Teff (mixed),KG,actual,Retail,ETB,90.62,0.6473,7,5,agent:5|user:2,published,waga-index-v1,snap_2026-07-25T06_v1
2026-05-12,Addis Ababa,Addis Ababa,Akaki,8.8939,38.8069,cereals and tubers,Wheat,KG,actual,Retail,ETB,57.89,0.4135,4,3,agent:3|user:1,published,waga-index-v1,snap_2026-07-25T06_v1
2026-05-12,Addis Ababa,Addis Ababa,Akaki,8.8939,38.8069,cereals and tubers,Maize,KG,actual,Retail,ETB,38.83,0.2774,4,3,agent:3|user:1,published,waga-index-v1,snap_2026-07-25T06_v1
2026-05-12,Addis Ababa,Addis Ababa,Akaki,8.8939,38.8069,vegetables and fruits,Onion,KG,actual,Retail,ETB,35.64,0.2546,7,5,agent:5|user:2,published,waga-index-v1,snap_2026-07-25T06_v1
2026-05-12,Addis Ababa,Addis Ababa,Akaki,8.8939,38.8069,oil and fats,Cooking oil,L,actual,Retail,ETB,156.35,1.1168,9,6,agent:7|user:2,published,waga-index-v1,snap_2026-07-25T06_v1
2026-05-12,Addis Ababa,Addis Ababa,Kera,8.9994,38.7481,cereals and tubers,Teff (mixed),KG,actual,Retail,ETB,91.07,0.6505,7,5,agent:5|user:2,published,waga-index-v1,snap_2026-07-25T06_v1
2026-05-12,Addis Ababa,Addis Ababa,Kera,8.9994,38.7481,cereals and tubers,Wheat,KG,actual,Retail,ETB,57.78,0.4127,8,5,agent:6|user:2,published,waga-index-v1,snap_2026-07-25T06_v1
2026-05-12,Addis Ababa,Addis Ababa,Kera,8.9994,38.7481,cereals and tubers,Maize,KG,actual,Retail,ETB,39.26,0.2804,6,4,agent:4|user:2,published,waga-index-v1,snap_2026-07-25T06_v1
2026-05-12,Addis Ababa,Addis Ababa,Kera,8.9994,38.7481,vegetables and fruits,Onion,KG,actual,Retail,ETB,36.46,0.2604,4,3,agent:3|user:1,published,waga-index-v1,snap_2026-07-25T06_v1
2026-05-12,Addis Ababa,Addis Ababa,Kera,8.9994,38.7481,oil and fats,Cooking oil,L,actual,Retail,ETB,163.35,1.1668,3,2,agent:2|user:1,published,waga-index-v1,snap_2026-07-25T06_v1
2026-05-12,Addis Ababa,Addis Ababa,Shola Gebeya,9.0244,38.7986,cereals and tubers,Teff (mixed),KG,actual,Retail,ETB,94.29,0.6735,4,3,agent:3|user:1,published,waga-index-v1,snap_2026-07-25T06_v1
2026-05-12,Addis Ababa,Addis Ababa,Shola Gebeya,9.0244,38.7986,cereals and tubers,Wheat,KG,actual,Retail,ETB,59.96,0.4283,5,3,agent:4|user:1,published,waga-index-v1,snap_2026-07-25T06_v1
2026-05-12,Addis Ababa,Addis Ababa,Shola Gebeya,9.0244,38.7986,cereals and tubers,Maize,KG,actual,Retail,ETB,40.04,0.2860,8,5,agent:6|user:2,published,waga-index-v1,snap_2026-07-25T06_v1
2026-05-12,Addis Ababa,Addis Ababa,Shola Gebeya,9.0244,38.7986,vegetables and fruits,Onion,KG,actual,Retail,ETB,39.39,0.2814,3,2,agent:2|user:1,published,waga-index-v1,snap_2026-07-25T06_v1
2026-05-12,Addis Ababa,Addis Ababa,Shola Gebeya,9.0244,38.7986,oil and fats,Cooking oil,L,actual,Retail,ETB,160.27,1.1448,4,3,agent:3|user:1,published,waga-index-v1,snap_2026-07-25T06_v1
2026-05-12,Addis Ababa,Addis Ababa,Piazza,9.0356,38.7522,cereals and tubers,Teff (mixed),KG,actual,Retail,ETB,98.00,0.7000,7,5,agent:5|user:2,published,waga-index-v1,snap_2026-07-25T06_v1
2026-05-12,Addis Ababa,Addis Ababa,Piazza,9.0356,38.7522,cereals and tubers,Wheat,KG,actual,Retail,ETB,61.37,0.4384,5,3,agent:4|user:1,published,waga-index-v1,snap_2026-07-25T06_v1
2026-05-12,Addis Ababa,Addis Ababa,Piazza,9.0356,38.7522,cereals and tubers,Maize,KG,actual,Retail,ETB,41.33,0.2952,3,2,agent:2|user:1,published,waga-index-v1,snap_2026-07-25T06_v1
2026-05-12,Addis Ababa,Addis Ababa,Piazza,9.0356,38.7522,vegetables and fruits,Onion,KG,actual,Retail,ETB,38.83,0.2774,6,4,agent:4|user:2,published,waga-index-v1,snap_2026-07-25T06_v1
2026-05-12,Addis Ababa,Addis Ababa,Piazza,9.0356,38.7522,oil and fats,Cooking oil,L,actual,Retail,ETB,164.60,1.1757,6,4,agent:4|user:2,published,waga-index-v1,snap_2026-07-25T06_v1
2026-05-13,Addis Ababa,Addis Ababa,Merkato,9.0341,38.7395,cereals and tubers,Teff (mixed),KG,actual,Retail,ETB,,,0,0,,insufficient_data,waga-index-v1,snap_2026-07-25T06_v1
2026-05-13,Addis Ababa,Addis Ababa,Merkato,9.0341,38.7395,cereals and tubers,Wheat,KG,actual,Retail,ETB,,,2,2,agent:2,insufficient_data,waga-index-v1,snap_2026-07-25T06_v1
2026-05-13,Addis Ababa,Addis Ababa,Merkato,9.0341,38.7395,cereals and tubers,Maize,KG,actual,Retail,ETB,34.12,0.2437,8,5,agent:6|user:2,published,waga-index-v1,snap_2026-07-25T06_v1
2026-05-13,Addis Ababa,Addis Ababa,Merkato,9.0341,38.7395,vegetables and fruits,Onion,KG,actual,Retail,ETB,34.14,0.2439,9,6,agent:7|user:2,published,waga-index-v1,snap_2026-07-25T06_v1
2026-05-13,Addis Ababa,Addis Ababa,Merkato,9.0341,38.7395,oil and fats,Cooking oil,L,actual,Retail,ETB,146.43,1.0459,8,5,agent:6|user:2,published,waga-index-v1,snap_2026-07-25T06_v1
2026-05-13,Addis Ababa,Addis Ababa,Ehil Berenda,9.0333,38.7389,cereals and tubers,Teff (mixed),KG,actual,Retail,ETB,80.10,0.5721,6,4,agent:4|user:2,published,waga-index-v1,snap_2026-07-25T06_v1
2026-05-13,Addis Ababa,Addis Ababa,Ehil Berenda,9.0333,38.7389,cereals and tubers,Wheat,KG,actual,Retail,ETB,,,0,0,,insufficient_data,waga-index-v1,snap_2026-07-25T06_v1
2026-05-13,Addis Ababa,Addis Ababa,Ehil Berenda,9.0333,38.7389,cereals and tubers,Maize,KG,actual,Retail,ETB,37.12,0.2651,7,5,agent:5|user:2,published,waga-index-v1,snap_2026-07-25T06_v1
2026-05-13,Addis Ababa,Addis Ababa,Ehil Berenda,9.0333,38.7389,vegetables and fruits,Onion,KG,actual,Retail,ETB,34.32,0.2451,3,2,agent:2|user:1,published,waga-index-v1,snap_2026-07-25T06_v1
2026-05-13,Addis Ababa,Addis Ababa,Ehil Berenda,9.0333,38.7389,oil and fats,Cooking oil,L,actual,Retail,ETB,145.40,1.0386,4,3,agent:3|user:1,published,waga-index-v1,snap_2026-07-25T06_v1
2026-05-13,Addis Ababa,Addis Ababa,Atikilt Tera,9.03,38.745,cereals and tubers,Teff (mixed),KG,actual,Retail,ETB,87.71,0.6265,3,2,agent:2|user:1,published,waga-index-v1,snap_2026-07-25T06_v1
2026-05-13,Addis Ababa,Addis Ababa,Atikilt Tera,9.03,38.745,cereals and tubers,Wheat,KG,actual,Retail,ETB,56.72,0.4051,8,5,agent:6|user:2,published,waga-index-v1,snap_2026-07-25T06_v1
2026-05-13,Addis Ababa,Addis Ababa,Atikilt Tera,9.03,38.745,cereals and tubers,Maize,KG,actual,Retail,ETB,37.13,0.2652,8,5,agent:6|user:2,published,waga-index-v1,snap_2026-07-25T06_v1
2026-05-13,Addis Ababa,Addis Ababa,Atikilt Tera,9.03,38.745,vegetables and fruits,Onion,KG,actual,Retail,ETB,31.48,0.2249,6,4,agent:4|user:2,published,waga-index-v1,snap_2026-07-25T06_v1
2026-05-13,Addis Ababa,Addis Ababa,Atikilt Tera,9.03,38.745,oil and fats,Cooking oil,L,actual,Retail,ETB,142.86,1.0204,5,3,agent:4|user:1,published,waga-index-v1,snap_2026-07-25T06_v1
2026-05-13,Addis Ababa,Addis Ababa,Asko,9.0489,38.6889,cereals and tubers,Teff (mixed),KG,actual,Retail,ETB,86.38,0.6170,8,5,agent:6|user:2,published,waga-index-v1,snap_2026-07-25T06_v1
2026-05-13,Addis Ababa,Addis Ababa,Asko,9.0489,38.6889,cereals and tubers,Wheat,KG,actual,Retail,ETB,56.95,0.4068,5,3,agent:4|user:1,published,waga-index-v1,snap_2026-07-25T06_v1
2026-05-13,Addis Ababa,Addis Ababa,Asko,9.0489,38.6889,cereals and tubers,Maize,KG,actual,Retail,ETB,37.98,0.2713,8,5,agent:6|user:2,published,waga-index-v1,snap_2026-07-25T06_v1
2026-05-13,Addis Ababa,Addis Ababa,Asko,9.0489,38.6889,vegetables and fruits,Onion,KG,actual,Retail,ETB,35.18,0.2513,7,5,agent:5|user:2,published,waga-index-v1,snap_2026-07-25T06_v1
2026-05-13,Addis Ababa,Addis Ababa,Asko,9.0489,38.6889,oil and fats,Cooking oil,L,actual,Retail,ETB,152.90,1.0921,4,3,agent:3|user:1,published,waga-index-v1,snap_2026-07-25T06_v1
2026-05-13,Addis Ababa,Addis Ababa,Saris,8.9797,38.7622,cereals and tubers,Teff (mixed),KG,actual,Retail,ETB,90.34,0.6453,6,4,agent:4|user:2,published,waga-index-v1,snap_2026-07-25T06_v1
2026-05-13,Addis Ababa,Addis Ababa,Saris,8.9797,38.7622,cereals and tubers,Wheat,KG,actual,Retail,ETB,56.28,0.4020,3,2,agent:2|user:1,published,waga-index-v1,snap_2026-07-25T06_v1
2026-05-13,Addis Ababa,Addis Ababa,Saris,8.9797,38.7622,cereals and tubers,Maize,KG,actual,Retail,ETB,38.18,0.2727,4,3,agent:3|user:1,published,waga-index-v1,snap_2026-07-25T06_v1
2026-05-13,Addis Ababa,Addis Ababa,Saris,8.9797,38.7622,vegetables and fruits,Onion,KG,actual,Retail,ETB,35.02,0.2501,6,4,agent:4|user:2,published,waga-index-v1,snap_2026-07-25T06_v1
2026-05-13,Addis Ababa,Addis Ababa,Saris,8.9797,38.7622,oil and fats,Cooking oil,L,actual,Retail,ETB,151.63,1.0831,8,5,agent:6|user:2,published,waga-index-v1,snap_2026-07-25T06_v1
2026-05-13,Addis Ababa,Addis Ababa,Akaki,8.8939,38.8069,cereals and tubers,Teff (mixed),KG,actual,Retail,ETB,92.32,0.6594,7,5,agent:5|user:2,published,waga-index-v1,snap_2026-07-25T06_v1
2026-05-13,Addis Ababa,Addis Ababa,Akaki,8.8939,38.8069,cereals and tubers,Wheat,KG,actual,Retail,ETB,57.70,0.4121,7,5,agent:5|user:2,published,waga-index-v1,snap_2026-07-25T06_v1
2026-05-13,Addis Ababa,Addis Ababa,Akaki,8.8939,38.8069,cereals and tubers,Maize,KG,actual,Retail,ETB,38.69,0.2764,6,4,agent:4|user:2,published,waga-index-v1,snap_2026-07-25T06_v1
2026-05-13,Addis Ababa,Addis Ababa,Akaki,8.8939,38.8069,vegetables and fruits,Onion,KG,actual,Retail,ETB,35.90,0.2564,4,3,agent:3|user:1,published,waga-index-v1,snap_2026-07-25T06_v1
2026-05-13,Addis Ababa,Addis Ababa,Akaki,8.8939,38.8069,oil and fats,Cooking oil,L,actual,Retail,ETB,159.17,1.1369,8,5,agent:6|user:2,published,waga-index-v1,snap_2026-07-25T06_v1
2026-05-13,Addis Ababa,Addis Ababa,Kera,8.9994,38.7481,cereals and tubers,Teff (mixed),KG,actual,Retail,ETB,91.88,0.6563,5,3,agent:4|user:1,published,waga-index-v1,snap_2026-07-25T06_v1
2026-05-13,Addis Ababa,Addis Ababa,Kera,8.9994,38.7481,cereals and tubers,Wheat,KG,actual,Retail,ETB,57.73,0.4124,3,2,agent:2|user:1,published,waga-index-v1,snap_2026-07-25T06_v1
2026-05-13,Addis Ababa,Addis Ababa,Kera,8.9994,38.7481,cereals and tubers,Maize,KG,actual,Retail,ETB,39.00,0.2786,4,3,agent:3|user:1,published,waga-index-v1,snap_2026-07-25T06_v1
2026-05-13,Addis Ababa,Addis Ababa,Kera,8.9994,38.7481,vegetables and fruits,Onion,KG,actual,Retail,ETB,36.69,0.2621,5,3,agent:4|user:1,published,waga-index-v1,snap_2026-07-25T06_v1
2026-05-13,Addis Ababa,Addis Ababa,Kera,8.9994,38.7481,oil and fats,Cooking oil,L,actual,Retail,ETB,162.13,1.1581,9,6,agent:7|user:2,published,waga-index-v1,snap_2026-07-25T06_v1
2026-05-13,Addis Ababa,Addis Ababa,Shola Gebeya,9.0244,38.7986,cereals and tubers,Teff (mixed),KG,actual,Retail,ETB,94.44,0.6746,6,4,agent:4|user:2,published,waga-index-v1,snap_2026-07-25T06_v1
2026-05-13,Addis Ababa,Addis Ababa,Shola Gebeya,9.0244,38.7986,cereals and tubers,Wheat,KG,actual,Retail,ETB,59.78,0.4270,8,5,agent:6|user:2,published,waga-index-v1,snap_2026-07-25T06_v1
2026-05-13,Addis Ababa,Addis Ababa,Shola Gebeya,9.0244,38.7986,cereals and tubers,Maize,KG,actual,Retail,ETB,39.87,0.2848,3,2,agent:2|user:1,published,waga-index-v1,snap_2026-07-25T06_v1
2026-05-13,Addis Ababa,Addis Ababa,Shola Gebeya,9.0244,38.7986,vegetables and fruits,Onion,KG,actual,Retail,ETB,39.33,0.2809,4,3,agent:3|user:1,published,waga-index-v1,snap_2026-07-25T06_v1
2026-05-13,Addis Ababa,Addis Ababa,Shola Gebeya,9.0244,38.7986,oil and fats,Cooking oil,L,actual,Retail,ETB,159.79,1.1414,7,5,agent:5|user:2,published,waga-index-v1,snap_2026-07-25T06_v1
2026-05-13,Addis Ababa,Addis Ababa,Piazza,9.0356,38.7522,cereals and tubers,Teff (mixed),KG,actual,Retail,ETB,98.05,0.7004,6,4,agent:4|user:2,published,waga-index-v1,snap_2026-07-25T06_v1
2026-05-13,Addis Ababa,Addis Ababa,Piazza,9.0356,38.7522,cereals and tubers,Wheat,KG,actual,Retail,ETB,62.45,0.4461,5,3,agent:4|user:1,published,waga-index-v1,snap_2026-07-25T06_v1
2026-05-13,Addis Ababa,Addis Ababa,Piazza,9.0356,38.7522,cereals and tubers,Maize,KG,actual,Retail,ETB,40.51,0.2894,5,3,agent:4|user:1,published,waga-index-v1,snap_2026-07-25T06_v1
2026-05-13,Addis Ababa,Addis Ababa,Piazza,9.0356,38.7522,vegetables and fruits,Onion,KG,actual,Retail,ETB,38.97,0.2784,6,4,agent:4|user:2,published,waga-index-v1,snap_2026-07-25T06_v1
2026-05-13,Addis Ababa,Addis Ababa,Piazza,9.0356,38.7522,oil and fats,Cooking oil,L,actual,Retail,ETB,165.14,1.1796,3,2,agent:2|user:1,published,waga-index-v1,snap_2026-07-25T06_v1
2026-05-14,Addis Ababa,Addis Ababa,Merkato,9.0341,38.7395,cereals and tubers,Teff (mixed),KG,actual,Retail,ETB,85.46,0.6104,7,5,agent:5|user:2,published,waga-index-v1,snap_2026-07-25T06_v1
2026-05-14,Addis Ababa,Addis Ababa,Merkato,9.0341,38.7395,cereals and tubers,Wheat,KG,actual,Retail,ETB,51.30,0.3664,7,5,agent:5|user:2,published,waga-index-v1,snap_2026-07-25T06_v1
2026-05-14,Addis Ababa,Addis Ababa,Merkato,9.0341,38.7395,cereals and tubers,Maize,KG,actual,Retail,ETB,34.35,0.2454,8,5,agent:6|user:2,published,waga-index-v1,snap_2026-07-25T06_v1
2026-05-14,Addis Ababa,Addis Ababa,Merkato,9.0341,38.7395,vegetables and fruits,Onion,KG,actual,Retail,ETB,34.18,0.2441,5,3,agent:4|user:1,published,waga-index-v1,snap_2026-07-25T06_v1
2026-05-14,Addis Ababa,Addis Ababa,Merkato,9.0341,38.7395,oil and fats,Cooking oil,L,actual,Retail,ETB,148.17,1.0584,6,4,agent:4|user:2,published,waga-index-v1,snap_2026-07-25T06_v1
2026-05-14,Addis Ababa,Addis Ababa,Ehil Berenda,9.0333,38.7389,cereals and tubers,Teff (mixed),KG,actual,Retail,ETB,80.76,0.5769,9,6,agent:7|user:2,published,waga-index-v1,snap_2026-07-25T06_v1
2026-05-14,Addis Ababa,Addis Ababa,Ehil Berenda,9.0333,38.7389,cereals and tubers,Wheat,KG,actual,Retail,ETB,,,1,1,agent:1,insufficient_data,waga-index-v1,snap_2026-07-25T06_v1
2026-05-14,Addis Ababa,Addis Ababa,Ehil Berenda,9.0333,38.7389,cereals and tubers,Maize,KG,actual,Retail,ETB,37.59,0.2685,5,3,agent:4|user:1,published,waga-index-v1,snap_2026-07-25T06_v1
2026-05-14,Addis Ababa,Addis Ababa,Ehil Berenda,9.0333,38.7389,vegetables and fruits,Onion,KG,actual,Retail,ETB,34.73,0.2481,5,3,agent:4|user:1,published,waga-index-v1,snap_2026-07-25T06_v1
2026-05-14,Addis Ababa,Addis Ababa,Ehil Berenda,9.0333,38.7389,oil and fats,Cooking oil,L,actual,Retail,ETB,148.28,1.0591,9,6,agent:7|user:2,published,waga-index-v1,snap_2026-07-25T06_v1
2026-05-14,Addis Ababa,Addis Ababa,Atikilt Tera,9.03,38.745,cereals and tubers,Teff (mixed),KG,actual,Retail,ETB,88.19,0.6299,9,6,agent:7|user:2,published,waga-index-v1,snap_2026-07-25T06_v1
2026-05-14,Addis Ababa,Addis Ababa,Atikilt Tera,9.03,38.745,cereals and tubers,Wheat,KG,actual,Retail,ETB,57.23,0.4088,9,6,agent:7|user:2,published,waga-index-v1,snap_2026-07-25T06_v1
2026-05-14,Addis Ababa,Addis Ababa,Atikilt Tera,9.03,38.745,cereals and tubers,Maize,KG,actual,Retail,ETB,37.19,0.2656,4,3,agent:3|user:1,published,waga-index-v1,snap_2026-07-25T06_v1
2026-05-14,Addis Ababa,Addis Ababa,Atikilt Tera,9.03,38.745,vegetables and fruits,Onion,KG,actual,Retail,ETB,31.49,0.2249,6,4,agent:4|user:2,published,waga-index-v1,snap_2026-07-25T06_v1
2026-05-14,Addis Ababa,Addis Ababa,Atikilt Tera,9.03,38.745,oil and fats,Cooking oil,L,actual,Retail,ETB,142.20,1.0157,3,2,agent:2|user:1,published,waga-index-v1,snap_2026-07-25T06_v1
2026-05-14,Addis Ababa,Addis Ababa,Asko,9.0489,38.6889,cereals and tubers,Teff (mixed),KG,actual,Retail,ETB,,,2,2,agent:2,insufficient_data,waga-index-v1,snap_2026-07-25T06_v1
2026-05-14,Addis Ababa,Addis Ababa,Asko,9.0489,38.6889,cereals and tubers,Wheat,KG,actual,Retail,ETB,,,2,2,agent:2,insufficient_data,waga-index-v1,snap_2026-07-25T06_v1
2026-05-14,Addis Ababa,Addis Ababa,Asko,9.0489,38.6889,cereals and tubers,Maize,KG,actual,Retail,ETB,,,1,1,agent:1,insufficient_data,waga-index-v1,snap_2026-07-25T06_v1
2026-05-14,Addis Ababa,Addis Ababa,Asko,9.0489,38.6889,vegetables and fruits,Onion,KG,actual,Retail,ETB,,,2,2,agent:2,insufficient_data,waga-index-v1,snap_2026-07-25T06_v1
2026-05-14,Addis Ababa,Addis Ababa,Asko,9.0489,38.6889,oil and fats,Cooking oil,L,actual,Retail,ETB,154.16,1.1011,4,3,agent:3|user:1,published,waga-index-v1,snap_2026-07-25T06_v1
2026-05-14,Addis Ababa,Addis Ababa,Saris,8.9797,38.7622,cereals and tubers,Teff (mixed),KG,actual,Retail,ETB,91.12,0.6509,9,6,agent:7|user:2,published,waga-index-v1,snap_2026-07-25T06_v1
2026-05-14,Addis Ababa,Addis Ababa,Saris,8.9797,38.7622,cereals and tubers,Wheat,KG,actual,Retail,ETB,55.99,0.3999,3,2,agent:2|user:1,published,waga-index-v1,snap_2026-07-25T06_v1
2026-05-14,Addis Ababa,Addis Ababa,Saris,8.9797,38.7622,cereals and tubers,Maize,KG,actual,Retail,ETB,37.92,0.2709,5,3,agent:4|user:1,published,waga-index-v1,snap_2026-07-25T06_v1
2026-05-14,Addis Ababa,Addis Ababa,Saris,8.9797,38.7622,vegetables and fruits,Onion,KG,actual,Retail,ETB,35.82,0.2559,4,3,agent:3|user:1,published,waga-index-v1,snap_2026-07-25T06_v1
2026-05-14,Addis Ababa,Addis Ababa,Saris,8.9797,38.7622,oil and fats,Cooking oil,L,actual,Retail,ETB,150.89,1.0778,5,3,agent:4|user:1,published,waga-index-v1,snap_2026-07-25T06_v1
2026-05-14,Addis Ababa,Addis Ababa,Akaki,8.8939,38.8069,cereals and tubers,Teff (mixed),KG,actual,Retail,ETB,,,0,0,,insufficient_data,waga-index-v1,snap_2026-07-25T06_v1
2026-05-14,Addis Ababa,Addis Ababa,Akaki,8.8939,38.8069,cereals and tubers,Wheat,KG,actual,Retail,ETB,57.91,0.4136,4,3,agent:3|user:1,published,waga-index-v1,snap_2026-07-25T06_v1
2026-05-14,Addis Ababa,Addis Ababa,Akaki,8.8939,38.8069,cereals and tubers,Maize,KG,actual,Retail,ETB,38.80,0.2771,4,3,agent:3|user:1,published,waga-index-v1,snap_2026-07-25T06_v1
2026-05-14,Addis Ababa,Addis Ababa,Akaki,8.8939,38.8069,vegetables and fruits,Onion,KG,actual,Retail,ETB,35.72,0.2551,4,3,agent:3|user:1,published,waga-index-v1,snap_2026-07-25T06_v1
2026-05-14,Addis Ababa,Addis Ababa,Akaki,8.8939,38.8069,oil and fats,Cooking oil,L,actual,Retail,ETB,159.72,1.1409,7,5,agent:5|user:2,published,waga-index-v1,snap_2026-07-25T06_v1
2026-05-14,Addis Ababa,Addis Ababa,Kera,8.9994,38.7481,cereals and tubers,Teff (mixed),KG,actual,Retail,ETB,92.97,0.6641,5,3,agent:4|user:1,published,waga-index-v1,snap_2026-07-25T06_v1
2026-05-14,Addis Ababa,Addis Ababa,Kera,8.9994,38.7481,cereals and tubers,Wheat,KG,actual,Retail,ETB,58.42,0.4173,4,3,agent:3|user:1,published,waga-index-v1,snap_2026-07-25T06_v1
2026-05-14,Addis Ababa,Addis Ababa,Kera,8.9994,38.7481,cereals and tubers,Maize,KG,actual,Retail,ETB,39.07,0.2791,8,5,agent:6|user:2,published,waga-index-v1,snap_2026-07-25T06_v1
2026-05-14,Addis Ababa,Addis Ababa,Kera,8.9994,38.7481,vegetables and fruits,Onion,KG,actual,Retail,ETB,37.07,0.2648,9,6,agent:7|user:2,published,waga-index-v1,snap_2026-07-25T06_v1
2026-05-14,Addis Ababa,Addis Ababa,Kera,8.9994,38.7481,oil and fats,Cooking oil,L,actual,Retail,ETB,,,0,0,,insufficient_data,waga-index-v1,snap_2026-07-25T06_v1
2026-05-14,Addis Ababa,Addis Ababa,Shola Gebeya,9.0244,38.7986,cereals and tubers,Teff (mixed),KG,actual,Retail,ETB,95.85,0.6846,4,3,agent:3|user:1,published,waga-index-v1,snap_2026-07-25T06_v1
2026-05-14,Addis Ababa,Addis Ababa,Shola Gebeya,9.0244,38.7986,cereals and tubers,Wheat,KG,actual,Retail,ETB,60.17,0.4298,6,4,agent:4|user:2,published,waga-index-v1,snap_2026-07-25T06_v1
2026-05-14,Addis Ababa,Addis Ababa,Shola Gebeya,9.0244,38.7986,cereals and tubers,Maize,KG,actual,Retail,ETB,40.16,0.2869,7,5,agent:5|user:2,published,waga-index-v1,snap_2026-07-25T06_v1
2026-05-14,Addis Ababa,Addis Ababa,Shola Gebeya,9.0244,38.7986,vegetables and fruits,Onion,KG,actual,Retail,ETB,39.76,0.2840,9,6,agent:7|user:2,published,waga-index-v1,snap_2026-07-25T06_v1
2026-05-14,Addis Ababa,Addis Ababa,Shola Gebeya,9.0244,38.7986,oil and fats,Cooking oil,L,actual,Retail,ETB,159.75,1.1411,5,3,agent:4|user:1,published,waga-index-v1,snap_2026-07-25T06_v1
2026-05-14,Addis Ababa,Addis Ababa,Piazza,9.0356,38.7522,cereals and tubers,Teff (mixed),KG,actual,Retail,ETB,98.70,0.7050,9,6,agent:7|user:2,published,waga-index-v1,snap_2026-07-25T06_v1
2026-05-14,Addis Ababa,Addis Ababa,Piazza,9.0356,38.7522,cereals and tubers,Wheat,KG,actual,Retail,ETB,63.41,0.4529,4,3,agent:3|user:1,published,waga-index-v1,snap_2026-07-25T06_v1
2026-05-14,Addis Ababa,Addis Ababa,Piazza,9.0356,38.7522,cereals and tubers,Maize,KG,actual,Retail,ETB,40.92,0.2923,8,5,agent:6|user:2,published,waga-index-v1,snap_2026-07-25T06_v1
2026-05-14,Addis Ababa,Addis Ababa,Piazza,9.0356,38.7522,vegetables and fruits,Onion,KG,actual,Retail,ETB,38.95,0.2782,6,4,agent:4|user:2,published,waga-index-v1,snap_2026-07-25T06_v1
2026-05-14,Addis Ababa,Addis Ababa,Piazza,9.0356,38.7522,oil and fats,Cooking oil,L,actual,Retail,ETB,,,0,0,,insufficient_data,waga-index-v1,snap_2026-07-25T06_v1
2026-05-15,Addis Ababa,Addis Ababa,Merkato,9.0341,38.7395,cereals and tubers,Teff (mixed),KG,actual,Retail,ETB,86.61,0.6186,5,3,agent:4|user:1,published,waga-index-v1,snap_2026-07-25T06_v1
2026-05-15,Addis Ababa,Addis Ababa,Merkato,9.0341,38.7395,cereals and tubers,Wheat,KG,actual,Retail,ETB,51.06,0.3647,3,2,agent:2|user:1,published,waga-index-v1,snap_2026-07-25T06_v1
2026-05-15,Addis Ababa,Addis Ababa,Merkato,9.0341,38.7395,cereals and tubers,Maize,KG,actual,Retail,ETB,,,2,2,agent:2,insufficient_data,waga-index-v1,snap_2026-07-25T06_v1
2026-05-15,Addis Ababa,Addis Ababa,Merkato,9.0341,38.7395,vegetables and fruits,Onion,KG,actual,Retail,ETB,34.70,0.2479,4,3,agent:3|user:1,published,waga-index-v1,snap_2026-07-25T06_v1
2026-05-15,Addis Ababa,Addis Ababa,Merkato,9.0341,38.7395,oil and fats,Cooking oil,L,actual,Retail,ETB,149.91,1.0708,8,5,agent:6|user:2,published,waga-index-v1,snap_2026-07-25T06_v1
2026-05-15,Addis Ababa,Addis Ababa,Ehil Berenda,9.0333,38.7389,cereals and tubers,Teff (mixed),KG,actual,Retail,ETB,80.60,0.5757,5,3,agent:4|user:1,published,waga-index-v1,snap_2026-07-25T06_v1
2026-05-15,Addis Ababa,Addis Ababa,Ehil Berenda,9.0333,38.7389,cereals and tubers,Wheat,KG,actual,Retail,ETB,56.47,0.4034,3,2,agent:2|user:1,published,waga-index-v1,snap_2026-07-25T06_v1
2026-05-15,Addis Ababa,Addis Ababa,Ehil Berenda,9.0333,38.7389,cereals and tubers,Maize,KG,actual,Retail,ETB,37.39,0.2671,8,5,agent:6|user:2,published,waga-index-v1,snap_2026-07-25T06_v1
2026-05-15,Addis Ababa,Addis Ababa,Ehil Berenda,9.0333,38.7389,vegetables and fruits,Onion,KG,actual,Retail,ETB,34.94,0.2496,4,3,agent:3|user:1,published,waga-index-v1,snap_2026-07-25T06_v1
2026-05-15,Addis Ababa,Addis Ababa,Ehil Berenda,9.0333,38.7389,oil and fats,Cooking oil,L,actual,Retail,ETB,149.40,1.0671,6,4,agent:4|user:2,published,waga-index-v1,snap_2026-07-25T06_v1
2026-05-15,Addis Ababa,Addis Ababa,Atikilt Tera,9.03,38.745,cereals and tubers,Teff (mixed),KG,actual,Retail,ETB,88.34,0.6310,4,3,agent:3|user:1,published,waga-index-v1,snap_2026-07-25T06_v1
2026-05-15,Addis Ababa,Addis Ababa,Atikilt Tera,9.03,38.745,cereals and tubers,Wheat,KG,actual,Retail,ETB,56.56,0.4040,3,2,agent:2|user:1,published,waga-index-v1,snap_2026-07-25T06_v1
2026-05-15,Addis Ababa,Addis Ababa,Atikilt Tera,9.03,38.745,cereals and tubers,Maize,KG,actual,Retail,ETB,37.76,0.2697,7,5,agent:5|user:2,published,waga-index-v1,snap_2026-07-25T06_v1
2026-05-15,Addis Ababa,Addis Ababa,Atikilt Tera,9.03,38.745,vegetables and fruits,Onion,KG,actual,Retail,ETB,31.54,0.2253,3,2,agent:2|user:1,published,waga-index-v1,snap_2026-07-25T06_v1
2026-05-15,Addis Ababa,Addis Ababa,Atikilt Tera,9.03,38.745,oil and fats,Cooking oil,L,actual,Retail,ETB,142.27,1.0162,9,6,agent:7|user:2,published,waga-index-v1,snap_2026-07-25T06_v1
2026-05-15,Addis Ababa,Addis Ababa,Asko,9.0489,38.6889,cereals and tubers,Teff (mixed),KG,actual,Retail,ETB,,,0,0,,insufficient_data,waga-index-v1,snap_2026-07-25T06_v1
2026-05-15,Addis Ababa,Addis Ababa,Asko,9.0489,38.6889,cereals and tubers,Wheat,KG,actual,Retail,ETB,57.31,0.4094,8,5,agent:6|user:2,published,waga-index-v1,snap_2026-07-25T06_v1
2026-05-15,Addis Ababa,Addis Ababa,Asko,9.0489,38.6889,cereals and tubers,Maize,KG,actual,Retail,ETB,37.61,0.2686,4,3,agent:3|user:1,published,waga-index-v1,snap_2026-07-25T06_v1
2026-05-15,Addis Ababa,Addis Ababa,Asko,9.0489,38.6889,vegetables and fruits,Onion,KG,actual,Retail,ETB,,,2,2,agent:2,insufficient_data,waga-index-v1,snap_2026-07-25T06_v1
2026-05-15,Addis Ababa,Addis Ababa,Asko,9.0489,38.6889,oil and fats,Cooking oil,L,actual,Retail,ETB,153.74,1.0981,9,6,agent:7|user:2,published,waga-index-v1,snap_2026-07-25T06_v1
2026-05-15,Addis Ababa,Addis Ababa,Saris,8.9797,38.7622,cereals and tubers,Teff (mixed),KG,actual,Retail,ETB,91.00,0.6500,7,5,agent:5|user:2,published,waga-index-v1,snap_2026-07-25T06_v1
2026-05-15,Addis Ababa,Addis Ababa,Saris,8.9797,38.7622,cereals and tubers,Wheat,KG,actual,Retail,ETB,56.89,0.4064,6,4,agent:4|user:2,published,waga-index-v1,snap_2026-07-25T06_v1
2026-05-15,Addis Ababa,Addis Ababa,Saris,8.9797,38.7622,cereals and tubers,Maize,KG,actual,Retail,ETB,37.84,0.2703,9,6,agent:7|user:2,published,waga-index-v1,snap_2026-07-25T06_v1
2026-05-15,Addis Ababa,Addis Ababa,Saris,8.9797,38.7622,vegetables and fruits,Onion,KG,actual,Retail,ETB,36.39,0.2599,3,2,agent:2|user:1,published,waga-index-v1,snap_2026-07-25T06_v1
2026-05-15,Addis Ababa,Addis Ababa,Saris,8.9797,38.7622,oil and fats,Cooking oil,L,actual,Retail,ETB,153.68,1.0977,9,6,agent:7|user:2,published,waga-index-v1,snap_2026-07-25T06_v1
2026-05-15,Addis Ababa,Addis Ababa,Akaki,8.8939,38.8069,cereals and tubers,Teff (mixed),KG,actual,Retail,ETB,90.80,0.6486,6,4,agent:4|user:2,published,waga-index-v1,snap_2026-07-25T06_v1
2026-05-15,Addis Ababa,Addis Ababa,Akaki,8.8939,38.8069,cereals and tubers,Wheat,KG,actual,Retail,ETB,57.50,0.4107,3,2,agent:2|user:1,published,waga-index-v1,snap_2026-07-25T06_v1
2026-05-15,Addis Ababa,Addis Ababa,Akaki,8.8939,38.8069,cereals and tubers,Maize,KG,actual,Retail,ETB,38.70,0.2764,8,5,agent:6|user:2,published,waga-index-v1,snap_2026-07-25T06_v1
2026-05-15,Addis Ababa,Addis Ababa,Akaki,8.8939,38.8069,vegetables and fruits,Onion,KG,actual,Retail,ETB,,,1,1,agent:1,insufficient_data,waga-index-v1,snap_2026-07-25T06_v1
2026-05-15,Addis Ababa,Addis Ababa,Akaki,8.8939,38.8069,oil and fats,Cooking oil,L,actual,Retail,ETB,157.80,1.1271,8,5,agent:6|user:2,published,waga-index-v1,snap_2026-07-25T06_v1
2026-05-15,Addis Ababa,Addis Ababa,Kera,8.9994,38.7481,cereals and tubers,Teff (mixed),KG,actual,Retail,ETB,93.08,0.6649,4,3,agent:3|user:1,published,waga-index-v1,snap_2026-07-25T06_v1
2026-05-15,Addis Ababa,Addis Ababa,Kera,8.9994,38.7481,cereals and tubers,Wheat,KG,actual,Retail,ETB,57.68,0.4120,6,4,agent:4|user:2,published,waga-index-v1,snap_2026-07-25T06_v1
2026-05-15,Addis Ababa,Addis Ababa,Kera,8.9994,38.7481,cereals and tubers,Maize,KG,actual,Retail,ETB,38.94,0.2781,3,2,agent:2|user:1,published,waga-index-v1,snap_2026-07-25T06_v1
2026-05-15,Addis Ababa,Addis Ababa,Kera,8.9994,38.7481,vegetables and fruits,Onion,KG,actual,Retail,ETB,36.96,0.2640,3,2,agent:2|user:1,published,waga-index-v1,snap_2026-07-25T06_v1
2026-05-15,Addis Ababa,Addis Ababa,Kera,8.9994,38.7481,oil and fats,Cooking oil,L,actual,Retail,ETB,163.73,1.1695,3,2,agent:2|user:1,published,waga-index-v1,snap_2026-07-25T06_v1
2026-05-15,Addis Ababa,Addis Ababa,Shola Gebeya,9.0244,38.7986,cereals and tubers,Teff (mixed),KG,actual,Retail,ETB,96.49,0.6892,3,2,agent:2|user:1,published,waga-index-v1,snap_2026-07-25T06_v1
2026-05-15,Addis Ababa,Addis Ababa,Shola Gebeya,9.0244,38.7986,cereals and tubers,Wheat,KG,actual,Retail,ETB,60.08,0.4291,8,5,agent:6|user:2,published,waga-index-v1,snap_2026-07-25T06_v1
2026-05-15,Addis Ababa,Addis Ababa,Shola Gebeya,9.0244,38.7986,cereals and tubers,Maize,KG,actual,Retail,ETB,40.00,0.2857,5,3,agent:4|user:1,published,waga-index-v1,snap_2026-07-25T06_v1
2026-05-15,Addis Ababa,Addis Ababa,Shola Gebeya,9.0244,38.7986,vegetables and fruits,Onion,KG,actual,Retail,ETB,39.02,0.2787,9,6,agent:7|user:2,published,waga-index-v1,snap_2026-07-25T06_v1
2026-05-15,Addis Ababa,Addis Ababa,Shola Gebeya,9.0244,38.7986,oil and fats,Cooking oil,L,actual,Retail,ETB,160.49,1.1464,9,6,agent:7|user:2,published,waga-index-v1,snap_2026-07-25T06_v1
2026-05-15,Addis Ababa,Addis Ababa,Piazza,9.0356,38.7522,cereals and tubers,Teff (mixed),KG,actual,Retail,ETB,99.88,0.7134,9,6,agent:7|user:2,published,waga-index-v1,snap_2026-07-25T06_v1
2026-05-15,Addis Ababa,Addis Ababa,Piazza,9.0356,38.7522,cereals and tubers,Wheat,KG,actual,Retail,ETB,63.84,0.4560,9,6,agent:7|user:2,published,waga-index-v1,snap_2026-07-25T06_v1
2026-05-15,Addis Ababa,Addis Ababa,Piazza,9.0356,38.7522,cereals and tubers,Maize,KG,actual,Retail,ETB,41.58,0.2970,6,4,agent:4|user:2,published,waga-index-v1,snap_2026-07-25T06_v1
2026-05-15,Addis Ababa,Addis Ababa,Piazza,9.0356,38.7522,vegetables and fruits,Onion,KG,actual,Retail,ETB,39.42,0.2816,7,5,agent:5|user:2,published,waga-index-v1,snap_2026-07-25T06_v1
2026-05-15,Addis Ababa,Addis Ababa,Piazza,9.0356,38.7522,oil and fats,Cooking oil,L,actual,Retail,ETB,160.94,1.1496,5,3,agent:4|user:1,published,waga-index-v1,snap_2026-07-25T06_v1
2026-05-16,Addis Ababa,Addis Ababa,Merkato,9.0341,38.7395,cereals and tubers,Teff (mixed),KG,actual,Retail,ETB,87.73,0.6266,7,5,agent:5|user:2,published,waga-index-v1,snap_2026-07-25T06_v1
2026-05-16,Addis Ababa,Addis Ababa,Merkato,9.0341,38.7395,cereals and tubers,Wheat,KG,actual,Retail,ETB,51.90,0.3707,5,3,agent:4|user:1,published,waga-index-v1,snap_2026-07-25T06_v1
2026-05-16,Addis Ababa,Addis Ababa,Merkato,9.0341,38.7395,cereals and tubers,Maize,KG,actual,Retail,ETB,34.81,0.2486,6,4,agent:4|user:2,published,waga-index-v1,snap_2026-07-25T06_v1
2026-05-16,Addis Ababa,Addis Ababa,Merkato,9.0341,38.7395,vegetables and fruits,Onion,KG,actual,Retail,ETB,35.16,0.2511,7,5,agent:5|user:2,published,waga-index-v1,snap_2026-07-25T06_v1
2026-05-16,Addis Ababa,Addis Ababa,Merkato,9.0341,38.7395,oil and fats,Cooking oil,L,actual,Retail,ETB,147.44,1.0531,3,2,agent:2|user:1,published,waga-index-v1,snap_2026-07-25T06_v1
2026-05-16,Addis Ababa,Addis Ababa,Ehil Berenda,9.0333,38.7389,cereals and tubers,Teff (mixed),KG,actual,Retail,ETB,80.33,0.5738,6,4,agent:4|user:2,published,waga-index-v1,snap_2026-07-25T06_v1
2026-05-16,Addis Ababa,Addis Ababa,Ehil Berenda,9.0333,38.7389,cereals and tubers,Wheat,KG,actual,Retail,ETB,56.86,0.4061,9,6,agent:7|user:2,published,waga-index-v1,snap_2026-07-25T06_v1
2026-05-16,Addis Ababa,Addis Ababa,Ehil Berenda,9.0333,38.7389,cereals and tubers,Maize,KG,actual,Retail,ETB,37.22,0.2659,5,3,agent:4|user:1,published,waga-index-v1,snap_2026-07-25T06_v1
2026-05-16,Addis Ababa,Addis Ababa,Ehil Berenda,9.0333,38.7389,vegetables and fruits,Onion,KG,actual,Retail,ETB,34.61,0.2472,3,2,agent:2|user:1,published,waga-index-v1,snap_2026-07-25T06_v1
2026-05-16,Addis Ababa,Addis Ababa,Ehil Berenda,9.0333,38.7389,oil and fats,Cooking oil,L,actual,Retail,ETB,151.50,1.0821,7,5,agent:5|user:2,published,waga-index-v1,snap_2026-07-25T06_v1
2026-05-16,Addis Ababa,Addis Ababa,Atikilt Tera,9.03,38.745,cereals and tubers,Teff (mixed),KG,actual,Retail,ETB,88.69,0.6335,4,3,agent:3|user:1,published,waga-index-v1,snap_2026-07-25T06_v1
2026-05-16,Addis Ababa,Addis Ababa,Atikilt Tera,9.03,38.745,cereals and tubers,Wheat,KG,actual,Retail,ETB,56.85,0.4061,5,3,agent:4|user:1,published,waga-index-v1,snap_2026-07-25T06_v1
2026-05-16,Addis Ababa,Addis Ababa,Atikilt Tera,9.03,38.745,cereals and tubers,Maize,KG,actual,Retail,ETB,37.23,0.2659,6,4,agent:4|user:2,published,waga-index-v1,snap_2026-07-25T06_v1
2026-05-16,Addis Ababa,Addis Ababa,Atikilt Tera,9.03,38.745,vegetables and fruits,Onion,KG,actual,Retail,ETB,31.48,0.2249,7,5,agent:5|user:2,published,waga-index-v1,snap_2026-07-25T06_v1
2026-05-16,Addis Ababa,Addis Ababa,Atikilt Tera,9.03,38.745,oil and fats,Cooking oil,L,actual,Retail,ETB,142.74,1.0196,6,4,agent:4|user:2,published,waga-index-v1,snap_2026-07-25T06_v1
2026-05-16,Addis Ababa,Addis Ababa,Asko,9.0489,38.6889,cereals and tubers,Teff (mixed),KG,actual,Retail,ETB,88.33,0.6309,3,2,agent:2|user:1,published,waga-index-v1,snap_2026-07-25T06_v1
2026-05-16,Addis Ababa,Addis Ababa,Asko,9.0489,38.6889,cereals and tubers,Wheat,KG,actual,Retail,ETB,57.08,0.4077,4,3,agent:3|user:1,published,waga-index-v1,snap_2026-07-25T06_v1
2026-05-16,Addis Ababa,Addis Ababa,Asko,9.0489,38.6889,cereals and tubers,Maize,KG,actual,Retail,ETB,37.76,0.2697,4,3,agent:3|user:1,published,waga-index-v1,snap_2026-07-25T06_v1
2026-05-16,Addis Ababa,Addis Ababa,Asko,9.0489,38.6889,vegetables and fruits,Onion,KG,actual,Retail,ETB,35.10,0.2507,7,5,agent:5|user:2,published,waga-index-v1,snap_2026-07-25T06_v1
2026-05-16,Addis Ababa,Addis Ababa,Asko,9.0489,38.6889,oil and fats,Cooking oil,L,actual,Retail,ETB,153.25,1.0946,4,3,agent:3|user:1,published,waga-index-v1,snap_2026-07-25T06_v1
2026-05-16,Addis Ababa,Addis Ababa,Saris,8.9797,38.7622,cereals and tubers,Teff (mixed),KG,actual,Retail,ETB,90.25,0.6446,4,3,agent:3|user:1,published,waga-index-v1,snap_2026-07-25T06_v1
2026-05-16,Addis Ababa,Addis Ababa,Saris,8.9797,38.7622,cereals and tubers,Wheat,KG,actual,Retail,ETB,57.61,0.4115,9,6,agent:7|user:2,published,waga-index-v1,snap_2026-07-25T06_v1
2026-05-16,Addis Ababa,Addis Ababa,Saris,8.9797,38.7622,cereals and tubers,Maize,KG,actual,Retail,ETB,38.15,0.2725,8,5,agent:6|user:2,published,waga-index-v1,snap_2026-07-25T06_v1
2026-05-16,Addis Ababa,Addis Ababa,Saris,8.9797,38.7622,vegetables and fruits,Onion,KG,actual,Retail,ETB,36.35,0.2596,3,2,agent:2|user:1,published,waga-index-v1,snap_2026-07-25T06_v1
2026-05-16,Addis Ababa,Addis Ababa,Saris,8.9797,38.7622,oil and fats,Cooking oil,L,actual,Retail,ETB,,,1,1,agent:1,insufficient_data,waga-index-v1,snap_2026-07-25T06_v1
2026-05-16,Addis Ababa,Addis Ababa,Akaki,8.8939,38.8069,cereals and tubers,Teff (mixed),KG,actual,Retail,ETB,92.15,0.6582,5,3,agent:4|user:1,published,waga-index-v1,snap_2026-07-25T06_v1
2026-05-16,Addis Ababa,Addis Ababa,Akaki,8.8939,38.8069,cereals and tubers,Wheat,KG,actual,Retail,ETB,57.36,0.4097,9,6,agent:7|user:2,published,waga-index-v1,snap_2026-07-25T06_v1
2026-05-16,Addis Ababa,Addis Ababa,Akaki,8.8939,38.8069,cereals and tubers,Maize,KG,actual,Retail,ETB,38.41,0.2744,5,3,agent:4|user:1,published,waga-index-v1,snap_2026-07-25T06_v1
2026-05-16,Addis Ababa,Addis Ababa,Akaki,8.8939,38.8069,vegetables and fruits,Onion,KG,actual,Retail,ETB,36.00,0.2571,8,5,agent:6|user:2,published,waga-index-v1,snap_2026-07-25T06_v1
2026-05-16,Addis Ababa,Addis Ababa,Akaki,8.8939,38.8069,oil and fats,Cooking oil,L,actual,Retail,ETB,157.87,1.1276,8,5,agent:6|user:2,published,waga-index-v1,snap_2026-07-25T06_v1
2026-05-16,Addis Ababa,Addis Ababa,Kera,8.9994,38.7481,cereals and tubers,Teff (mixed),KG,actual,Retail,ETB,93.12,0.6651,4,3,agent:3|user:1,published,waga-index-v1,snap_2026-07-25T06_v1
2026-05-16,Addis Ababa,Addis Ababa,Kera,8.9994,38.7481,cereals and tubers,Wheat,KG,actual,Retail,ETB,58.52,0.4180,4,3,agent:3|user:1,published,waga-index-v1,snap_2026-07-25T06_v1
2026-05-16,Addis Ababa,Addis Ababa,Kera,8.9994,38.7481,cereals and tubers,Maize,KG,actual,Retail,ETB,38.54,0.2753,8,5,agent:6|user:2,published,waga-index-v1,snap_2026-07-25T06_v1
2026-05-16,Addis Ababa,Addis Ababa,Kera,8.9994,38.7481,vegetables and fruits,Onion,KG,actual,Retail,ETB,36.78,0.2627,4,3,agent:3|user:1,published,waga-index-v1,snap_2026-07-25T06_v1
2026-05-16,Addis Ababa,Addis Ababa,Kera,8.9994,38.7481,oil and fats,Cooking oil,L,actual,Retail,ETB,163.71,1.1694,6,4,agent:4|user:2,published,waga-index-v1,snap_2026-07-25T06_v1
2026-05-16,Addis Ababa,Addis Ababa,Shola Gebeya,9.0244,38.7986,cereals and tubers,Teff (mixed),KG,actual,Retail,ETB,,,1,1,agent:1,insufficient_data,waga-index-v1,snap_2026-07-25T06_v1
2026-05-16,Addis Ababa,Addis Ababa,Shola Gebeya,9.0244,38.7986,cereals and tubers,Wheat,KG,actual,Retail,ETB,60.23,0.4302,7,5,agent:5|user:2,published,waga-index-v1,snap_2026-07-25T06_v1
2026-05-16,Addis Ababa,Addis Ababa,Shola Gebeya,9.0244,38.7986,cereals and tubers,Maize,KG,actual,Retail,ETB,40.27,0.2876,9,6,agent:7|user:2,published,waga-index-v1,snap_2026-07-25T06_v1
2026-05-16,Addis Ababa,Addis Ababa,Shola Gebeya,9.0244,38.7986,vegetables and fruits,Onion,KG,actual,Retail,ETB,38.97,0.2784,6,4,agent:4|user:2,published,waga-index-v1,snap_2026-07-25T06_v1
2026-05-16,Addis Ababa,Addis Ababa,Shola Gebeya,9.0244,38.7986,oil and fats,Cooking oil,L,actual,Retail,ETB,162.66,1.1619,8,5,agent:6|user:2,published,waga-index-v1,snap_2026-07-25T06_v1
2026-05-16,Addis Ababa,Addis Ababa,Piazza,9.0356,38.7522,cereals and tubers,Teff (mixed),KG,actual,Retail,ETB,99.67,0.7119,8,5,agent:6|user:2,published,waga-index-v1,snap_2026-07-25T06_v1
2026-05-16,Addis Ababa,Addis Ababa,Piazza,9.0356,38.7522,cereals and tubers,Wheat,KG,actual,Retail,ETB,62.76,0.4483,9,6,agent:7|user:2,published,waga-index-v1,snap_2026-07-25T06_v1
2026-05-16,Addis Ababa,Addis Ababa,Piazza,9.0356,38.7522,cereals and tubers,Maize,KG,actual,Retail,ETB,41.50,0.2964,9,6,agent:7|user:2,published,waga-index-v1,snap_2026-07-25T06_v1
2026-05-16,Addis Ababa,Addis Ababa,Piazza,9.0356,38.7522,vegetables and fruits,Onion,KG,actual,Retail,ETB,38.86,0.2776,4,3,agent:3|user:1,published,waga-index-v1,snap_2026-07-25T06_v1
2026-05-16,Addis Ababa,Addis Ababa,Piazza,9.0356,38.7522,oil and fats,Cooking oil,L,actual,Retail,ETB,165.59,1.1828,3,2,agent:2|user:1,published,waga-index-v1,snap_2026-07-25T06_v1
2026-05-17,Addis Ababa,Addis Ababa,Merkato,9.0341,38.7395,cereals and tubers,Teff (mixed),KG,actual,Retail,ETB,86.41,0.6172,4,3,agent:3|user:1,published,waga-index-v1,snap_2026-07-25T06_v1
2026-05-17,Addis Ababa,Addis Ababa,Merkato,9.0341,38.7395,cereals and tubers,Wheat,KG,actual,Retail,ETB,51.38,0.3670,5,3,agent:4|user:1,published,waga-index-v1,snap_2026-07-25T06_v1
2026-05-17,Addis Ababa,Addis Ababa,Merkato,9.0341,38.7395,cereals and tubers,Maize,KG,actual,Retail,ETB,34.89,0.2492,3,2,agent:2|user:1,published,waga-index-v1,snap_2026-07-25T06_v1
2026-05-17,Addis Ababa,Addis Ababa,Merkato,9.0341,38.7395,vegetables and fruits,Onion,KG,actual,Retail,ETB,35.05,0.2504,5,3,agent:4|user:1,published,waga-index-v1,snap_2026-07-25T06_v1
2026-05-17,Addis Ababa,Addis Ababa,Merkato,9.0341,38.7395,oil and fats,Cooking oil,L,actual,Retail,ETB,147.41,1.0529,3,2,agent:2|user:1,published,waga-index-v1,snap_2026-07-25T06_v1
2026-05-17,Addis Ababa,Addis Ababa,Ehil Berenda,9.0333,38.7389,cereals and tubers,Teff (mixed),KG,actual,Retail,ETB,80.75,0.5768,6,4,agent:4|user:2,published,waga-index-v1,snap_2026-07-25T06_v1
2026-05-17,Addis Ababa,Addis Ababa,Ehil Berenda,9.0333,38.7389,cereals and tubers,Wheat,KG,actual,Retail,ETB,57.04,0.4074,7,5,agent:5|user:2,published,waga-index-v1,snap_2026-07-25T06_v1
2026-05-17,Addis Ababa,Addis Ababa,Ehil Berenda,9.0333,38.7389,cereals and tubers,Maize,KG,actual,Retail,ETB,37.07,0.2648,6,4,agent:4|user:2,published,waga-index-v1,snap_2026-07-25T06_v1
2026-05-17,Addis Ababa,Addis Ababa,Ehil Berenda,9.0333,38.7389,vegetables and fruits,Onion,KG,actual,Retail,ETB,34.66,0.2476,4,3,agent:3|user:1,published,waga-index-v1,snap_2026-07-25T06_v1
2026-05-17,Addis Ababa,Addis Ababa,Ehil Berenda,9.0333,38.7389,oil and fats,Cooking oil,L,actual,Retail,ETB,150.74,1.0767,3,2,agent:2|user:1,published,waga-index-v1,snap_2026-07-25T06_v1
2026-05-17,Addis Ababa,Addis Ababa,Atikilt Tera,9.03,38.745,cereals and tubers,Teff (mixed),KG,actual,Retail,ETB,,,1,1,agent:1,insufficient_data,waga-index-v1,snap_2026-07-25T06_v1
2026-05-17,Addis Ababa,Addis Ababa,Atikilt Tera,9.03,38.745,cereals and tubers,Wheat,KG,actual,Retail,ETB,55.72,0.3980,8,5,agent:6|user:2,published,waga-index-v1,snap_2026-07-25T06_v1
2026-05-17,Addis Ababa,Addis Ababa,Atikilt Tera,9.03,38.745,cereals and tubers,Maize,KG,actual,Retail,ETB,37.05,0.2646,3,2,agent:2|user:1,published,waga-index-v1,snap_2026-07-25T06_v1
2026-05-17,Addis Ababa,Addis Ababa,Atikilt Tera,9.03,38.745,vegetables and fruits,Onion,KG,actual,Retail,ETB,31.63,0.2259,4,3,agent:3|user:1,published,waga-index-v1,snap_2026-07-25T06_v1
2026-05-17,Addis Ababa,Addis Ababa,Atikilt Tera,9.03,38.745,oil and fats,Cooking oil,L,actual,Retail,ETB,142.32,1.0166,3,2,agent:2|user:1,published,waga-index-v1,snap_2026-07-25T06_v1
2026-05-17,Addis Ababa,Addis Ababa,Asko,9.0489,38.6889,cereals and tubers,Teff (mixed),KG,actual,Retail,ETB,89.26,0.6376,9,6,agent:7|user:2,published,waga-index-v1,snap_2026-07-25T06_v1
2026-05-17,Addis Ababa,Addis Ababa,Asko,9.0489,38.6889,cereals and tubers,Wheat,KG,actual,Retail,ETB,57.26,0.4090,6,4,agent:4|user:2,published,waga-index-v1,snap_2026-07-25T06_v1
2026-05-17,Addis Ababa,Addis Ababa,Asko,9.0489,38.6889,cereals and tubers,Maize,KG,actual,Retail,ETB,37.87,0.2705,8,5,agent:6|user:2,published,waga-index-v1,snap_2026-07-25T06_v1
2026-05-17,Addis Ababa,Addis Ababa,Asko,9.0489,38.6889,vegetables and fruits,Onion,KG,actual,Retail,ETB,35.19,0.2514,3,2,agent:2|user:1,published,waga-index-v1,snap_2026-07-25T06_v1
2026-05-17,Addis Ababa,Addis Ababa,Asko,9.0489,38.6889,oil and fats,Cooking oil,L,actual,Retail,ETB,152.91,1.0922,8,5,agent:6|user:2,published,waga-index-v1,snap_2026-07-25T06_v1
2026-05-17,Addis Ababa,Addis Ababa,Saris,8.9797,38.7622,cereals and tubers,Teff (mixed),KG,actual,Retail,ETB,89.81,0.6415,6,4,agent:4|user:2,published,waga-index-v1,snap_2026-07-25T06_v1
2026-05-17,Addis Ababa,Addis Ababa,Saris,8.9797,38.7622,cereals and tubers,Wheat,KG,actual,Retail,ETB,57.04,0.4074,8,5,agent:6|user:2,published,waga-index-v1,snap_2026-07-25T06_v1
2026-05-17,Addis Ababa,Addis Ababa,Saris,8.9797,38.7622,cereals and tubers,Maize,KG,actual,Retail,ETB,38.39,0.2742,3,2,agent:2|user:1,published,waga-index-v1,snap_2026-07-25T06_v1
2026-05-17,Addis Ababa,Addis Ababa,Saris,8.9797,38.7622,vegetables and fruits,Onion,KG,actual,Retail,ETB,36.21,0.2586,7,5,agent:5|user:2,published,waga-index-v1,snap_2026-07-25T06_v1
2026-05-17,Addis Ababa,Addis Ababa,Saris,8.9797,38.7622,oil and fats,Cooking oil,L,actual,Retail,ETB,155.16,1.1083,3,2,agent:2|user:1,published,waga-index-v1,snap_2026-07-25T06_v1
2026-05-17,Addis Ababa,Addis Ababa,Akaki,8.8939,38.8069,cereals and tubers,Teff (mixed),KG,actual,Retail,ETB,91.00,0.6500,6,4,agent:4|user:2,published,waga-index-v1,snap_2026-07-25T06_v1
2026-05-17,Addis Ababa,Addis Ababa,Akaki,8.8939,38.8069,cereals and tubers,Wheat,KG,actual,Retail,ETB,57.12,0.4080,7,5,agent:5|user:2,published,waga-index-v1,snap_2026-07-25T06_v1
2026-05-17,Addis Ababa,Addis Ababa,Akaki,8.8939,38.8069,cereals and tubers,Maize,KG,actual,Retail,ETB,38.31,0.2736,7,5,agent:5|user:2,published,waga-index-v1,snap_2026-07-25T06_v1
2026-05-17,Addis Ababa,Addis Ababa,Akaki,8.8939,38.8069,vegetables and fruits,Onion,KG,actual,Retail,ETB,36.56,0.2611,4,3,agent:3|user:1,published,waga-index-v1,snap_2026-07-25T06_v1
2026-05-17,Addis Ababa,Addis Ababa,Akaki,8.8939,38.8069,oil and fats,Cooking oil,L,actual,Retail,ETB,157.41,1.1244,5,3,agent:4|user:1,published,waga-index-v1,snap_2026-07-25T06_v1
2026-05-17,Addis Ababa,Addis Ababa,Kera,8.9994,38.7481,cereals and tubers,Teff (mixed),KG,actual,Retail,ETB,94.14,0.6724,4,3,agent:3|user:1,published,waga-index-v1,snap_2026-07-25T06_v1
2026-05-17,Addis Ababa,Addis Ababa,Kera,8.9994,38.7481,cereals and tubers,Wheat,KG,actual,Retail,ETB,57.74,0.4124,5,3,agent:4|user:1,published,waga-index-v1,snap_2026-07-25T06_v1
2026-05-17,Addis Ababa,Addis Ababa,Kera,8.9994,38.7481,cereals and tubers,Maize,KG,actual,Retail,ETB,38.33,0.2738,5,3,agent:4|user:1,published,waga-index-v1,snap_2026-07-25T06_v1
2026-05-17,Addis Ababa,Addis Ababa,Kera,8.9994,38.7481,vegetables and fruits,Onion,KG,actual,Retail,ETB,37.43,0.2674,7,5,agent:5|user:2,published,waga-index-v1,snap_2026-07-25T06_v1
2026-05-17,Addis Ababa,Addis Ababa,Kera,8.9994,38.7481,oil and fats,Cooking oil,L,actual,Retail,ETB,161.78,1.1556,4,3,agent:3|user:1,published,waga-index-v1,snap_2026-07-25T06_v1
2026-05-17,Addis Ababa,Addis Ababa,Shola Gebeya,9.0244,38.7986,cereals and tubers,Teff (mixed),KG,actual,Retail,ETB,96.34,0.6881,3,2,agent:2|user:1,published,waga-index-v1,snap_2026-07-25T06_v1
2026-05-17,Addis Ababa,Addis Ababa,Shola Gebeya,9.0244,38.7986,cereals and tubers,Wheat,KG,actual,Retail,ETB,60.43,0.4316,4,3,agent:3|user:1,published,waga-index-v1,snap_2026-07-25T06_v1
2026-05-17,Addis Ababa,Addis Ababa,Shola Gebeya,9.0244,38.7986,cereals and tubers,Maize,KG,actual,Retail,ETB,40.27,0.2876,7,5,agent:5|user:2,published,waga-index-v1,snap_2026-07-25T06_v1
2026-05-17,Addis Ababa,Addis Ababa,Shola Gebeya,9.0244,38.7986,vegetables and fruits,Onion,KG,actual,Retail,ETB,39.18,0.2799,7,5,agent:5|user:2,published,waga-index-v1,snap_2026-07-25T06_v1
2026-05-17,Addis Ababa,Addis Ababa,Shola Gebeya,9.0244,38.7986,oil and fats,Cooking oil,L,actual,Retail,ETB,161.17,1.1512,3,2,agent:2|user:1,published,waga-index-v1,snap_2026-07-25T06_v1
2026-05-17,Addis Ababa,Addis Ababa,Piazza,9.0356,38.7522,cereals and tubers,Teff (mixed),KG,actual,Retail,ETB,101.09,0.7221,6,4,agent:4|user:2,published,waga-index-v1,snap_2026-07-25T06_v1
2026-05-17,Addis Ababa,Addis Ababa,Piazza,9.0356,38.7522,cereals and tubers,Wheat,KG,actual,Retail,ETB,62.87,0.4491,7,5,agent:5|user:2,published,waga-index-v1,snap_2026-07-25T06_v1
2026-05-17,Addis Ababa,Addis Ababa,Piazza,9.0356,38.7522,cereals and tubers,Maize,KG,actual,Retail,ETB,41.13,0.2938,4,3,agent:3|user:1,published,waga-index-v1,snap_2026-07-25T06_v1
2026-05-17,Addis Ababa,Addis Ababa,Piazza,9.0356,38.7522,vegetables and fruits,Onion,KG,actual,Retail,ETB,,,1,1,agent:1,insufficient_data,waga-index-v1,snap_2026-07-25T06_v1
2026-05-17,Addis Ababa,Addis Ababa,Piazza,9.0356,38.7522,oil and fats,Cooking oil,L,actual,Retail,ETB,167.26,1.1947,8,5,agent:6|user:2,published,waga-index-v1,snap_2026-07-25T06_v1
2026-05-18,Addis Ababa,Addis Ababa,Merkato,9.0341,38.7395,cereals and tubers,Teff (mixed),KG,actual,Retail,ETB,85.74,0.6124,6,4,agent:4|user:2,published,waga-index-v1,snap_2026-07-25T06_v1
2026-05-18,Addis Ababa,Addis Ababa,Merkato,9.0341,38.7395,cereals and tubers,Wheat,KG,actual,Retail,ETB,,,0,0,,insufficient_data,waga-index-v1,snap_2026-07-25T06_v1
2026-05-18,Addis Ababa,Addis Ababa,Merkato,9.0341,38.7395,cereals and tubers,Maize,KG,actual,Retail,ETB,35.03,0.2502,6,4,agent:4|user:2,published,waga-index-v1,snap_2026-07-25T06_v1
2026-05-18,Addis Ababa,Addis Ababa,Merkato,9.0341,38.7395,vegetables and fruits,Onion,KG,actual,Retail,ETB,34.71,0.2479,9,6,agent:7|user:2,published,waga-index-v1,snap_2026-07-25T06_v1
2026-05-18,Addis Ababa,Addis Ababa,Merkato,9.0341,38.7395,oil and fats,Cooking oil,L,actual,Retail,ETB,148.13,1.0581,8,5,agent:6|user:2,published,waga-index-v1,snap_2026-07-25T06_v1
2026-05-18,Addis Ababa,Addis Ababa,Ehil Berenda,9.0333,38.7389,cereals and tubers,Teff (mixed),KG,actual,Retail,ETB,81.03,0.5788,8,5,agent:6|user:2,published,waga-index-v1,snap_2026-07-25T06_v1
2026-05-18,Addis Ababa,Addis Ababa,Ehil Berenda,9.0333,38.7389,cereals and tubers,Wheat,KG,actual,Retail,ETB,56.96,0.4069,5,3,agent:4|user:1,published,waga-index-v1,snap_2026-07-25T06_v1
2026-05-18,Addis Ababa,Addis Ababa,Ehil Berenda,9.0333,38.7389,cereals and tubers,Maize,KG,actual,Retail,ETB,37.23,0.2659,8,5,agent:6|user:2,published,waga-index-v1,snap_2026-07-25T06_v1
2026-05-18,Addis Ababa,Addis Ababa,Ehil Berenda,9.0333,38.7389,vegetables and fruits,Onion,KG,actual,Retail,ETB,35.05,0.2504,8,5,agent:6|user:2,published,waga-index-v1,snap_2026-07-25T06_v1
2026-05-18,Addis Ababa,Addis Ababa,Ehil Berenda,9.0333,38.7389,oil and fats,Cooking oil,L,actual,Retail,ETB,149.61,1.0686,9,6,agent:7|user:2,published,waga-index-v1,snap_2026-07-25T06_v1
2026-05-18,Addis Ababa,Addis Ababa,Atikilt Tera,9.03,38.745,cereals and tubers,Teff (mixed),KG,actual,Retail,ETB,90.56,0.6469,5,3,agent:4|user:1,published,waga-index-v1,snap_2026-07-25T06_v1
2026-05-18,Addis Ababa,Addis Ababa,Atikilt Tera,9.03,38.745,cereals and tubers,Wheat,KG,actual,Retail,ETB,55.95,0.3996,7,5,agent:5|user:2,published,waga-index-v1,snap_2026-07-25T06_v1
2026-05-18,Addis Ababa,Addis Ababa,Atikilt Tera,9.03,38.745,cereals and tubers,Maize,KG,actual,Retail,ETB,37.57,0.2684,8,5,agent:6|user:2,published,waga-index-v1,snap_2026-07-25T06_v1
2026-05-18,Addis Ababa,Addis Ababa,Atikilt Tera,9.03,38.745,vegetables and fruits,Onion,KG,actual,Retail,ETB,31.74,0.2267,9,6,agent:7|user:2,published,waga-index-v1,snap_2026-07-25T06_v1
2026-05-18,Addis Ababa,Addis Ababa,Atikilt Tera,9.03,38.745,oil and fats,Cooking oil,L,actual,Retail,ETB,144.60,1.0329,8,5,agent:6|user:2,published,waga-index-v1,snap_2026-07-25T06_v1
2026-05-18,Addis Ababa,Addis Ababa,Asko,9.0489,38.6889,cereals and tubers,Teff (mixed),KG,actual,Retail,ETB,88.57,0.6326,9,6,agent:7|user:2,published,waga-index-v1,snap_2026-07-25T06_v1
2026-05-18,Addis Ababa,Addis Ababa,Asko,9.0489,38.6889,cereals and tubers,Wheat,KG,actual,Retail,ETB,57.71,0.4122,5,3,agent:4|user:1,published,waga-index-v1,snap_2026-07-25T06_v1
2026-05-18,Addis Ababa,Addis Ababa,Asko,9.0489,38.6889,cereals and tubers,Maize,KG,actual,Retail,ETB,37.59,0.2685,3,2,agent:2|user:1,published,waga-index-v1,snap_2026-07-25T06_v1
2026-05-18,Addis Ababa,Addis Ababa,Asko,9.0489,38.6889,vegetables and fruits,Onion,KG,actual,Retail,ETB,35.61,0.2544,8,5,agent:6|user:2,published,waga-index-v1,snap_2026-07-25T06_v1
2026-05-18,Addis Ababa,Addis Ababa,Asko,9.0489,38.6889,oil and fats,Cooking oil,L,actual,Retail,ETB,153.29,1.0949,9,6,agent:7|user:2,published,waga-index-v1,snap_2026-07-25T06_v1
2026-05-18,Addis Ababa,Addis Ababa,Saris,8.9797,38.7622,cereals and tubers,Teff (mixed),KG,actual,Retail,ETB,89.75,0.6411,7,5,agent:5|user:2,published,waga-index-v1,snap_2026-07-25T06_v1
2026-05-18,Addis Ababa,Addis Ababa,Saris,8.9797,38.7622,cereals and tubers,Wheat,KG,actual,Retail,ETB,57.13,0.4081,9,6,agent:7|user:2,published,waga-index-v1,snap_2026-07-25T06_v1
2026-05-18,Addis Ababa,Addis Ababa,Saris,8.9797,38.7622,cereals and tubers,Maize,KG,actual,Retail,ETB,38.49,0.2749,5,3,agent:4|user:1,published,waga-index-v1,snap_2026-07-25T06_v1
2026-05-18,Addis Ababa,Addis Ababa,Saris,8.9797,38.7622,vegetables and fruits,Onion,KG,actual,Retail,ETB,36.16,0.2583,3,2,agent:2|user:1,published,waga-index-v1,snap_2026-07-25T06_v1
2026-05-18,Addis Ababa,Addis Ababa,Saris,8.9797,38.7622,oil and fats,Cooking oil,L,actual,Retail,ETB,,,1,1,agent:1,insufficient_data,waga-index-v1,snap_2026-07-25T06_v1
2026-05-18,Addis Ababa,Addis Ababa,Akaki,8.8939,38.8069,cereals and tubers,Teff (mixed),KG,actual,Retail,ETB,91.85,0.6561,3,2,agent:2|user:1,published,waga-index-v1,snap_2026-07-25T06_v1
2026-05-18,Addis Ababa,Addis Ababa,Akaki,8.8939,38.8069,cereals and tubers,Wheat,KG,actual,Retail,ETB,57.05,0.4075,7,5,agent:5|user:2,published,waga-index-v1,snap_2026-07-25T06_v1
2026-05-18,Addis Ababa,Addis Ababa,Akaki,8.8939,38.8069,cereals and tubers,Maize,KG,actual,Retail,ETB,38.78,0.2770,5,3,agent:4|user:1,published,waga-index-v1,snap_2026-07-25T06_v1
2026-05-18,Addis Ababa,Addis Ababa,Akaki,8.8939,38.8069,vegetables and fruits,Onion,KG,actual,Retail,ETB,36.31,0.2594,4,3,agent:3|user:1,published,waga-index-v1,snap_2026-07-25T06_v1
2026-05-18,Addis Ababa,Addis Ababa,Akaki,8.8939,38.8069,oil and fats,Cooking oil,L,actual,Retail,ETB,157.90,1.1279,7,5,agent:5|user:2,published,waga-index-v1,snap_2026-07-25T06_v1
2026-05-18,Addis Ababa,Addis Ababa,Kera,8.9994,38.7481,cereals and tubers,Teff (mixed),KG,actual,Retail,ETB,92.91,0.6636,5,3,agent:4|user:1,published,waga-index-v1,snap_2026-07-25T06_v1
2026-05-18,Addis Ababa,Addis Ababa,Kera,8.9994,38.7481,cereals and tubers,Wheat,KG,actual,Retail,ETB,58.54,0.4181,7,5,agent:5|user:2,published,waga-index-v1,snap_2026-07-25T06_v1
2026-05-18,Addis Ababa,Addis Ababa,Kera,8.9994,38.7481,cereals and tubers,Maize,KG,actual,Retail,ETB,39.04,0.2789,5,3,agent:4|user:1,published,waga-index-v1,snap_2026-07-25T06_v1
2026-05-18,Addis Ababa,Addis Ababa,Kera,8.9994,38.7481,vegetables and fruits,Onion,KG,actual,Retail,ETB,37.60,0.2686,7,5,agent:5|user:2,published,waga-index-v1,snap_2026-07-25T06_v1
2026-05-18,Addis Ababa,Addis Ababa,Kera,8.9994,38.7481,oil and fats,Cooking oil,L,actual,Retail,ETB,160.61,1.1472,8,5,agent:6|user:2,published,waga-index-v1,snap_2026-07-25T06_v1
2026-05-18,Addis Ababa,Addis Ababa,Shola Gebeya,9.0244,38.7986,cereals and tubers,Teff (mixed),KG,actual,Retail,ETB,97.78,0.6984,4,3,agent:3|user:1,published,waga-index-v1,snap_2026-07-25T06_v1
2026-05-18,Addis Ababa,Addis Ababa,Shola Gebeya,9.0244,38.7986,cereals and tubers,Wheat,KG,actual,Retail,ETB,59.85,0.4275,4,3,agent:3|user:1,published,waga-index-v1,snap_2026-07-25T06_v1
2026-05-18,Addis Ababa,Addis Ababa,Shola Gebeya,9.0244,38.7986,cereals and tubers,Maize,KG,actual,Retail,ETB,40.12,0.2866,6,4,agent:4|user:2,published,waga-index-v1,snap_2026-07-25T06_v1
2026-05-18,Addis Ababa,Addis Ababa,Shola Gebeya,9.0244,38.7986,vegetables and fruits,Onion,KG,actual,Retail,ETB,39.27,0.2805,7,5,agent:5|user:2,published,waga-index-v1,snap_2026-07-25T06_v1
2026-05-18,Addis Ababa,Addis Ababa,Shola Gebeya,9.0244,38.7986,oil and fats,Cooking oil,L,actual,Retail,ETB,162.48,1.1606,5,3,agent:4|user:1,published,waga-index-v1,snap_2026-07-25T06_v1
2026-05-18,Addis Ababa,Addis Ababa,Piazza,9.0356,38.7522,cereals and tubers,Teff (mixed),KG,actual,Retail,ETB,101.56,0.7254,9,6,agent:7|user:2,published,waga-index-v1,snap_2026-07-25T06_v1
2026-05-18,Addis Ababa,Addis Ababa,Piazza,9.0356,38.7522,cereals and tubers,Wheat,KG,actual,Retail,ETB,63.57,0.4541,6,4,agent:4|user:2,published,waga-index-v1,snap_2026-07-25T06_v1
2026-05-18,Addis Ababa,Addis Ababa,Piazza,9.0356,38.7522,cereals and tubers,Maize,KG,actual,Retail,ETB,41.38,0.2956,3,2,agent:2|user:1,published,waga-index-v1,snap_2026-07-25T06_v1
2026-05-18,Addis Ababa,Addis Ababa,Piazza,9.0356,38.7522,vegetables and fruits,Onion,KG,actual,Retail,ETB,39.25,0.2804,8,5,agent:6|user:2,published,waga-index-v1,snap_2026-07-25T06_v1
2026-05-18,Addis Ababa,Addis Ababa,Piazza,9.0356,38.7522,oil and fats,Cooking oil,L,actual,Retail,ETB,166.20,1.1871,7,5,agent:5|user:2,published,waga-index-v1,snap_2026-07-25T06_v1
2026-05-19,Addis Ababa,Addis Ababa,Merkato,9.0341,38.7395,cereals and tubers,Teff (mixed),KG,actual,Retail,ETB,86.90,0.6207,5,3,agent:4|user:1,published,waga-index-v1,snap_2026-07-25T06_v1
2026-05-19,Addis Ababa,Addis Ababa,Merkato,9.0341,38.7395,cereals and tubers,Wheat,KG,actual,Retail,ETB,51.24,0.3660,5,3,agent:4|user:1,published,waga-index-v1,snap_2026-07-25T06_v1
2026-05-19,Addis Ababa,Addis Ababa,Merkato,9.0341,38.7395,cereals and tubers,Maize,KG,actual,Retail,ETB,35.07,0.2505,5,3,agent:4|user:1,published,waga-index-v1,snap_2026-07-25T06_v1
2026-05-19,Addis Ababa,Addis Ababa,Merkato,9.0341,38.7395,vegetables and fruits,Onion,KG,actual,Retail,ETB,34.50,0.2464,3,2,agent:2|user:1,published,waga-index-v1,snap_2026-07-25T06_v1
2026-05-19,Addis Ababa,Addis Ababa,Merkato,9.0341,38.7395,oil and fats,Cooking oil,L,actual,Retail,ETB,147.86,1.0561,7,5,agent:5|user:2,published,waga-index-v1,snap_2026-07-25T06_v1
2026-05-19,Addis Ababa,Addis Ababa,Ehil Berenda,9.0333,38.7389,cereals and tubers,Teff (mixed),KG,actual,Retail,ETB,80.51,0.5751,8,5,agent:6|user:2,published,waga-index-v1,snap_2026-07-25T06_v1
2026-05-19,Addis Ababa,Addis Ababa,Ehil Berenda,9.0333,38.7389,cereals and tubers,Wheat,KG,actual,Retail,ETB,56.48,0.4034,3,2,agent:2|user:1,published,waga-index-v1,snap_2026-07-25T06_v1
2026-05-19,Addis Ababa,Addis Ababa,Ehil Berenda,9.0333,38.7389,cereals and tubers,Maize,KG,actual,Retail,ETB,37.16,0.2654,7,5,agent:5|user:2,published,waga-index-v1,snap_2026-07-25T06_v1
2026-05-19,Addis Ababa,Addis Ababa,Ehil Berenda,9.0333,38.7389,vegetables and fruits,Onion,KG,actual,Retail,ETB,35.17,0.2512,3,2,agent:2|user:1,published,waga-index-v1,snap_2026-07-25T06_v1
2026-05-19,Addis Ababa,Addis Ababa,Ehil Berenda,9.0333,38.7389,oil and fats,Cooking oil,L,actual,Retail,ETB,151.55,1.0825,7,5,agent:5|user:2,published,waga-index-v1,snap_2026-07-25T06_v1
2026-05-19,Addis Ababa,Addis Ababa,Atikilt Tera,9.03,38.745,cereals and tubers,Teff (mixed),KG,actual,Retail,ETB,90.26,0.6447,9,6,agent:7|user:2,published,waga-index-v1,snap_2026-07-25T06_v1
2026-05-19,Addis Ababa,Addis Ababa,Atikilt Tera,9.03,38.745,cereals and tubers,Wheat,KG,actual,Retail,ETB,55.80,0.3986,7,5,agent:5|user:2,published,waga-index-v1,snap_2026-07-25T06_v1
2026-05-19,Addis Ababa,Addis Ababa,Atikilt Tera,9.03,38.745,cereals and tubers,Maize,KG,actual,Retail,ETB,37.87,0.2705,6,4,agent:4|user:2,published,waga-index-v1,snap_2026-07-25T06_v1
2026-05-19,Addis Ababa,Addis Ababa,Atikilt Tera,9.03,38.745,vegetables and fruits,Onion,KG,actual,Retail,ETB,31.49,0.2249,6,4,agent:4|user:2,published,waga-index-v1,snap_2026-07-25T06_v1
2026-05-19,Addis Ababa,Addis Ababa,Atikilt Tera,9.03,38.745,oil and fats,Cooking oil,L,actual,Retail,ETB,142.24,1.0160,5,3,agent:4|user:1,published,waga-index-v1,snap_2026-07-25T06_v1
2026-05-19,Addis Ababa,Addis Ababa,Asko,9.0489,38.6889,cereals and tubers,Teff (mixed),KG,actual,Retail,ETB,88.31,0.6308,4,3,agent:3|user:1,published,waga-index-v1,snap_2026-07-25T06_v1
2026-05-19,Addis Ababa,Addis Ababa,Asko,9.0489,38.6889,cereals and tubers,Wheat,KG,actual,Retail,ETB,57.43,0.4102,6,4,agent:4|user:2,published,waga-index-v1,snap_2026-07-25T06_v1
2026-05-19,Addis Ababa,Addis Ababa,Asko,9.0489,38.6889,cereals and tubers,Maize,KG,actual,Retail,ETB,37.33,0.2666,4,3,agent:3|user:1,published,waga-index-v1,snap_2026-07-25T06_v1
2026-05-19,Addis Ababa,Addis Ababa,Asko,9.0489,38.6889,vegetables and fruits,Onion,KG,actual,Retail,ETB,35.41,0.2529,3,2,agent:2|user:1,published,waga-index-v1,snap_2026-07-25T06_v1
2026-05-19,Addis Ababa,Addis Ababa,Asko,9.0489,38.6889,oil and fats,Cooking oil,L,actual,Retail,ETB,152.05,1.0861,9,6,agent:7|user:2,published,waga-index-v1,snap_2026-07-25T06_v1
2026-05-19,Addis Ababa,Addis Ababa,Saris,8.9797,38.7622,cereals and tubers,Teff (mixed),KG,actual,Retail,ETB,89.93,0.6424,4,3,agent:3|user:1,published,waga-index-v1,snap_2026-07-25T06_v1
2026-05-19,Addis Ababa,Addis Ababa,Saris,8.9797,38.7622,cereals and tubers,Wheat,KG,actual,Retail,ETB,57.38,0.4099,8,5,agent:6|user:2,published,waga-index-v1,snap_2026-07-25T06_v1
2026-05-19,Addis Ababa,Addis Ababa,Saris,8.9797,38.7622,cereals and tubers,Maize,KG,actual,Retail,ETB,38.32,0.2737,8,5,agent:6|user:2,published,waga-index-v1,snap_2026-07-25T06_v1
2026-05-19,Addis Ababa,Addis Ababa,Saris,8.9797,38.7622,vegetables and fruits,Onion,KG,actual,Retail,ETB,36.03,0.2574,8,5,agent:6|user:2,published,waga-index-v1,snap_2026-07-25T06_v1
2026-05-19,Addis Ababa,Addis Ababa,Saris,8.9797,38.7622,oil and fats,Cooking oil,L,actual,Retail,ETB,154.16,1.1011,6,4,agent:4|user:2,published,waga-index-v1,snap_2026-07-25T06_v1
2026-05-19,Addis Ababa,Addis Ababa,Akaki,8.8939,38.8069,cereals and tubers,Teff (mixed),KG,actual,Retail,ETB,92.61,0.6615,7,5,agent:5|user:2,published,waga-index-v1,snap_2026-07-25T06_v1
2026-05-19,Addis Ababa,Addis Ababa,Akaki,8.8939,38.8069,cereals and tubers,Wheat,KG,actual,Retail,ETB,57.09,0.4078,8,5,agent:6|user:2,published,waga-index-v1,snap_2026-07-25T06_v1
2026-05-19,Addis Ababa,Addis Ababa,Akaki,8.8939,38.8069,cereals and tubers,Maize,KG,actual,Retail,ETB,39.03,0.2788,8,5,agent:6|user:2,published,waga-index-v1,snap_2026-07-25T06_v1
2026-05-19,Addis Ababa,Addis Ababa,Akaki,8.8939,38.8069,vegetables and fruits,Onion,KG,actual,Retail,ETB,36.42,0.2601,4,3,agent:3|user:1,published,waga-index-v1,snap_2026-07-25T06_v1
2026-05-19,Addis Ababa,Addis Ababa,Akaki,8.8939,38.8069,oil and fats,Cooking oil,L,actual,Retail,ETB,158.84,1.1346,3,2,agent:2|user:1,published,waga-index-v1,snap_2026-07-25T06_v1
2026-05-19,Addis Ababa,Addis Ababa,Kera,8.9994,38.7481,cereals and tubers,Teff (mixed),KG,actual,Retail,ETB,93.52,0.6680,3,2,agent:2|user:1,published,waga-index-v1,snap_2026-07-25T06_v1
2026-05-19,Addis Ababa,Addis Ababa,Kera,8.9994,38.7481,cereals and tubers,Wheat,KG,actual,Retail,ETB,58.44,0.4174,6,4,agent:4|user:2,published,waga-index-v1,snap_2026-07-25T06_v1
2026-05-19,Addis Ababa,Addis Ababa,Kera,8.9994,38.7481,cereals and tubers,Maize,KG,actual,Retail,ETB,39.34,0.2810,8,5,agent:6|user:2,published,waga-index-v1,snap_2026-07-25T06_v1
2026-05-19,Addis Ababa,Addis Ababa,Kera,8.9994,38.7481,vegetables and fruits,Onion,KG,actual,Retail,ETB,37.62,0.2687,9,6,agent:7|user:2,published,waga-index-v1,snap_2026-07-25T06_v1
2026-05-19,Addis Ababa,Addis Ababa,Kera,8.9994,38.7481,oil and fats,Cooking oil,L,actual,Retail,ETB,161.34,1.1524,9,6,agent:7|user:2,published,waga-index-v1,snap_2026-07-25T06_v1
2026-05-19,Addis Ababa,Addis Ababa,Shola Gebeya,9.0244,38.7986,cereals and tubers,Teff (mixed),KG,actual,Retail,ETB,96.82,0.6916,5,3,agent:4|user:1,published,waga-index-v1,snap_2026-07-25T06_v1
2026-05-19,Addis Ababa,Addis Ababa,Shola Gebeya,9.0244,38.7986,cereals and tubers,Wheat,KG,actual,Retail,ETB,61.06,0.4361,4,3,agent:3|user:1,published,waga-index-v1,snap_2026-07-25T06_v1
2026-05-19,Addis Ababa,Addis Ababa,Shola Gebeya,9.0244,38.7986,cereals and tubers,Maize,KG,actual,Retail,ETB,39.92,0.2851,8,5,agent:6|user:2,published,waga-index-v1,snap_2026-07-25T06_v1
2026-05-19,Addis Ababa,Addis Ababa,Shola Gebeya,9.0244,38.7986,vegetables and fruits,Onion,KG,actual,Retail,ETB,40.51,0.2894,6,4,agent:4|user:2,published,waga-index-v1,snap_2026-07-25T06_v1
2026-05-19,Addis Ababa,Addis Ababa,Shola Gebeya,9.0244,38.7986,oil and fats,Cooking oil,L,actual,Retail,ETB,163.09,1.1649,3,2,agent:2|user:1,published,waga-index-v1,snap_2026-07-25T06_v1
2026-05-19,Addis Ababa,Addis Ababa,Piazza,9.0356,38.7522,cereals and tubers,Teff (mixed),KG,actual,Retail,ETB,102.97,0.7355,7,5,agent:5|user:2,published,waga-index-v1,snap_2026-07-25T06_v1
2026-05-19,Addis Ababa,Addis Ababa,Piazza,9.0356,38.7522,cereals and tubers,Wheat,KG,actual,Retail,ETB,62.80,0.4486,5,3,agent:4|user:1,published,waga-index-v1,snap_2026-07-25T06_v1
2026-05-19,Addis Ababa,Addis Ababa,Piazza,9.0356,38.7522,cereals and tubers,Maize,KG,actual,Retail,ETB,40.94,0.2924,7,5,agent:5|user:2,published,waga-index-v1,snap_2026-07-25T06_v1
2026-05-19,Addis Ababa,Addis Ababa,Piazza,9.0356,38.7522,vegetables and fruits,Onion,KG,actual,Retail,ETB,39.73,0.2838,7,5,agent:5|user:2,published,waga-index-v1,snap_2026-07-25T06_v1
2026-05-19,Addis Ababa,Addis Ababa,Piazza,9.0356,38.7522,oil and fats,Cooking oil,L,actual,Retail,ETB,168.20,1.2014,8,5,agent:6|user:2,published,waga-index-v1,snap_2026-07-25T06_v1
2026-05-20,Addis Ababa,Addis Ababa,Merkato,9.0341,38.7395,cereals and tubers,Teff (mixed),KG,actual,Retail,ETB,87.44,0.6246,3,2,agent:2|user:1,published,waga-index-v1,snap_2026-07-25T06_v1
2026-05-20,Addis Ababa,Addis Ababa,Merkato,9.0341,38.7395,cereals and tubers,Wheat,KG,actual,Retail,ETB,51.74,0.3696,8,5,agent:6|user:2,published,waga-index-v1,snap_2026-07-25T06_v1
2026-05-20,Addis Ababa,Addis Ababa,Merkato,9.0341,38.7395,cereals and tubers,Maize,KG,actual,Retail,ETB,35.11,0.2508,3,2,agent:2|user:1,published,waga-index-v1,snap_2026-07-25T06_v1
2026-05-20,Addis Ababa,Addis Ababa,Merkato,9.0341,38.7395,vegetables and fruits,Onion,KG,actual,Retail,ETB,34.60,0.2471,6,4,agent:4|user:2,published,waga-index-v1,snap_2026-07-25T06_v1
2026-05-20,Addis Ababa,Addis Ababa,Merkato,9.0341,38.7395,oil and fats,Cooking oil,L,actual,Retail,ETB,,,2,2,agent:2,insufficient_data,waga-index-v1,snap_2026-07-25T06_v1
2026-05-20,Addis Ababa,Addis Ababa,Ehil Berenda,9.0333,38.7389,cereals and tubers,Teff (mixed),KG,actual,Retail,ETB,81.10,0.5793,7,5,agent:5|user:2,published,waga-index-v1,snap_2026-07-25T06_v1
2026-05-20,Addis Ababa,Addis Ababa,Ehil Berenda,9.0333,38.7389,cereals and tubers,Wheat,KG,actual,Retail,ETB,57.02,0.4073,9,6,agent:7|user:2,published,waga-index-v1,snap_2026-07-25T06_v1
2026-05-20,Addis Ababa,Addis Ababa,Ehil Berenda,9.0333,38.7389,cereals and tubers,Maize,KG,actual,Retail,ETB,38.01,0.2715,4,3,agent:3|user:1,published,waga-index-v1,snap_2026-07-25T06_v1
2026-05-20,Addis Ababa,Addis Ababa,Ehil Berenda,9.0333,38.7389,vegetables and fruits,Onion,KG,actual,Retail,ETB,34.98,0.2499,5,3,agent:4|user:1,published,waga-index-v1,snap_2026-07-25T06_v1
2026-05-20,Addis Ababa,Addis Ababa,Ehil Berenda,9.0333,38.7389,oil and fats,Cooking oil,L,actual,Retail,ETB,151.08,1.0791,8,5,agent:6|user:2,published,waga-index-v1,snap_2026-07-25T06_v1
2026-05-20,Addis Ababa,Addis Ababa,Atikilt Tera,9.03,38.745,cereals and tubers,Teff (mixed),KG,actual,Retail,ETB,89.32,0.6380,4,3,agent:3|user:1,published,waga-index-v1,snap_2026-07-25T06_v1
2026-05-20,Addis Ababa,Addis Ababa,Atikilt Tera,9.03,38.745,cereals and tubers,Wheat,KG,actual,Retail,ETB,56.52,0.4037,5,3,agent:4|user:1,published,waga-index-v1,snap_2026-07-25T06_v1
2026-05-20,Addis Ababa,Addis Ababa,Atikilt Tera,9.03,38.745,cereals and tubers,Maize,KG,actual,Retail,ETB,38.31,0.2736,6,4,agent:4|user:2,published,waga-index-v1,snap_2026-07-25T06_v1
2026-05-20,Addis Ababa,Addis Ababa,Atikilt Tera,9.03,38.745,vegetables and fruits,Onion,KG,actual,Retail,ETB,31.76,0.2269,7,5,agent:5|user:2,published,waga-index-v1,snap_2026-07-25T06_v1
2026-05-20,Addis Ababa,Addis Ababa,Atikilt Tera,9.03,38.745,oil and fats,Cooking oil,L,actual,Retail,ETB,144.62,1.0330,5,3,agent:4|user:1,published,waga-index-v1,snap_2026-07-25T06_v1
2026-05-20,Addis Ababa,Addis Ababa,Asko,9.0489,38.6889,cereals and tubers,Teff (mixed),KG,actual,Retail,ETB,89.94,0.6424,7,5,agent:5|user:2,published,waga-index-v1,snap_2026-07-25T06_v1
2026-05-20,Addis Ababa,Addis Ababa,Asko,9.0489,38.6889,cereals and tubers,Wheat,KG,actual,Retail,ETB,57.24,0.4089,4,3,agent:3|user:1,published,waga-index-v1,snap_2026-07-25T06_v1
2026-05-20,Addis Ababa,Addis Ababa,Asko,9.0489,38.6889,cereals and tubers,Maize,KG,actual,Retail,ETB,37.52,0.2680,7,5,agent:5|user:2,published,waga-index-v1,snap_2026-07-25T06_v1
2026-05-20,Addis Ababa,Addis Ababa,Asko,9.0489,38.6889,vegetables and fruits,Onion,KG,actual,Retail,ETB,35.45,0.2532,4,3,agent:3|user:1,published,waga-index-v1,snap_2026-07-25T06_v1
2026-05-20,Addis Ababa,Addis Ababa,Asko,9.0489,38.6889,oil and fats,Cooking oil,L,actual,Retail,ETB,153.72,1.0980,5,3,agent:4|user:1,published,waga-index-v1,snap_2026-07-25T06_v1
2026-05-20,Addis Ababa,Addis Ababa,Saris,8.9797,38.7622,cereals and tubers,Teff (mixed),KG,actual,Retail,ETB,91.83,0.6559,7,5,agent:5|user:2,published,waga-index-v1,snap_2026-07-25T06_v1
2026-05-20,Addis Ababa,Addis Ababa,Saris,8.9797,38.7622,cereals and tubers,Wheat,KG,actual,Retail,ETB,58.15,0.4154,4,3,agent:3|user:1,published,waga-index-v1,snap_2026-07-25T06_v1
2026-05-20,Addis Ababa,Addis Ababa,Saris,8.9797,38.7622,cereals and tubers,Maize,KG,actual,Retail,ETB,38.36,0.2740,4,3,agent:3|user:1,published,waga-index-v1,snap_2026-07-25T06_v1
2026-05-20,Addis Ababa,Addis Ababa,Saris,8.9797,38.7622,vegetables and fruits,Onion,KG,actual,Retail,ETB,36.27,0.2591,9,6,agent:7|user:2,published,waga-index-v1,snap_2026-07-25T06_v1
2026-05-20,Addis Ababa,Addis Ababa,Saris,8.9797,38.7622,oil and fats,Cooking oil,L,actual,Retail,ETB,154.92,1.1066,8,5,agent:6|user:2,published,waga-index-v1,snap_2026-07-25T06_v1
2026-05-20,Addis Ababa,Addis Ababa,Akaki,8.8939,38.8069,cereals and tubers,Teff (mixed),KG,actual,Retail,ETB,91.92,0.6566,3,2,agent:2|user:1,published,waga-index-v1,snap_2026-07-25T06_v1
2026-05-20,Addis Ababa,Addis Ababa,Akaki,8.8939,38.8069,cereals and tubers,Wheat,KG,actual,Retail,ETB,57.76,0.4126,8,5,agent:6|user:2,published,waga-index-v1,snap_2026-07-25T06_v1
2026-05-20,Addis Ababa,Addis Ababa,Akaki,8.8939,38.8069,cereals and tubers,Maize,KG,actual,Retail,ETB,,,0,0,,insufficient_data,waga-index-v1,snap_2026-07-25T06_v1
2026-05-20,Addis Ababa,Addis Ababa,Akaki,8.8939,38.8069,vegetables and fruits,Onion,KG,actual,Retail,ETB,36.30,0.2593,9,6,agent:7|user:2,published,waga-index-v1,snap_2026-07-25T06_v1
2026-05-20,Addis Ababa,Addis Ababa,Akaki,8.8939,38.8069,oil and fats,Cooking oil,L,actual,Retail,ETB,159.21,1.1372,5,3,agent:4|user:1,published,waga-index-v1,snap_2026-07-25T06_v1
2026-05-20,Addis Ababa,Addis Ababa,Kera,8.9994,38.7481,cereals and tubers,Teff (mixed),KG,actual,Retail,ETB,93.86,0.6704,7,5,agent:5|user:2,published,waga-index-v1,snap_2026-07-25T06_v1
2026-05-20,Addis Ababa,Addis Ababa,Kera,8.9994,38.7481,cereals and tubers,Wheat,KG,actual,Retail,ETB,58.18,0.4156,7,5,agent:5|user:2,published,waga-index-v1,snap_2026-07-25T06_v1
2026-05-20,Addis Ababa,Addis Ababa,Kera,8.9994,38.7481,cereals and tubers,Maize,KG,actual,Retail,ETB,39.04,0.2789,4,3,agent:3|user:1,published,waga-index-v1,snap_2026-07-25T06_v1
2026-05-20,Addis Ababa,Addis Ababa,Kera,8.9994,38.7481,vegetables and fruits,Onion,KG,actual,Retail,ETB,38.24,0.2731,7,5,agent:5|user:2,published,waga-index-v1,snap_2026-07-25T06_v1
2026-05-20,Addis Ababa,Addis Ababa,Kera,8.9994,38.7481,oil and fats,Cooking oil,L,actual,Retail,ETB,163.11,1.1651,6,4,agent:4|user:2,published,waga-index-v1,snap_2026-07-25T06_v1
2026-05-20,Addis Ababa,Addis Ababa,Shola Gebeya,9.0244,38.7986,cereals and tubers,Teff (mixed),KG,actual,Retail,ETB,97.02,0.6930,8,5,agent:6|user:2,published,waga-index-v1,snap_2026-07-25T06_v1
2026-05-20,Addis Ababa,Addis Ababa,Shola Gebeya,9.0244,38.7986,cereals and tubers,Wheat,KG,actual,Retail,ETB,61.55,0.4396,8,5,agent:6|user:2,published,waga-index-v1,snap_2026-07-25T06_v1
2026-05-20,Addis Ababa,Addis Ababa,Shola Gebeya,9.0244,38.7986,cereals and tubers,Maize,KG,actual,Retail,ETB,40.10,0.2864,9,6,agent:7|user:2,published,waga-index-v1,snap_2026-07-25T06_v1
2026-05-20,Addis Ababa,Addis Ababa,Shola Gebeya,9.0244,38.7986,vegetables and fruits,Onion,KG,actual,Retail,ETB,40.83,0.2916,4,3,agent:3|user:1,published,waga-index-v1,snap_2026-07-25T06_v1
2026-05-20,Addis Ababa,Addis Ababa,Shola Gebeya,9.0244,38.7986,oil and fats,Cooking oil,L,actual,Retail,ETB,160.35,1.1454,6,4,agent:4|user:2,published,waga-index-v1,snap_2026-07-25T06_v1
2026-05-20,Addis Ababa,Addis Ababa,Piazza,9.0356,38.7522,cereals and tubers,Teff (mixed),KG,actual,Retail,ETB,103.50,0.7393,3,2,agent:2|user:1,published,waga-index-v1,snap_2026-07-25T06_v1
2026-05-20,Addis Ababa,Addis Ababa,Piazza,9.0356,38.7522,cereals and tubers,Wheat,KG,actual,Retail,ETB,61.98,0.4427,5,3,agent:4|user:1,published,waga-index-v1,snap_2026-07-25T06_v1
2026-05-20,Addis Ababa,Addis Ababa,Piazza,9.0356,38.7522,cereals and tubers,Maize,KG,actual,Retail,ETB,41.21,0.2944,7,5,agent:5|user:2,published,waga-index-v1,snap_2026-07-25T06_v1
2026-05-20,Addis Ababa,Addis Ababa,Piazza,9.0356,38.7522,vegetables and fruits,Onion,KG,actual,Retail,ETB,39.56,0.2826,4,3,agent:3|user:1,published,waga-index-v1,snap_2026-07-25T06_v1
2026-05-20,Addis Ababa,Addis Ababa,Piazza,9.0356,38.7522,oil and fats,Cooking oil,L,actual,Retail,ETB,169.59,1.2114,5,3,agent:4|user:1,published,waga-index-v1,snap_2026-07-25T06_v1
2026-05-21,Addis Ababa,Addis Ababa,Merkato,9.0341,38.7395,cereals and tubers,Teff (mixed),KG,actual,Retail,ETB,86.96,0.6211,6,4,agent:4|user:2,published,waga-index-v1,snap_2026-07-25T06_v1
2026-05-21,Addis Ababa,Addis Ababa,Merkato,9.0341,38.7395,cereals and tubers,Wheat,KG,actual,Retail,ETB,52.16,0.3726,8,5,agent:6|user:2,published,waga-index-v1,snap_2026-07-25T06_v1
2026-05-21,Addis Ababa,Addis Ababa,Merkato,9.0341,38.7395,cereals and tubers,Maize,KG,actual,Retail,ETB,34.51,0.2465,8,5,agent:6|user:2,published,waga-index-v1,snap_2026-07-25T06_v1
2026-05-21,Addis Ababa,Addis Ababa,Merkato,9.0341,38.7395,vegetables and fruits,Onion,KG,actual,Retail,ETB,34.47,0.2462,7,5,agent:5|user:2,published,waga-index-v1,snap_2026-07-25T06_v1
2026-05-21,Addis Ababa,Addis Ababa,Merkato,9.0341,38.7395,oil and fats,Cooking oil,L,actual,Retail,ETB,,,1,1,agent:1,insufficient_data,waga-index-v1,snap_2026-07-25T06_v1
2026-05-21,Addis Ababa,Addis Ababa,Ehil Berenda,9.0333,38.7389,cereals and tubers,Teff (mixed),KG,actual,Retail,ETB,80.78,0.5770,6,4,agent:4|user:2,published,waga-index-v1,snap_2026-07-25T06_v1
2026-05-21,Addis Ababa,Addis Ababa,Ehil Berenda,9.0333,38.7389,cereals and tubers,Wheat,KG,actual,Retail,ETB,57.38,0.4099,9,6,agent:7|user:2,published,waga-index-v1,snap_2026-07-25T06_v1
2026-05-21,Addis Ababa,Addis Ababa,Ehil Berenda,9.0333,38.7389,cereals and tubers,Maize,KG,actual,Retail,ETB,38.54,0.2753,3,2,agent:2|user:1,published,waga-index-v1,snap_2026-07-25T06_v1
2026-05-21,Addis Ababa,Addis Ababa,Ehil Berenda,9.0333,38.7389,vegetables and fruits,Onion,KG,actual,Retail,ETB,35.55,0.2539,7,5,agent:5|user:2,published,waga-index-v1,snap_2026-07-25T06_v1
2026-05-21,Addis Ababa,Addis Ababa,Ehil Berenda,9.0333,38.7389,oil and fats,Cooking oil,L,actual,Retail,ETB,150.49,1.0749,9,6,agent:7|user:2,published,waga-index-v1,snap_2026-07-25T06_v1
2026-05-21,Addis Ababa,Addis Ababa,Atikilt Tera,9.03,38.745,cereals and tubers,Teff (mixed),KG,actual,Retail,ETB,89.93,0.6424,7,5,agent:5|user:2,published,waga-index-v1,snap_2026-07-25T06_v1
2026-05-21,Addis Ababa,Addis Ababa,Atikilt Tera,9.03,38.745,cereals and tubers,Wheat,KG,actual,Retail,ETB,56.51,0.4036,8,5,agent:6|user:2,published,waga-index-v1,snap_2026-07-25T06_v1
2026-05-21,Addis Ababa,Addis Ababa,Atikilt Tera,9.03,38.745,cereals and tubers,Maize,KG,actual,Retail,ETB,38.46,0.2747,7,5,agent:5|user:2,published,waga-index-v1,snap_2026-07-25T06_v1
2026-05-21,Addis Ababa,Addis Ababa,Atikilt Tera,9.03,38.745,vegetables and fruits,Onion,KG,actual,Retail,ETB,32.44,0.2317,8,5,agent:6|user:2,published,waga-index-v1,snap_2026-07-25T06_v1
2026-05-21,Addis Ababa,Addis Ababa,Atikilt Tera,9.03,38.745,oil and fats,Cooking oil,L,actual,Retail,ETB,144.01,1.0286,8,5,agent:6|user:2,published,waga-index-v1,snap_2026-07-25T06_v1
2026-05-21,Addis Ababa,Addis Ababa,Asko,9.0489,38.6889,cereals and tubers,Teff (mixed),KG,actual,Retail,ETB,91.35,0.6525,9,6,agent:7|user:2,published,waga-index-v1,snap_2026-07-25T06_v1
2026-05-21,Addis Ababa,Addis Ababa,Asko,9.0489,38.6889,cereals and tubers,Wheat,KG,actual,Retail,ETB,,,2,2,agent:2,insufficient_data,waga-index-v1,snap_2026-07-25T06_v1
2026-05-21,Addis Ababa,Addis Ababa,Asko,9.0489,38.6889,cereals and tubers,Maize,KG,actual,Retail,ETB,37.91,0.2708,4,3,agent:3|user:1,published,waga-index-v1,snap_2026-07-25T06_v1
2026-05-21,Addis Ababa,Addis Ababa,Asko,9.0489,38.6889,vegetables and fruits,Onion,KG,actual,Retail,ETB,35.72,0.2551,3,2,agent:2|user:1,published,waga-index-v1,snap_2026-07-25T06_v1
2026-05-21,Addis Ababa,Addis Ababa,Asko,9.0489,38.6889,oil and fats,Cooking oil,L,actual,Retail,ETB,,,1,1,agent:1,insufficient_data,waga-index-v1,snap_2026-07-25T06_v1
2026-05-21,Addis Ababa,Addis Ababa,Saris,8.9797,38.7622,cereals and tubers,Teff (mixed),KG,actual,Retail,ETB,92.81,0.6629,5,3,agent:4|user:1,published,waga-index-v1,snap_2026-07-25T06_v1
2026-05-21,Addis Ababa,Addis Ababa,Saris,8.9797,38.7622,cereals and tubers,Wheat,KG,actual,Retail,ETB,58.52,0.4180,3,2,agent:2|user:1,published,waga-index-v1,snap_2026-07-25T06_v1
2026-05-21,Addis Ababa,Addis Ababa,Saris,8.9797,38.7622,cereals and tubers,Maize,KG,actual,Retail,ETB,38.39,0.2742,3,2,agent:2|user:1,published,waga-index-v1,snap_2026-07-25T06_v1
2026-05-21,Addis Ababa,Addis Ababa,Saris,8.9797,38.7622,vegetables and fruits,Onion,KG,actual,Retail,ETB,36.66,0.2619,6,4,agent:4|user:2,published,waga-index-v1,snap_2026-07-25T06_v1
2026-05-21,Addis Ababa,Addis Ababa,Saris,8.9797,38.7622,oil and fats,Cooking oil,L,actual,Retail,ETB,153.99,1.0999,4,3,agent:3|user:1,published,waga-index-v1,snap_2026-07-25T06_v1
2026-05-21,Addis Ababa,Addis Ababa,Akaki,8.8939,38.8069,cereals and tubers,Teff (mixed),KG,actual,Retail,ETB,90.60,0.6471,3,2,agent:2|user:1,published,waga-index-v1,snap_2026-07-25T06_v1
2026-05-21,Addis Ababa,Addis Ababa,Akaki,8.8939,38.8069,cereals and tubers,Wheat,KG,actual,Retail,ETB,57.94,0.4139,5,3,agent:4|user:1,published,waga-index-v1,snap_2026-07-25T06_v1
2026-05-21,Addis Ababa,Addis Ababa,Akaki,8.8939,38.8069,cereals and tubers,Maize,KG,actual,Retail,ETB,38.95,0.2782,8,5,agent:6|user:2,published,waga-index-v1,snap_2026-07-25T06_v1
2026-05-21,Addis Ababa,Addis Ababa,Akaki,8.8939,38.8069,vegetables and fruits,Onion,KG,actual,Retail,ETB,36.23,0.2588,7,5,agent:5|user:2,published,waga-index-v1,snap_2026-07-25T06_v1
2026-05-21,Addis Ababa,Addis Ababa,Akaki,8.8939,38.8069,oil and fats,Cooking oil,L,actual,Retail,ETB,158.10,1.1293,6,4,agent:4|user:2,published,waga-index-v1,snap_2026-07-25T06_v1
2026-05-21,Addis Ababa,Addis Ababa,Kera,8.9994,38.7481,cereals and tubers,Teff (mixed),KG,actual,Retail,ETB,93.10,0.6650,5,3,agent:4|user:1,published,waga-index-v1,snap_2026-07-25T06_v1
2026-05-21,Addis Ababa,Addis Ababa,Kera,8.9994,38.7481,cereals and tubers,Wheat,KG,actual,Retail,ETB,58.12,0.4151,5,3,agent:4|user:1,published,waga-index-v1,snap_2026-07-25T06_v1
2026-05-21,Addis Ababa,Addis Ababa,Kera,8.9994,38.7481,cereals and tubers,Maize,KG,actual,Retail,ETB,39.21,0.2801,9,6,agent:7|user:2,published,waga-index-v1,snap_2026-07-25T06_v1
2026-05-21,Addis Ababa,Addis Ababa,Kera,8.9994,38.7481,vegetables and fruits,Onion,KG,actual,Retail,ETB,38.33,0.2738,9,6,agent:7|user:2,published,waga-index-v1,snap_2026-07-25T06_v1
2026-05-21,Addis Ababa,Addis Ababa,Kera,8.9994,38.7481,oil and fats,Cooking oil,L,actual,Retail,ETB,162.69,1.1621,5,3,agent:4|user:1,published,waga-index-v1,snap_2026-07-25T06_v1
2026-05-21,Addis Ababa,Addis Ababa,Shola Gebeya,9.0244,38.7986,cereals and tubers,Teff (mixed),KG,actual,Retail,ETB,97.32,0.6951,5,3,agent:4|user:1,published,waga-index-v1,snap_2026-07-25T06_v1
2026-05-21,Addis Ababa,Addis Ababa,Shola Gebeya,9.0244,38.7986,cereals and tubers,Wheat,KG,actual,Retail,ETB,61.28,0.4377,5,3,agent:4|user:1,published,waga-index-v1,snap_2026-07-25T06_v1
2026-05-21,Addis Ababa,Addis Ababa,Shola Gebeya,9.0244,38.7986,cereals and tubers,Maize,KG,actual,Retail,ETB,40.84,0.2917,4,3,agent:3|user:1,published,waga-index-v1,snap_2026-07-25T06_v1
2026-05-21,Addis Ababa,Addis Ababa,Shola Gebeya,9.0244,38.7986,vegetables and fruits,Onion,KG,actual,Retail,ETB,40.81,0.2915,8,5,agent:6|user:2,published,waga-index-v1,snap_2026-07-25T06_v1
2026-05-21,Addis Ababa,Addis Ababa,Shola Gebeya,9.0244,38.7986,oil and fats,Cooking oil,L,actual,Retail,ETB,162.62,1.1616,9,6,agent:7|user:2,published,waga-index-v1,snap_2026-07-25T06_v1
2026-05-21,Addis Ababa,Addis Ababa,Piazza,9.0356,38.7522,cereals and tubers,Teff (mixed),KG,actual,Retail,ETB,103.20,0.7371,8,5,agent:6|user:2,published,waga-index-v1,snap_2026-07-25T06_v1
2026-05-21,Addis Ababa,Addis Ababa,Piazza,9.0356,38.7522,cereals and tubers,Wheat,KG,actual,Retail,ETB,61.19,0.4371,6,4,agent:4|user:2,published,waga-index-v1,snap_2026-07-25T06_v1
2026-05-21,Addis Ababa,Addis Ababa,Piazza,9.0356,38.7522,cereals and tubers,Maize,KG,actual,Retail,ETB,40.87,0.2919,4,3,agent:3|user:1,published,waga-index-v1,snap_2026-07-25T06_v1
2026-05-21,Addis Ababa,Addis Ababa,Piazza,9.0356,38.7522,vegetables and fruits,Onion,KG,actual,Retail,ETB,39.30,0.2807,3,2,agent:2|user:1,published,waga-index-v1,snap_2026-07-25T06_v1
2026-05-21,Addis Ababa,Addis Ababa,Piazza,9.0356,38.7522,oil and fats,Cooking oil,L,actual,Retail,ETB,170.24,1.2160,9,6,agent:7|user:2,published,waga-index-v1,snap_2026-07-25T06_v1
2026-05-22,Addis Ababa,Addis Ababa,Merkato,9.0341,38.7395,cereals and tubers,Teff (mixed),KG,actual,Retail,ETB,88.43,0.6316,8,5,agent:6|user:2,published,waga-index-v1,snap_2026-07-25T06_v1
2026-05-22,Addis Ababa,Addis Ababa,Merkato,9.0341,38.7395,cereals and tubers,Wheat,KG,actual,Retail,ETB,51.75,0.3696,8,5,agent:6|user:2,published,waga-index-v1,snap_2026-07-25T06_v1
2026-05-22,Addis Ababa,Addis Ababa,Merkato,9.0341,38.7395,cereals and tubers,Maize,KG,actual,Retail,ETB,34.98,0.2499,9,6,agent:7|user:2,published,waga-index-v1,snap_2026-07-25T06_v1
2026-05-22,Addis Ababa,Addis Ababa,Merkato,9.0341,38.7395,vegetables and fruits,Onion,KG,actual,Retail,ETB,34.77,0.2484,6,4,agent:4|user:2,published,waga-index-v1,snap_2026-07-25T06_v1
2026-05-22,Addis Ababa,Addis Ababa,Merkato,9.0341,38.7395,oil and fats,Cooking oil,L,actual,Retail,ETB,150.27,1.0734,8,5,agent:6|user:2,published,waga-index-v1,snap_2026-07-25T06_v1
2026-05-22,Addis Ababa,Addis Ababa,Ehil Berenda,9.0333,38.7389,cereals and tubers,Teff (mixed),KG,actual,Retail,ETB,81.29,0.5806,5,3,agent:4|user:1,published,waga-index-v1,snap_2026-07-25T06_v1
2026-05-22,Addis Ababa,Addis Ababa,Ehil Berenda,9.0333,38.7389,cereals and tubers,Wheat,KG,actual,Retail,ETB,,,1,1,agent:1,insufficient_data,waga-index-v1,snap_2026-07-25T06_v1
2026-05-22,Addis Ababa,Addis Ababa,Ehil Berenda,9.0333,38.7389,cereals and tubers,Maize,KG,actual,Retail,ETB,38.37,0.2741,7,5,agent:5|user:2,published,waga-index-v1,snap_2026-07-25T06_v1
2026-05-22,Addis Ababa,Addis Ababa,Ehil Berenda,9.0333,38.7389,vegetables and fruits,Onion,KG,actual,Retail,ETB,35.93,0.2566,7,5,agent:5|user:2,published,waga-index-v1,snap_2026-07-25T06_v1
2026-05-22,Addis Ababa,Addis Ababa,Ehil Berenda,9.0333,38.7389,oil and fats,Cooking oil,L,actual,Retail,ETB,150.01,1.0715,8,5,agent:6|user:2,published,waga-index-v1,snap_2026-07-25T06_v1
2026-05-22,Addis Ababa,Addis Ababa,Atikilt Tera,9.03,38.745,cereals and tubers,Teff (mixed),KG,actual,Retail,ETB,89.77,0.6412,8,5,agent:6|user:2,published,waga-index-v1,snap_2026-07-25T06_v1
2026-05-22,Addis Ababa,Addis Ababa,Atikilt Tera,9.03,38.745,cereals and tubers,Wheat,KG,actual,Retail,ETB,56.34,0.4024,4,3,agent:3|user:1,published,waga-index-v1,snap_2026-07-25T06_v1
2026-05-22,Addis Ababa,Addis Ababa,Atikilt Tera,9.03,38.745,cereals and tubers,Maize,KG,actual,Retail,ETB,38.45,0.2746,4,3,agent:3|user:1,published,waga-index-v1,snap_2026-07-25T06_v1
2026-05-22,Addis Ababa,Addis Ababa,Atikilt Tera,9.03,38.745,vegetables and fruits,Onion,KG,actual,Retail,ETB,32.07,0.2291,6,4,agent:4|user:2,published,waga-index-v1,snap_2026-07-25T06_v1
2026-05-22,Addis Ababa,Addis Ababa,Atikilt Tera,9.03,38.745,oil and fats,Cooking oil,L,actual,Retail,ETB,144.01,1.0286,6,4,agent:4|user:2,published,waga-index-v1,snap_2026-07-25T06_v1
2026-05-22,Addis Ababa,Addis Ababa,Asko,9.0489,38.6889,cereals and tubers,Teff (mixed),KG,actual,Retail,ETB,,,1,1,agent:1,insufficient_data,waga-index-v1,snap_2026-07-25T06_v1
2026-05-22,Addis Ababa,Addis Ababa,Asko,9.0489,38.6889,cereals and tubers,Wheat,KG,actual,Retail,ETB,,,0,0,,insufficient_data,waga-index-v1,snap_2026-07-25T06_v1
2026-05-22,Addis Ababa,Addis Ababa,Asko,9.0489,38.6889,cereals and tubers,Maize,KG,actual,Retail,ETB,37.72,0.2694,8,5,agent:6|user:2,published,waga-index-v1,snap_2026-07-25T06_v1
2026-05-22,Addis Ababa,Addis Ababa,Asko,9.0489,38.6889,vegetables and fruits,Onion,KG,actual,Retail,ETB,35.59,0.2542,8,5,agent:6|user:2,published,waga-index-v1,snap_2026-07-25T06_v1
2026-05-22,Addis Ababa,Addis Ababa,Asko,9.0489,38.6889,oil and fats,Cooking oil,L,actual,Retail,ETB,154.84,1.1060,8,5,agent:6|user:2,published,waga-index-v1,snap_2026-07-25T06_v1
2026-05-22,Addis Ababa,Addis Ababa,Saris,8.9797,38.7622,cereals and tubers,Teff (mixed),KG,actual,Retail,ETB,93.34,0.6667,9,6,agent:7|user:2,published,waga-index-v1,snap_2026-07-25T06_v1
2026-05-22,Addis Ababa,Addis Ababa,Saris,8.9797,38.7622,cereals and tubers,Wheat,KG,actual,Retail,ETB,57.93,0.4138,4,3,agent:3|user:1,published,waga-index-v1,snap_2026-07-25T06_v1
2026-05-22,Addis Ababa,Addis Ababa,Saris,8.9797,38.7622,cereals and tubers,Maize,KG,actual,Retail,ETB,38.45,0.2746,3,2,agent:2|user:1,published,waga-index-v1,snap_2026-07-25T06_v1
2026-05-22,Addis Ababa,Addis Ababa,Saris,8.9797,38.7622,vegetables and fruits,Onion,KG,actual,Retail,ETB,36.56,0.2611,7,5,agent:5|user:2,published,waga-index-v1,snap_2026-07-25T06_v1
2026-05-22,Addis Ababa,Addis Ababa,Saris,8.9797,38.7622,oil and fats,Cooking oil,L,actual,Retail,ETB,155.25,1.1089,4,3,agent:3|user:1,published,waga-index-v1,snap_2026-07-25T06_v1
2026-05-22,Addis Ababa,Addis Ababa,Akaki,8.8939,38.8069,cereals and tubers,Teff (mixed),KG,actual,Retail,ETB,91.72,0.6551,5,3,agent:4|user:1,published,waga-index-v1,snap_2026-07-25T06_v1
2026-05-22,Addis Ababa,Addis Ababa,Akaki,8.8939,38.8069,cereals and tubers,Wheat,KG,actual,Retail,ETB,57.65,0.4118,5,3,agent:4|user:1,published,waga-index-v1,snap_2026-07-25T06_v1
2026-05-22,Addis Ababa,Addis Ababa,Akaki,8.8939,38.8069,cereals and tubers,Maize,KG,actual,Retail,ETB,39.27,0.2805,4,3,agent:3|user:1,published,waga-index-v1,snap_2026-07-25T06_v1
2026-05-22,Addis Ababa,Addis Ababa,Akaki,8.8939,38.8069,vegetables and fruits,Onion,KG,actual,Retail,ETB,36.47,0.2605,8,5,agent:6|user:2,published,waga-index-v1,snap_2026-07-25T06_v1
2026-05-22,Addis Ababa,Addis Ababa,Akaki,8.8939,38.8069,oil and fats,Cooking oil,L,actual,Retail,ETB,161.57,1.1541,5,3,agent:4|user:1,published,waga-index-v1,snap_2026-07-25T06_v1
2026-05-22,Addis Ababa,Addis Ababa,Kera,8.9994,38.7481,cereals and tubers,Teff (mixed),KG,actual,Retail,ETB,94.37,0.6741,6,4,agent:4|user:2,published,waga-index-v1,snap_2026-07-25T06_v1
2026-05-22,Addis Ababa,Addis Ababa,Kera,8.9994,38.7481,cereals and tubers,Wheat,KG,actual,Retail,ETB,,,0,0,,insufficient_data,waga-index-v1,snap_2026-07-25T06_v1
2026-05-22,Addis Ababa,Addis Ababa,Kera,8.9994,38.7481,cereals and tubers,Maize,KG,actual,Retail,ETB,39.49,0.2821,6,4,agent:4|user:2,published,waga-index-v1,snap_2026-07-25T06_v1
2026-05-22,Addis Ababa,Addis Ababa,Kera,8.9994,38.7481,vegetables and fruits,Onion,KG,actual,Retail,ETB,38.55,0.2754,6,4,agent:4|user:2,published,waga-index-v1,snap_2026-07-25T06_v1
2026-05-22,Addis Ababa,Addis Ababa,Kera,8.9994,38.7481,oil and fats,Cooking oil,L,actual,Retail,ETB,161.90,1.1564,6,4,agent:4|user:2,published,waga-index-v1,snap_2026-07-25T06_v1
2026-05-22,Addis Ababa,Addis Ababa,Shola Gebeya,9.0244,38.7986,cereals and tubers,Teff (mixed),KG,actual,Retail,ETB,97.76,0.6983,4,3,agent:3|user:1,published,waga-index-v1,snap_2026-07-25T06_v1
2026-05-22,Addis Ababa,Addis Ababa,Shola Gebeya,9.0244,38.7986,cereals and tubers,Wheat,KG,actual,Retail,ETB,61.32,0.4380,8,5,agent:6|user:2,published,waga-index-v1,snap_2026-07-25T06_v1
2026-05-22,Addis Ababa,Addis Ababa,Shola Gebeya,9.0244,38.7986,cereals and tubers,Maize,KG,actual,Retail,ETB,40.75,0.2911,6,4,agent:4|user:2,published,waga-index-v1,snap_2026-07-25T06_v1
2026-05-22,Addis Ababa,Addis Ababa,Shola Gebeya,9.0244,38.7986,vegetables and fruits,Onion,KG,actual,Retail,ETB,40.81,0.2915,4,3,agent:3|user:1,published,waga-index-v1,snap_2026-07-25T06_v1
2026-05-22,Addis Ababa,Addis Ababa,Shola Gebeya,9.0244,38.7986,oil and fats,Cooking oil,L,actual,Retail,ETB,164.33,1.1738,4,3,agent:3|user:1,published,waga-index-v1,snap_2026-07-25T06_v1
2026-05-22,Addis Ababa,Addis Ababa,Piazza,9.0356,38.7522,cereals and tubers,Teff (mixed),KG,actual,Retail,ETB,102.77,0.7341,5,3,agent:4|user:1,published,waga-index-v1,snap_2026-07-25T06_v1
2026-05-22,Addis Ababa,Addis Ababa,Piazza,9.0356,38.7522,cereals and tubers,Wheat,KG,actual,Retail,ETB,61.50,0.4393,8,5,agent:6|user:2,published,waga-index-v1,snap_2026-07-25T06_v1
2026-05-22,Addis Ababa,Addis Ababa,Piazza,9.0356,38.7522,cereals and tubers,Maize,KG,actual,Retail,ETB,41.16,0.2940,5,3,agent:4|user:1,published,waga-index-v1,snap_2026-07-25T06_v1
2026-05-22,Addis Ababa,Addis Ababa,Piazza,9.0356,38.7522,vegetables and fruits,Onion,KG,actual,Retail,ETB,39.63,0.2831,6,4,agent:4|user:2,published,waga-index-v1,snap_2026-07-25T06_v1
2026-05-22,Addis Ababa,Addis Ababa,Piazza,9.0356,38.7522,oil and fats,Cooking oil,L,actual,Retail,ETB,171.09,1.2221,8,5,agent:6|user:2,published,waga-index-v1,snap_2026-07-25T06_v1
2026-05-23,Addis Ababa,Addis Ababa,Merkato,9.0341,38.7395,cereals and tubers,Teff (mixed),KG,actual,Retail,ETB,88.16,0.6297,6,4,agent:4|user:2,published,waga-index-v1,snap_2026-07-25T06_v1
2026-05-23,Addis Ababa,Addis Ababa,Merkato,9.0341,38.7395,cereals and tubers,Wheat,KG,actual,Retail,ETB,52.35,0.3739,8,5,agent:6|user:2,published,waga-index-v1,snap_2026-07-25T06_v1
2026-05-23,Addis Ababa,Addis Ababa,Merkato,9.0341,38.7395,cereals and tubers,Maize,KG,actual,Retail,ETB,34.87,0.2491,4,3,agent:3|user:1,published,waga-index-v1,snap_2026-07-25T06_v1
2026-05-23,Addis Ababa,Addis Ababa,Merkato,9.0341,38.7395,vegetables and fruits,Onion,KG,actual,Retail,ETB,35.11,0.2508,5,3,agent:4|user:1,published,waga-index-v1,snap_2026-07-25T06_v1
2026-05-23,Addis Ababa,Addis Ababa,Merkato,9.0341,38.7395,oil and fats,Cooking oil,L,actual,Retail,ETB,151.10,1.0793,9,6,agent:7|user:2,published,waga-index-v1,snap_2026-07-25T06_v1
2026-05-23,Addis Ababa,Addis Ababa,Ehil Berenda,9.0333,38.7389,cereals and tubers,Teff (mixed),KG,actual,Retail,ETB,82.44,0.5889,6,4,agent:4|user:2,published,waga-index-v1,snap_2026-07-25T06_v1
2026-05-23,Addis Ababa,Addis Ababa,Ehil Berenda,9.0333,38.7389,cereals and tubers,Wheat,KG,actual,Retail,ETB,56.32,0.4023,5,3,agent:4|user:1,published,waga-index-v1,snap_2026-07-25T06_v1
2026-05-23,Addis Ababa,Addis Ababa,Ehil Berenda,9.0333,38.7389,cereals and tubers,Maize,KG,actual,Retail,ETB,37.99,0.2714,9,6,agent:7|user:2,published,waga-index-v1,snap_2026-07-25T06_v1
2026-05-23,Addis Ababa,Addis Ababa,Ehil Berenda,9.0333,38.7389,vegetables and fruits,Onion,KG,actual,Retail,ETB,35.70,0.2550,4,3,agent:3|user:1,published,waga-index-v1,snap_2026-07-25T06_v1
2026-05-23,Addis Ababa,Addis Ababa,Ehil Berenda,9.0333,38.7389,oil and fats,Cooking oil,L,actual,Retail,ETB,148.43,1.0602,4,3,agent:3|user:1,published,waga-index-v1,snap_2026-07-25T06_v1
2026-05-23,Addis Ababa,Addis Ababa,Atikilt Tera,9.03,38.745,cereals and tubers,Teff (mixed),KG,actual,Retail,ETB,89.60,0.6400,4,3,agent:3|user:1,published,waga-index-v1,snap_2026-07-25T06_v1
2026-05-23,Addis Ababa,Addis Ababa,Atikilt Tera,9.03,38.745,cereals and tubers,Wheat,KG,actual,Retail,ETB,55.82,0.3987,9,6,agent:7|user:2,published,waga-index-v1,snap_2026-07-25T06_v1
2026-05-23,Addis Ababa,Addis Ababa,Atikilt Tera,9.03,38.745,cereals and tubers,Maize,KG,actual,Retail,ETB,37.99,0.2714,4,3,agent:3|user:1,published,waga-index-v1,snap_2026-07-25T06_v1
2026-05-23,Addis Ababa,Addis Ababa,Atikilt Tera,9.03,38.745,vegetables and fruits,Onion,KG,actual,Retail,ETB,32.38,0.2313,5,3,agent:4|user:1,published,waga-index-v1,snap_2026-07-25T06_v1
2026-05-23,Addis Ababa,Addis Ababa,Atikilt Tera,9.03,38.745,oil and fats,Cooking oil,L,actual,Retail,ETB,143.04,1.0217,8,5,agent:6|user:2,published,waga-index-v1,snap_2026-07-25T06_v1
2026-05-23,Addis Ababa,Addis Ababa,Asko,9.0489,38.6889,cereals and tubers,Teff (mixed),KG,actual,Retail,ETB,90.67,0.6476,9,6,agent:7|user:2,published,waga-index-v1,snap_2026-07-25T06_v1
2026-05-23,Addis Ababa,Addis Ababa,Asko,9.0489,38.6889,cereals and tubers,Wheat,KG,actual,Retail,ETB,56.99,0.4071,5,3,agent:4|user:1,published,waga-index-v1,snap_2026-07-25T06_v1
2026-05-23,Addis Ababa,Addis Ababa,Asko,9.0489,38.6889,cereals and tubers,Maize,KG,actual,Retail,ETB,37.83,0.2702,4,3,agent:3|user:1,published,waga-index-v1,snap_2026-07-25T06_v1
2026-05-23,Addis Ababa,Addis Ababa,Asko,9.0489,38.6889,vegetables and fruits,Onion,KG,actual,Retail,ETB,35.74,0.2553,7,5,agent:5|user:2,published,waga-index-v1,snap_2026-07-25T06_v1
2026-05-23,Addis Ababa,Addis Ababa,Asko,9.0489,38.6889,oil and fats,Cooking oil,L,actual,Retail,ETB,155.85,1.1132,9,6,agent:7|user:2,published,waga-index-v1,snap_2026-07-25T06_v1
2026-05-23,Addis Ababa,Addis Ababa,Saris,8.9797,38.7622,cereals and tubers,Teff (mixed),KG,actual,Retail,ETB,92.59,0.6614,8,5,agent:6|user:2,published,waga-index-v1,snap_2026-07-25T06_v1
2026-05-23,Addis Ababa,Addis Ababa,Saris,8.9797,38.7622,cereals and tubers,Wheat,KG,actual,Retail,ETB,58.69,0.4192,7,5,agent:5|user:2,published,waga-index-v1,snap_2026-07-25T06_v1
2026-05-23,Addis Ababa,Addis Ababa,Saris,8.9797,38.7622,cereals and tubers,Maize,KG,actual,Retail,ETB,38.20,0.2729,8,5,agent:6|user:2,published,waga-index-v1,snap_2026-07-25T06_v1
2026-05-23,Addis Ababa,Addis Ababa,Saris,8.9797,38.7622,vegetables and fruits,Onion,KG,actual,Retail,ETB,36.41,0.2601,5,3,agent:4|user:1,published,waga-index-v1,snap_2026-07-25T06_v1
2026-05-23,Addis Ababa,Addis Ababa,Saris,8.9797,38.7622,oil and fats,Cooking oil,L,actual,Retail,ETB,156.12,1.1151,7,5,agent:5|user:2,published,waga-index-v1,snap_2026-07-25T06_v1
2026-05-23,Addis Ababa,Addis Ababa,Akaki,8.8939,38.8069,cereals and tubers,Teff (mixed),KG,actual,Retail,ETB,92.61,0.6615,5,3,agent:4|user:1,published,waga-index-v1,snap_2026-07-25T06_v1
2026-05-23,Addis Ababa,Addis Ababa,Akaki,8.8939,38.8069,cereals and tubers,Wheat,KG,actual,Retail,ETB,57.99,0.4142,8,5,agent:6|user:2,published,waga-index-v1,snap_2026-07-25T06_v1
2026-05-23,Addis Ababa,Addis Ababa,Akaki,8.8939,38.8069,cereals and tubers,Maize,KG,actual,Retail,ETB,39.59,0.2828,5,3,agent:4|user:1,published,waga-index-v1,snap_2026-07-25T06_v1
2026-05-23,Addis Ababa,Addis Ababa,Akaki,8.8939,38.8069,vegetables and fruits,Onion,KG,actual,Retail,ETB,36.46,0.2604,4,3,agent:3|user:1,published,waga-index-v1,snap_2026-07-25T06_v1
2026-05-23,Addis Ababa,Addis Ababa,Akaki,8.8939,38.8069,oil and fats,Cooking oil,L,actual,Retail,ETB,162.05,1.1575,7,5,agent:5|user:2,published,waga-index-v1,snap_2026-07-25T06_v1
2026-05-23,Addis Ababa,Addis Ababa,Kera,8.9994,38.7481,cereals and tubers,Teff (mixed),KG,actual,Retail,ETB,94.22,0.6730,4,3,agent:3|user:1,published,waga-index-v1,snap_2026-07-25T06_v1
2026-05-23,Addis Ababa,Addis Ababa,Kera,8.9994,38.7481,cereals and tubers,Wheat,KG,actual,Retail,ETB,59.13,0.4224,3,2,agent:2|user:1,published,waga-index-v1,snap_2026-07-25T06_v1
2026-05-23,Addis Ababa,Addis Ababa,Kera,8.9994,38.7481,cereals and tubers,Maize,KG,actual,Retail,ETB,40.34,0.2881,5,3,agent:4|user:1,published,waga-index-v1,snap_2026-07-25T06_v1
2026-05-23,Addis Ababa,Addis Ababa,Kera,8.9994,38.7481,vegetables and fruits,Onion,KG,actual,Retail,ETB,38.95,0.2782,8,5,agent:6|user:2,published,waga-index-v1,snap_2026-07-25T06_v1
2026-05-23,Addis Ababa,Addis Ababa,Kera,8.9994,38.7481,oil and fats,Cooking oil,L,actual,Retail,ETB,164.18,1.1727,4,3,agent:3|user:1,published,waga-index-v1,snap_2026-07-25T06_v1
2026-05-23,Addis Ababa,Addis Ababa,Shola Gebeya,9.0244,38.7986,cereals and tubers,Teff (mixed),KG,actual,Retail,ETB,98.05,0.7004,9,6,agent:7|user:2,published,waga-index-v1,snap_2026-07-25T06_v1
2026-05-23,Addis Ababa,Addis Ababa,Shola Gebeya,9.0244,38.7986,cereals and tubers,Wheat,KG,actual,Retail,ETB,60.16,0.4297,4,3,agent:3|user:1,published,waga-index-v1,snap_2026-07-25T06_v1
2026-05-23,Addis Ababa,Addis Ababa,Shola Gebeya,9.0244,38.7986,cereals and tubers,Maize,KG,actual,Retail,ETB,39.91,0.2851,8,5,agent:6|user:2,published,waga-index-v1,snap_2026-07-25T06_v1
2026-05-23,Addis Ababa,Addis Ababa,Shola Gebeya,9.0244,38.7986,vegetables and fruits,Onion,KG,actual,Retail,ETB,40.74,0.2910,9,6,agent:7|user:2,published,waga-index-v1,snap_2026-07-25T06_v1
2026-05-23,Addis Ababa,Addis Ababa,Shola Gebeya,9.0244,38.7986,oil and fats,Cooking oil,L,actual,Retail,ETB,163.08,1.1649,9,6,agent:7|user:2,published,waga-index-v1,snap_2026-07-25T06_v1
2026-05-23,Addis Ababa,Addis Ababa,Piazza,9.0356,38.7522,cereals and tubers,Teff (mixed),KG,actual,Retail,ETB,102.49,0.7321,4,3,agent:3|user:1,published,waga-index-v1,snap_2026-07-25T06_v1
2026-05-23,Addis Ababa,Addis Ababa,Piazza,9.0356,38.7522,cereals and tubers,Wheat,KG,actual,Retail,ETB,61.58,0.4399,9,6,agent:7|user:2,published,waga-index-v1,snap_2026-07-25T06_v1
2026-05-23,Addis Ababa,Addis Ababa,Piazza,9.0356,38.7522,cereals and tubers,Maize,KG,actual,Retail,ETB,41.55,0.2968,9,6,agent:7|user:2,published,waga-index-v1,snap_2026-07-25T06_v1
2026-05-23,Addis Ababa,Addis Ababa,Piazza,9.0356,38.7522,vegetables and fruits,Onion,KG,actual,Retail,ETB,40.25,0.2875,3,2,agent:2|user:1,published,waga-index-v1,snap_2026-07-25T06_v1
2026-05-23,Addis Ababa,Addis Ababa,Piazza,9.0356,38.7522,oil and fats,Cooking oil,L,actual,Retail,ETB,174.22,1.2444,5,3,agent:4|user:1,published,waga-index-v1,snap_2026-07-25T06_v1
2026-05-24,Addis Ababa,Addis Ababa,Merkato,9.0341,38.7395,cereals and tubers,Teff (mixed),KG,actual,Retail,ETB,89.56,0.6397,6,4,agent:4|user:2,published,waga-index-v1,snap_2026-07-25T06_v1
2026-05-24,Addis Ababa,Addis Ababa,Merkato,9.0341,38.7395,cereals and tubers,Wheat,KG,actual,Retail,ETB,52.21,0.3729,4,3,agent:3|user:1,published,waga-index-v1,snap_2026-07-25T06_v1
2026-05-24,Addis Ababa,Addis Ababa,Merkato,9.0341,38.7395,cereals and tubers,Maize,KG,actual,Retail,ETB,34.51,0.2465,9,6,agent:7|user:2,published,waga-index-v1,snap_2026-07-25T06_v1
2026-05-24,Addis Ababa,Addis Ababa,Merkato,9.0341,38.7395,vegetables and fruits,Onion,KG,actual,Retail,ETB,34.87,0.2491,4,3,agent:3|user:1,published,waga-index-v1,snap_2026-07-25T06_v1
2026-05-24,Addis Ababa,Addis Ababa,Merkato,9.0341,38.7395,oil and fats,Cooking oil,L,actual,Retail,ETB,153.16,1.0940,4,3,agent:3|user:1,published,waga-index-v1,snap_2026-07-25T06_v1
2026-05-24,Addis Ababa,Addis Ababa,Ehil Berenda,9.0333,38.7389,cereals and tubers,Teff (mixed),KG,actual,Retail,ETB,,,2,2,agent:2,insufficient_data,waga-index-v1,snap_2026-07-25T06_v1
2026-05-24,Addis Ababa,Addis Ababa,Ehil Berenda,9.0333,38.7389,cereals and tubers,Wheat,KG,actual,Retail,ETB,55.96,0.3997,9,6,agent:7|user:2,published,waga-index-v1,snap_2026-07-25T06_v1
2026-05-24,Addis Ababa,Addis Ababa,Ehil Berenda,9.0333,38.7389,cereals and tubers,Maize,KG,actual,Retail,ETB,38.09,0.2721,8,5,agent:6|user:2,published,waga-index-v1,snap_2026-07-25T06_v1
2026-05-24,Addis Ababa,Addis Ababa,Ehil Berenda,9.0333,38.7389,vegetables and fruits,Onion,KG,actual,Retail,ETB,35.84,0.2560,9,6,agent:7|user:2,published,waga-index-v1,snap_2026-07-25T06_v1
2026-05-24,Addis Ababa,Addis Ababa,Ehil Berenda,9.0333,38.7389,oil and fats,Cooking oil,L,actual,Retail,ETB,149.68,1.0691,6,4,agent:4|user:2,published,waga-index-v1,snap_2026-07-25T06_v1
2026-05-24,Addis Ababa,Addis Ababa,Atikilt Tera,9.03,38.745,cereals and tubers,Teff (mixed),KG,actual,Retail,ETB,,,2,2,agent:2,insufficient_data,waga-index-v1,snap_2026-07-25T06_v1
2026-05-24,Addis Ababa,Addis Ababa,Atikilt Tera,9.03,38.745,cereals and tubers,Wheat,KG,actual,Retail,ETB,,,2,2,agent:2,insufficient_data,waga-index-v1,snap_2026-07-25T06_v1
2026-05-24,Addis Ababa,Addis Ababa,Atikilt Tera,9.03,38.745,cereals and tubers,Maize,KG,actual,Retail,ETB,38.17,0.2726,4,3,agent:3|user:1,published,waga-index-v1,snap_2026-07-25T06_v1
2026-05-24,Addis Ababa,Addis Ababa,Atikilt Tera,9.03,38.745,vegetables and fruits,Onion,KG,actual,Retail,ETB,32.64,0.2331,6,4,agent:4|user:2,published,waga-index-v1,snap_2026-07-25T06_v1
2026-05-24,Addis Ababa,Addis Ababa,Atikilt Tera,9.03,38.745,oil and fats,Cooking oil,L,actual,Retail,ETB,143.08,1.0220,8,5,agent:6|user:2,published,waga-index-v1,snap_2026-07-25T06_v1
2026-05-24,Addis Ababa,Addis Ababa,Asko,9.0489,38.6889,cereals and tubers,Teff (mixed),KG,actual,Retail,ETB,90.71,0.6479,4,3,agent:3|user:1,published,waga-index-v1,snap_2026-07-25T06_v1
2026-05-24,Addis Ababa,Addis Ababa,Asko,9.0489,38.6889,cereals and tubers,Wheat,KG,actual,Retail,ETB,57.00,0.4071,6,4,agent:4|user:2,published,waga-index-v1,snap_2026-07-25T06_v1
2026-05-24,Addis Ababa,Addis Ababa,Asko,9.0489,38.6889,cereals and tubers,Maize,KG,actual,Retail,ETB,37.64,0.2689,4,3,agent:3|user:1,published,waga-index-v1,snap_2026-07-25T06_v1
2026-05-24,Addis Ababa,Addis Ababa,Asko,9.0489,38.6889,vegetables and fruits,Onion,KG,actual,Retail,ETB,,,1,1,agent:1,insufficient_data,waga-index-v1,snap_2026-07-25T06_v1
2026-05-24,Addis Ababa,Addis Ababa,Asko,9.0489,38.6889,oil and fats,Cooking oil,L,actual,Retail,ETB,154.94,1.1067,6,4,agent:4|user:2,published,waga-index-v1,snap_2026-07-25T06_v1
2026-05-24,Addis Ababa,Addis Ababa,Saris,8.9797,38.7622,cereals and tubers,Teff (mixed),KG,actual,Retail,ETB,91.34,0.6524,4,3,agent:3|user:1,published,waga-index-v1,snap_2026-07-25T06_v1
2026-05-24,Addis Ababa,Addis Ababa,Saris,8.9797,38.7622,cereals and tubers,Wheat,KG,actual,Retail,ETB,59.78,0.4270,7,5,agent:5|user:2,published,waga-index-v1,snap_2026-07-25T06_v1
2026-05-24,Addis Ababa,Addis Ababa,Saris,8.9797,38.7622,cereals and tubers,Maize,KG,actual,Retail,ETB,38.24,0.2731,5,3,agent:4|user:1,published,waga-index-v1,snap_2026-07-25T06_v1
2026-05-24,Addis Ababa,Addis Ababa,Saris,8.9797,38.7622,vegetables and fruits,Onion,KG,actual,Retail,ETB,36.69,0.2621,3,2,agent:2|user:1,published,waga-index-v1,snap_2026-07-25T06_v1
2026-05-24,Addis Ababa,Addis Ababa,Saris,8.9797,38.7622,oil and fats,Cooking oil,L,actual,Retail,ETB,157.39,1.1242,4,3,agent:3|user:1,published,waga-index-v1,snap_2026-07-25T06_v1
2026-05-24,Addis Ababa,Addis Ababa,Akaki,8.8939,38.8069,cereals and tubers,Teff (mixed),KG,actual,Retail,ETB,93.44,0.6674,8,5,agent:6|user:2,published,waga-index-v1,snap_2026-07-25T06_v1
2026-05-24,Addis Ababa,Addis Ababa,Akaki,8.8939,38.8069,cereals and tubers,Wheat,KG,actual,Retail,ETB,58.44,0.4174,5,3,agent:4|user:1,published,waga-index-v1,snap_2026-07-25T06_v1
2026-05-24,Addis Ababa,Addis Ababa,Akaki,8.8939,38.8069,cereals and tubers,Maize,KG,actual,Retail,ETB,39.27,0.2805,6,4,agent:4|user:2,published,waga-index-v1,snap_2026-07-25T06_v1
2026-05-24,Addis Ababa,Addis Ababa,Akaki,8.8939,38.8069,vegetables and fruits,Onion,KG,actual,Retail,ETB,36.43,0.2602,4,3,agent:3|user:1,published,waga-index-v1,snap_2026-07-25T06_v1
2026-05-24,Addis Ababa,Addis Ababa,Akaki,8.8939,38.8069,oil and fats,Cooking oil,L,actual,Retail,ETB,160.10,1.1436,9,6,agent:7|user:2,published,waga-index-v1,snap_2026-07-25T06_v1
2026-05-24,Addis Ababa,Addis Ababa,Kera,8.9994,38.7481,cereals and tubers,Teff (mixed),KG,actual,Retail,ETB,93.96,0.6711,3,2,agent:2|user:1,published,waga-index-v1,snap_2026-07-25T06_v1
2026-05-24,Addis Ababa,Addis Ababa,Kera,8.9994,38.7481,cereals and tubers,Wheat,KG,actual,Retail,ETB,60.00,0.4286,8,5,agent:6|user:2,published,waga-index-v1,snap_2026-07-25T06_v1
2026-05-24,Addis Ababa,Addis Ababa,Kera,8.9994,38.7481,cereals and tubers,Maize,KG,actual,Retail,ETB,40.01,0.2858,8,5,agent:6|user:2,published,waga-index-v1,snap_2026-07-25T06_v1
2026-05-24,Addis Ababa,Addis Ababa,Kera,8.9994,38.7481,vegetables and fruits,Onion,KG,actual,Retail,ETB,38.75,0.2768,9,6,agent:7|user:2,published,waga-index-v1,snap_2026-07-25T06_v1
2026-05-24,Addis Ababa,Addis Ababa,Kera,8.9994,38.7481,oil and fats,Cooking oil,L,actual,Retail,ETB,165.71,1.1836,4,3,agent:3|user:1,published,waga-index-v1,snap_2026-07-25T06_v1
2026-05-24,Addis Ababa,Addis Ababa,Shola Gebeya,9.0244,38.7986,cereals and tubers,Teff (mixed),KG,actual,Retail,ETB,,,2,2,agent:2,insufficient_data,waga-index-v1,snap_2026-07-25T06_v1
2026-05-24,Addis Ababa,Addis Ababa,Shola Gebeya,9.0244,38.7986,cereals and tubers,Wheat,KG,actual,Retail,ETB,61.08,0.4363,3,2,agent:2|user:1,published,waga-index-v1,snap_2026-07-25T06_v1
2026-05-24,Addis Ababa,Addis Ababa,Shola Gebeya,9.0244,38.7986,cereals and tubers,Maize,KG,actual,Retail,ETB,39.78,0.2841,9,6,agent:7|user:2,published,waga-index-v1,snap_2026-07-25T06_v1
2026-05-24,Addis Ababa,Addis Ababa,Shola Gebeya,9.0244,38.7986,vegetables and fruits,Onion,KG,actual,Retail,ETB,40.54,0.2896,6,4,agent:4|user:2,published,waga-index-v1,snap_2026-07-25T06_v1
2026-05-24,Addis Ababa,Addis Ababa,Shola Gebeya,9.0244,38.7986,oil and fats,Cooking oil,L,actual,Retail,ETB,163.77,1.1698,4,3,agent:3|user:1,published,waga-index-v1,snap_2026-07-25T06_v1
2026-05-24,Addis Ababa,Addis Ababa,Piazza,9.0356,38.7522,cereals and tubers,Teff (mixed),KG,actual,Retail,ETB,101.81,0.7272,3,2,agent:2|user:1,published,waga-index-v1,snap_2026-07-25T06_v1
2026-05-24,Addis Ababa,Addis Ababa,Piazza,9.0356,38.7522,cereals and tubers,Wheat,KG,actual,Retail,ETB,61.03,0.4359,4,3,agent:3|user:1,published,waga-index-v1,snap_2026-07-25T06_v1
2026-05-24,Addis Ababa,Addis Ababa,Piazza,9.0356,38.7522,cereals and tubers,Maize,KG,actual,Retail,ETB,41.53,0.2966,7,5,agent:5|user:2,published,waga-index-v1,snap_2026-07-25T06_v1
2026-05-24,Addis Ababa,Addis Ababa,Piazza,9.0356,38.7522,vegetables and fruits,Onion,KG,actual,Retail,ETB,40.43,0.2888,3,2,agent:2|user:1,published,waga-index-v1,snap_2026-07-25T06_v1
2026-05-24,Addis Ababa,Addis Ababa,Piazza,9.0356,38.7522,oil and fats,Cooking oil,L,actual,Retail,ETB,173.23,1.2374,6,4,agent:4|user:2,published,waga-index-v1,snap_2026-07-25T06_v1
2026-05-25,Addis Ababa,Addis Ababa,Merkato,9.0341,38.7395,cereals and tubers,Teff (mixed),KG,actual,Retail,ETB,88.75,0.6339,6,4,agent:4|user:2,published,waga-index-v1,snap_2026-07-25T06_v1
2026-05-25,Addis Ababa,Addis Ababa,Merkato,9.0341,38.7395,cereals and tubers,Wheat,KG,actual,Retail,ETB,52.42,0.3744,7,5,agent:5|user:2,published,waga-index-v1,snap_2026-07-25T06_v1
2026-05-25,Addis Ababa,Addis Ababa,Merkato,9.0341,38.7395,cereals and tubers,Maize,KG,actual,Retail,ETB,34.80,0.2486,4,3,agent:3|user:1,published,waga-index-v1,snap_2026-07-25T06_v1
2026-05-25,Addis Ababa,Addis Ababa,Merkato,9.0341,38.7395,vegetables and fruits,Onion,KG,actual,Retail,ETB,35.31,0.2522,8,5,agent:6|user:2,published,waga-index-v1,snap_2026-07-25T06_v1
2026-05-25,Addis Ababa,Addis Ababa,Merkato,9.0341,38.7395,oil and fats,Cooking oil,L,actual,Retail,ETB,151.00,1.0786,3,2,agent:2|user:1,published,waga-index-v1,snap_2026-07-25T06_v1
2026-05-25,Addis Ababa,Addis Ababa,Ehil Berenda,9.0333,38.7389,cereals and tubers,Teff (mixed),KG,actual,Retail,ETB,83.36,0.5954,8,5,agent:6|user:2,published,waga-index-v1,snap_2026-07-25T06_v1
2026-05-25,Addis Ababa,Addis Ababa,Ehil Berenda,9.0333,38.7389,cereals and tubers,Wheat,KG,actual,Retail,ETB,56.50,0.4036,5,3,agent:4|user:1,published,waga-index-v1,snap_2026-07-25T06_v1
2026-05-25,Addis Ababa,Addis Ababa,Ehil Berenda,9.0333,38.7389,cereals and tubers,Maize,KG,actual,Retail,ETB,37.71,0.2694,7,5,agent:5|user:2,published,waga-index-v1,snap_2026-07-25T06_v1
2026-05-25,Addis Ababa,Addis Ababa,Ehil Berenda,9.0333,38.7389,vegetables and fruits,Onion,KG,actual,Retail,ETB,35.86,0.2561,8,5,agent:6|user:2,published,waga-index-v1,snap_2026-07-25T06_v1
2026-05-25,Addis Ababa,Addis Ababa,Ehil Berenda,9.0333,38.7389,oil and fats,Cooking oil,L,actual,Retail,ETB,150.89,1.0778,4,3,agent:3|user:1,published,waga-index-v1,snap_2026-07-25T06_v1
2026-05-25,Addis Ababa,Addis Ababa,Atikilt Tera,9.03,38.745,cereals and tubers,Teff (mixed),KG,actual,Retail,ETB,90.03,0.6431,4,3,agent:3|user:1,published,waga-index-v1,snap_2026-07-25T06_v1
2026-05-25,Addis Ababa,Addis Ababa,Atikilt Tera,9.03,38.745,cereals and tubers,Wheat,KG,actual,Retail,ETB,55.68,0.3977,8,5,agent:6|user:2,published,waga-index-v1,snap_2026-07-25T06_v1
2026-05-25,Addis Ababa,Addis Ababa,Atikilt Tera,9.03,38.745,cereals and tubers,Maize,KG,actual,Retail,ETB,38.26,0.2733,9,6,agent:7|user:2,published,waga-index-v1,snap_2026-07-25T06_v1
2026-05-25,Addis Ababa,Addis Ababa,Atikilt Tera,9.03,38.745,vegetables and fruits,Onion,KG,actual,Retail,ETB,32.61,0.2329,4,3,agent:3|user:1,published,waga-index-v1,snap_2026-07-25T06_v1
2026-05-25,Addis Ababa,Addis Ababa,Atikilt Tera,9.03,38.745,oil and fats,Cooking oil,L,actual,Retail,ETB,,,2,2,agent:2,insufficient_data,waga-index-v1,snap_2026-07-25T06_v1
2026-05-25,Addis Ababa,Addis Ababa,Asko,9.0489,38.6889,cereals and tubers,Teff (mixed),KG,actual,Retail,ETB,92.46,0.6604,9,6,agent:7|user:2,published,waga-index-v1,snap_2026-07-25T06_v1
2026-05-25,Addis Ababa,Addis Ababa,Asko,9.0489,38.6889,cereals and tubers,Wheat,KG,actual,Retail,ETB,57.12,0.4080,3,2,agent:2|user:1,published,waga-index-v1,snap_2026-07-25T06_v1
2026-05-25,Addis Ababa,Addis Ababa,Asko,9.0489,38.6889,cereals and tubers,Maize,KG,actual,Retail,ETB,37.98,0.2713,7,5,agent:5|user:2,published,waga-index-v1,snap_2026-07-25T06_v1
2026-05-25,Addis Ababa,Addis Ababa,Asko,9.0489,38.6889,vegetables and fruits,Onion,KG,actual,Retail,ETB,36.18,0.2584,4,3,agent:3|user:1,published,waga-index-v1,snap_2026-07-25T06_v1
2026-05-25,Addis Ababa,Addis Ababa,Asko,9.0489,38.6889,oil and fats,Cooking oil,L,actual,Retail,ETB,152.85,1.0918,9,6,agent:7|user:2,published,waga-index-v1,snap_2026-07-25T06_v1
2026-05-25,Addis Ababa,Addis Ababa,Saris,8.9797,38.7622,cereals and tubers,Teff (mixed),KG,actual,Retail,ETB,91.33,0.6524,6,4,agent:4|user:2,published,waga-index-v1,snap_2026-07-25T06_v1
2026-05-25,Addis Ababa,Addis Ababa,Saris,8.9797,38.7622,cereals and tubers,Wheat,KG,actual,Retail,ETB,59.37,0.4241,3,2,agent:2|user:1,published,waga-index-v1,snap_2026-07-25T06_v1
2026-05-25,Addis Ababa,Addis Ababa,Saris,8.9797,38.7622,cereals and tubers,Maize,KG,actual,Retail,ETB,38.68,0.2763,7,5,agent:5|user:2,published,waga-index-v1,snap_2026-07-25T06_v1
2026-05-25,Addis Ababa,Addis Ababa,Saris,8.9797,38.7622,vegetables and fruits,Onion,KG,actual,Retail,ETB,36.86,0.2633,6,4,agent:4|user:2,published,waga-index-v1,snap_2026-07-25T06_v1
2026-05-25,Addis Ababa,Addis Ababa,Saris,8.9797,38.7622,oil and fats,Cooking oil,L,actual,Retail,ETB,158.09,1.1292,6,4,agent:4|user:2,published,waga-index-v1,snap_2026-07-25T06_v1
2026-05-25,Addis Ababa,Addis Ababa,Akaki,8.8939,38.8069,cereals and tubers,Teff (mixed),KG,actual,Retail,ETB,91.92,0.6566,3,2,agent:2|user:1,published,waga-index-v1,snap_2026-07-25T06_v1
2026-05-25,Addis Ababa,Addis Ababa,Akaki,8.8939,38.8069,cereals and tubers,Wheat,KG,actual,Retail,ETB,58.86,0.4204,7,5,agent:5|user:2,published,waga-index-v1,snap_2026-07-25T06_v1
2026-05-25,Addis Ababa,Addis Ababa,Akaki,8.8939,38.8069,cereals and tubers,Maize,KG,actual,Retail,ETB,39.80,0.2843,7,5,agent:5|user:2,published,waga-index-v1,snap_2026-07-25T06_v1
2026-05-25,Addis Ababa,Addis Ababa,Akaki,8.8939,38.8069,vegetables and fruits,Onion,KG,actual,Retail,ETB,,,0,0,,insufficient_data,waga-index-v1,snap_2026-07-25T06_v1
2026-05-25,Addis Ababa,Addis Ababa,Akaki,8.8939,38.8069,oil and fats,Cooking oil,L,actual,Retail,ETB,159.09,1.1364,5,3,agent:4|user:1,published,waga-index-v1,snap_2026-07-25T06_v1
2026-05-25,Addis Ababa,Addis Ababa,Kera,8.9994,38.7481,cereals and tubers,Teff (mixed),KG,actual,Retail,ETB,93.75,0.6696,5,3,agent:4|user:1,published,waga-index-v1,snap_2026-07-25T06_v1
2026-05-25,Addis Ababa,Addis Ababa,Kera,8.9994,38.7481,cereals and tubers,Wheat,KG,actual,Retail,ETB,59.91,0.4279,5,3,agent:4|user:1,published,waga-index-v1,snap_2026-07-25T06_v1
2026-05-25,Addis Ababa,Addis Ababa,Kera,8.9994,38.7481,cereals and tubers,Maize,KG,actual,Retail,ETB,39.91,0.2851,9,6,agent:7|user:2,published,waga-index-v1,snap_2026-07-25T06_v1
2026-05-25,Addis Ababa,Addis Ababa,Kera,8.9994,38.7481,vegetables and fruits,Onion,KG,actual,Retail,ETB,38.73,0.2766,8,5,agent:6|user:2,published,waga-index-v1,snap_2026-07-25T06_v1
2026-05-25,Addis Ababa,Addis Ababa,Kera,8.9994,38.7481,oil and fats,Cooking oil,L,actual,Retail,ETB,163.98,1.1713,6,4,agent:4|user:2,published,waga-index-v1,snap_2026-07-25T06_v1
2026-05-25,Addis Ababa,Addis Ababa,Shola Gebeya,9.0244,38.7986,cereals and tubers,Teff (mixed),KG,actual,Retail,ETB,98.11,0.7008,3,2,agent:2|user:1,published,waga-index-v1,snap_2026-07-25T06_v1
2026-05-25,Addis Ababa,Addis Ababa,Shola Gebeya,9.0244,38.7986,cereals and tubers,Wheat,KG,actual,Retail,ETB,60.53,0.4324,3,2,agent:2|user:1,published,waga-index-v1,snap_2026-07-25T06_v1
2026-05-25,Addis Ababa,Addis Ababa,Shola Gebeya,9.0244,38.7986,cereals and tubers,Maize,KG,actual,Retail,ETB,39.85,0.2846,5,3,agent:4|user:1,published,waga-index-v1,snap_2026-07-25T06_v1
2026-05-25,Addis Ababa,Addis Ababa,Shola Gebeya,9.0244,38.7986,vegetables and fruits,Onion,KG,actual,Retail,ETB,40.49,0.2892,5,3,agent:4|user:1,published,waga-index-v1,snap_2026-07-25T06_v1
2026-05-25,Addis Ababa,Addis Ababa,Shola Gebeya,9.0244,38.7986,oil and fats,Cooking oil,L,actual,Retail,ETB,164.70,1.1764,7,5,agent:5|user:2,published,waga-index-v1,snap_2026-07-25T06_v1
2026-05-25,Addis Ababa,Addis Ababa,Piazza,9.0356,38.7522,cereals and tubers,Teff (mixed),KG,actual,Retail,ETB,100.26,0.7161,8,5,agent:6|user:2,published,waga-index-v1,snap_2026-07-25T06_v1
2026-05-25,Addis Ababa,Addis Ababa,Piazza,9.0356,38.7522,cereals and tubers,Wheat,KG,actual,Retail,ETB,61.47,0.4391,9,6,agent:7|user:2,published,waga-index-v1,snap_2026-07-25T06_v1
2026-05-25,Addis Ababa,Addis Ababa,Piazza,9.0356,38.7522,cereals and tubers,Maize,KG,actual,Retail,ETB,41.31,0.2951,6,4,agent:4|user:2,published,waga-index-v1,snap_2026-07-25T06_v1
2026-05-25,Addis Ababa,Addis Ababa,Piazza,9.0356,38.7522,vegetables and fruits,Onion,KG,actual,Retail,ETB,39.89,0.2849,5,3,agent:4|user:1,published,waga-index-v1,snap_2026-07-25T06_v1
2026-05-25,Addis Ababa,Addis Ababa,Piazza,9.0356,38.7522,oil and fats,Cooking oil,L,actual,Retail,ETB,171.40,1.2243,7,5,agent:5|user:2,published,waga-index-v1,snap_2026-07-25T06_v1
2026-05-26,Addis Ababa,Addis Ababa,Merkato,9.0341,38.7395,cereals and tubers,Teff (mixed),KG,actual,Retail,ETB,89.21,0.6372,9,6,agent:7|user:2,published,waga-index-v1,snap_2026-07-25T06_v1
2026-05-26,Addis Ababa,Addis Ababa,Merkato,9.0341,38.7395,cereals and tubers,Wheat,KG,actual,Retail,ETB,52.54,0.3753,5,3,agent:4|user:1,published,waga-index-v1,snap_2026-07-25T06_v1
2026-05-26,Addis Ababa,Addis Ababa,Merkato,9.0341,38.7395,cereals and tubers,Maize,KG,actual,Retail,ETB,,,0,0,,insufficient_data,waga-index-v1,snap_2026-07-25T06_v1
2026-05-26,Addis Ababa,Addis Ababa,Merkato,9.0341,38.7395,vegetables and fruits,Onion,KG,actual,Retail,ETB,35.49,0.2535,9,6,agent:7|user:2,published,waga-index-v1,snap_2026-07-25T06_v1
2026-05-26,Addis Ababa,Addis Ababa,Merkato,9.0341,38.7395,oil and fats,Cooking oil,L,actual,Retail,ETB,152.56,1.0897,4,3,agent:3|user:1,published,waga-index-v1,snap_2026-07-25T06_v1
2026-05-26,Addis Ababa,Addis Ababa,Ehil Berenda,9.0333,38.7389,cereals and tubers,Teff (mixed),KG,actual,Retail,ETB,82.57,0.5898,6,4,agent:4|user:2,published,waga-index-v1,snap_2026-07-25T06_v1
2026-05-26,Addis Ababa,Addis Ababa,Ehil Berenda,9.0333,38.7389,cereals and tubers,Wheat,KG,actual,Retail,ETB,55.93,0.3995,9,6,agent:7|user:2,published,waga-index-v1,snap_2026-07-25T06_v1
2026-05-26,Addis Ababa,Addis Ababa,Ehil Berenda,9.0333,38.7389,cereals and tubers,Maize,KG,actual,Retail,ETB,37.60,0.2686,9,6,agent:7|user:2,published,waga-index-v1,snap_2026-07-25T06_v1
2026-05-26,Addis Ababa,Addis Ababa,Ehil Berenda,9.0333,38.7389,vegetables and fruits,Onion,KG,actual,Retail,ETB,35.59,0.2542,5,3,agent:4|user:1,published,waga-index-v1,snap_2026-07-25T06_v1
2026-05-26,Addis Ababa,Addis Ababa,Ehil Berenda,9.0333,38.7389,oil and fats,Cooking oil,L,actual,Retail,ETB,,,0,0,,insufficient_data,waga-index-v1,snap_2026-07-25T06_v1
2026-05-26,Addis Ababa,Addis Ababa,Atikilt Tera,9.03,38.745,cereals and tubers,Teff (mixed),KG,actual,Retail,ETB,88.01,0.6286,8,5,agent:6|user:2,published,waga-index-v1,snap_2026-07-25T06_v1
2026-05-26,Addis Ababa,Addis Ababa,Atikilt Tera,9.03,38.745,cereals and tubers,Wheat,KG,actual,Retail,ETB,55.74,0.3981,8,5,agent:6|user:2,published,waga-index-v1,snap_2026-07-25T06_v1
2026-05-26,Addis Ababa,Addis Ababa,Atikilt Tera,9.03,38.745,cereals and tubers,Maize,KG,actual,Retail,ETB,37.93,0.2709,8,5,agent:6|user:2,published,waga-index-v1,snap_2026-07-25T06_v1
2026-05-26,Addis Ababa,Addis Ababa,Atikilt Tera,9.03,38.745,vegetables and fruits,Onion,KG,actual,Retail,ETB,32.56,0.2326,7,5,agent:5|user:2,published,waga-index-v1,snap_2026-07-25T06_v1
2026-05-26,Addis Ababa,Addis Ababa,Atikilt Tera,9.03,38.745,oil and fats,Cooking oil,L,actual,Retail,ETB,146.36,1.0454,7,5,agent:5|user:2,published,waga-index-v1,snap_2026-07-25T06_v1
2026-05-26,Addis Ababa,Addis Ababa,Asko,9.0489,38.6889,cereals and tubers,Teff (mixed),KG,actual,Retail,ETB,90.41,0.6458,9,6,agent:7|user:2,published,waga-index-v1,snap_2026-07-25T06_v1
2026-05-26,Addis Ababa,Addis Ababa,Asko,9.0489,38.6889,cereals and tubers,Wheat,KG,actual,Retail,ETB,57.39,0.4099,7,5,agent:5|user:2,published,waga-index-v1,snap_2026-07-25T06_v1
2026-05-26,Addis Ababa,Addis Ababa,Asko,9.0489,38.6889,cereals and tubers,Maize,KG,actual,Retail,ETB,37.61,0.2686,4,3,agent:3|user:1,published,waga-index-v1,snap_2026-07-25T06_v1
2026-05-26,Addis Ababa,Addis Ababa,Asko,9.0489,38.6889,vegetables and fruits,Onion,KG,actual,Retail,ETB,36.88,0.2634,3,2,agent:2|user:1,published,waga-index-v1,snap_2026-07-25T06_v1
2026-05-26,Addis Ababa,Addis Ababa,Asko,9.0489,38.6889,oil and fats,Cooking oil,L,actual,Retail,ETB,151.29,1.0806,9,6,agent:7|user:2,published,waga-index-v1,snap_2026-07-25T06_v1
2026-05-26,Addis Ababa,Addis Ababa,Saris,8.9797,38.7622,cereals and tubers,Teff (mixed),KG,actual,Retail,ETB,92.22,0.6587,9,6,agent:7|user:2,published,waga-index-v1,snap_2026-07-25T06_v1
2026-05-26,Addis Ababa,Addis Ababa,Saris,8.9797,38.7622,cereals and tubers,Wheat,KG,actual,Retail,ETB,58.90,0.4207,8,5,agent:6|user:2,published,waga-index-v1,snap_2026-07-25T06_v1
2026-05-26,Addis Ababa,Addis Ababa,Saris,8.9797,38.7622,cereals and tubers,Maize,KG,actual,Retail,ETB,38.83,0.2774,7,5,agent:5|user:2,published,waga-index-v1,snap_2026-07-25T06_v1
2026-05-26,Addis Ababa,Addis Ababa,Saris,8.9797,38.7622,vegetables and fruits,Onion,KG,actual,Retail,ETB,37.13,0.2652,4,3,agent:3|user:1,published,waga-index-v1,snap_2026-07-25T06_v1
2026-05-26,Addis Ababa,Addis Ababa,Saris,8.9797,38.7622,oil and fats,Cooking oil,L,actual,Retail,ETB,156.99,1.1214,6,4,agent:4|user:2,published,waga-index-v1,snap_2026-07-25T06_v1
2026-05-26,Addis Ababa,Addis Ababa,Akaki,8.8939,38.8069,cereals and tubers,Teff (mixed),KG,actual,Retail,ETB,92.82,0.6630,8,5,agent:6|user:2,published,waga-index-v1,snap_2026-07-25T06_v1
2026-05-26,Addis Ababa,Addis Ababa,Akaki,8.8939,38.8069,cereals and tubers,Wheat,KG,actual,Retail,ETB,59.57,0.4255,7,5,agent:5|user:2,published,waga-index-v1,snap_2026-07-25T06_v1
2026-05-26,Addis Ababa,Addis Ababa,Akaki,8.8939,38.8069,cereals and tubers,Maize,KG,actual,Retail,ETB,39.76,0.2840,8,5,agent:6|user:2,published,waga-index-v1,snap_2026-07-25T06_v1
2026-05-26,Addis Ababa,Addis Ababa,Akaki,8.8939,38.8069,vegetables and fruits,Onion,KG,actual,Retail,ETB,36.52,0.2609,8,5,agent:6|user:2,published,waga-index-v1,snap_2026-07-25T06_v1
2026-05-26,Addis Ababa,Addis Ababa,Akaki,8.8939,38.8069,oil and fats,Cooking oil,L,actual,Retail,ETB,156.78,1.1199,5,3,agent:4|user:1,published,waga-index-v1,snap_2026-07-25T06_v1
2026-05-26,Addis Ababa,Addis Ababa,Kera,8.9994,38.7481,cereals and tubers,Teff (mixed),KG,actual,Retail,ETB,93.90,0.6707,3,2,agent:2|user:1,published,waga-index-v1,snap_2026-07-25T06_v1
2026-05-26,Addis Ababa,Addis Ababa,Kera,8.9994,38.7481,cereals and tubers,Wheat,KG,actual,Retail,ETB,60.41,0.4315,3,2,agent:2|user:1,published,waga-index-v1,snap_2026-07-25T06_v1
2026-05-26,Addis Ababa,Addis Ababa,Kera,8.9994,38.7481,cereals and tubers,Maize,KG,actual,Retail,ETB,39.68,0.2834,8,5,agent:6|user:2,published,waga-index-v1,snap_2026-07-25T06_v1
2026-05-26,Addis Ababa,Addis Ababa,Kera,8.9994,38.7481,vegetables and fruits,Onion,KG,actual,Retail,ETB,38.21,0.2729,5,3,agent:4|user:1,published,waga-index-v1,snap_2026-07-25T06_v1
2026-05-26,Addis Ababa,Addis Ababa,Kera,8.9994,38.7481,oil and fats,Cooking oil,L,actual,Retail,ETB,162.51,1.1608,7,5,agent:5|user:2,published,waga-index-v1,snap_2026-07-25T06_v1
2026-05-26,Addis Ababa,Addis Ababa,Shola Gebeya,9.0244,38.7986,cereals and tubers,Teff (mixed),KG,actual,Retail,ETB,97.32,0.6951,3,2,agent:2|user:1,published,waga-index-v1,snap_2026-07-25T06_v1
2026-05-26,Addis Ababa,Addis Ababa,Shola Gebeya,9.0244,38.7986,cereals and tubers,Wheat,KG,actual,Retail,ETB,60.92,0.4351,4,3,agent:3|user:1,published,waga-index-v1,snap_2026-07-25T06_v1
2026-05-26,Addis Ababa,Addis Ababa,Shola Gebeya,9.0244,38.7986,cereals and tubers,Maize,KG,actual,Retail,ETB,40.27,0.2876,5,3,agent:4|user:1,published,waga-index-v1,snap_2026-07-25T06_v1
2026-05-26,Addis Ababa,Addis Ababa,Shola Gebeya,9.0244,38.7986,vegetables and fruits,Onion,KG,actual,Retail,ETB,40.06,0.2861,4,3,agent:3|user:1,published,waga-index-v1,snap_2026-07-25T06_v1
2026-05-26,Addis Ababa,Addis Ababa,Shola Gebeya,9.0244,38.7986,oil and fats,Cooking oil,L,actual,Retail,ETB,165.45,1.1818,8,5,agent:6|user:2,published,waga-index-v1,snap_2026-07-25T06_v1
2026-05-26,Addis Ababa,Addis Ababa,Piazza,9.0356,38.7522,cereals and tubers,Teff (mixed),KG,actual,Retail,ETB,100.26,0.7161,6,4,agent:4|user:2,published,waga-index-v1,snap_2026-07-25T06_v1
2026-05-26,Addis Ababa,Addis Ababa,Piazza,9.0356,38.7522,cereals and tubers,Wheat,KG,actual,Retail,ETB,61.32,0.4380,3,2,agent:2|user:1,published,waga-index-v1,snap_2026-07-25T06_v1
2026-05-26,Addis Ababa,Addis Ababa,Piazza,9.0356,38.7522,cereals and tubers,Maize,KG,actual,Retail,ETB,41.23,0.2945,6,4,agent:4|user:2,published,waga-index-v1,snap_2026-07-25T06_v1
2026-05-26,Addis Ababa,Addis Ababa,Piazza,9.0356,38.7522,vegetables and fruits,Onion,KG,actual,Retail,ETB,39.96,0.2854,3,2,agent:2|user:1,published,waga-index-v1,snap_2026-07-25T06_v1
2026-05-26,Addis Ababa,Addis Ababa,Piazza,9.0356,38.7522,oil and fats,Cooking oil,L,actual,Retail,ETB,169.43,1.2102,6,4,agent:4|user:2,published,waga-index-v1,snap_2026-07-25T06_v1
2026-05-27,Addis Ababa,Addis Ababa,Merkato,9.0341,38.7395,cereals and tubers,Teff (mixed),KG,actual,Retail,ETB,,,2,2,agent:2,insufficient_data,waga-index-v1,snap_2026-07-25T06_v1
2026-05-27,Addis Ababa,Addis Ababa,Merkato,9.0341,38.7395,cereals and tubers,Wheat,KG,actual,Retail,ETB,52.85,0.3775,4,3,agent:3|user:1,published,waga-index-v1,snap_2026-07-25T06_v1
2026-05-27,Addis Ababa,Addis Ababa,Merkato,9.0341,38.7395,cereals and tubers,Maize,KG,actual,Retail,ETB,35.41,0.2529,3,2,agent:2|user:1,published,waga-index-v1,snap_2026-07-25T06_v1
2026-05-27,Addis Ababa,Addis Ababa,Merkato,9.0341,38.7395,vegetables and fruits,Onion,KG,actual,Retail,ETB,35.88,0.2563,8,5,agent:6|user:2,published,waga-index-v1,snap_2026-07-25T06_v1
2026-05-27,Addis Ababa,Addis Ababa,Merkato,9.0341,38.7395,oil and fats,Cooking oil,L,actual,Retail,ETB,153.04,1.0931,6,4,agent:4|user:2,published,waga-index-v1,snap_2026-07-25T06_v1
2026-05-27,Addis Ababa,Addis Ababa,Ehil Berenda,9.0333,38.7389,cereals and tubers,Teff (mixed),KG,actual,Retail,ETB,82.65,0.5904,7,5,agent:5|user:2,published,waga-index-v1,snap_2026-07-25T06_v1
2026-05-27,Addis Ababa,Addis Ababa,Ehil Berenda,9.0333,38.7389,cereals and tubers,Wheat,KG,actual,Retail,ETB,55.61,0.3972,9,6,agent:7|user:2,published,waga-index-v1,snap_2026-07-25T06_v1
2026-05-27,Addis Ababa,Addis Ababa,Ehil Berenda,9.0333,38.7389,cereals and tubers,Maize,KG,actual,Retail,ETB,38.10,0.2721,5,3,agent:4|user:1,published,waga-index-v1,snap_2026-07-25T06_v1
2026-05-27,Addis Ababa,Addis Ababa,Ehil Berenda,9.0333,38.7389,vegetables and fruits,Onion,KG,actual,Retail,ETB,34.98,0.2499,6,4,agent:4|user:2,published,waga-index-v1,snap_2026-07-25T06_v1
2026-05-27,Addis Ababa,Addis Ababa,Ehil Berenda,9.0333,38.7389,oil and fats,Cooking oil,L,actual,Retail,ETB,152.93,1.0924,4,3,agent:3|user:1,published,waga-index-v1,snap_2026-07-25T06_v1
2026-05-27,Addis Ababa,Addis Ababa,Atikilt Tera,9.03,38.745,cereals and tubers,Teff (mixed),KG,actual,Retail,ETB,88.48,0.6320,9,6,agent:7|user:2,published,waga-index-v1,snap_2026-07-25T06_v1
2026-05-27,Addis Ababa,Addis Ababa,Atikilt Tera,9.03,38.745,cereals and tubers,Wheat,KG,actual,Retail,ETB,56.15,0.4011,3,2,agent:2|user:1,published,waga-index-v1,snap_2026-07-25T06_v1
2026-05-27,Addis Ababa,Addis Ababa,Atikilt Tera,9.03,38.745,cereals and tubers,Maize,KG,actual,Retail,ETB,37.89,0.2706,4,3,agent:3|user:1,published,waga-index-v1,snap_2026-07-25T06_v1
2026-05-27,Addis Ababa,Addis Ababa,Atikilt Tera,9.03,38.745,vegetables and fruits,Onion,KG,actual,Retail,ETB,32.92,0.2351,7,5,agent:5|user:2,published,waga-index-v1,snap_2026-07-25T06_v1
2026-05-27,Addis Ababa,Addis Ababa,Atikilt Tera,9.03,38.745,oil and fats,Cooking oil,L,actual,Retail,ETB,145.93,1.0424,4,3,agent:3|user:1,published,waga-index-v1,snap_2026-07-25T06_v1
2026-05-27,Addis Ababa,Addis Ababa,Asko,9.0489,38.6889,cereals and tubers,Teff (mixed),KG,actual,Retail,ETB,90.46,0.6461,9,6,agent:7|user:2,published,waga-index-v1,snap_2026-07-25T06_v1
2026-05-27,Addis Ababa,Addis Ababa,Asko,9.0489,38.6889,cereals and tubers,Wheat,KG,actual,Retail,ETB,57.08,0.4077,7,5,agent:5|user:2,published,waga-index-v1,snap_2026-07-25T06_v1
2026-05-27,Addis Ababa,Addis Ababa,Asko,9.0489,38.6889,cereals and tubers,Maize,KG,actual,Retail,ETB,37.69,0.2692,4,3,agent:3|user:1,published,waga-index-v1,snap_2026-07-25T06_v1
2026-05-27,Addis Ababa,Addis Ababa,Asko,9.0489,38.6889,vegetables and fruits,Onion,KG,actual,Retail,ETB,37.35,0.2668,8,5,agent:6|user:2,published,waga-index-v1,snap_2026-07-25T06_v1
2026-05-27,Addis Ababa,Addis Ababa,Asko,9.0489,38.6889,oil and fats,Cooking oil,L,actual,Retail,ETB,152.86,1.0919,6,4,agent:4|user:2,published,waga-index-v1,snap_2026-07-25T06_v1
2026-05-27,Addis Ababa,Addis Ababa,Saris,8.9797,38.7622,cereals and tubers,Teff (mixed),KG,actual,Retail,ETB,91.55,0.6539,4,3,agent:3|user:1,published,waga-index-v1,snap_2026-07-25T06_v1
2026-05-27,Addis Ababa,Addis Ababa,Saris,8.9797,38.7622,cereals and tubers,Wheat,KG,actual,Retail,ETB,58.76,0.4197,3,2,agent:2|user:1,published,waga-index-v1,snap_2026-07-25T06_v1
2026-05-27,Addis Ababa,Addis Ababa,Saris,8.9797,38.7622,cereals and tubers,Maize,KG,actual,Retail,ETB,39.80,0.2843,8,5,agent:6|user:2,published,waga-index-v1,snap_2026-07-25T06_v1
2026-05-27,Addis Ababa,Addis Ababa,Saris,8.9797,38.7622,vegetables and fruits,Onion,KG,actual,Retail,ETB,37.61,0.2686,9,6,agent:7|user:2,published,waga-index-v1,snap_2026-07-25T06_v1
2026-05-27,Addis Ababa,Addis Ababa,Saris,8.9797,38.7622,oil and fats,Cooking oil,L,actual,Retail,ETB,155.52,1.1109,7,5,agent:5|user:2,published,waga-index-v1,snap_2026-07-25T06_v1
2026-05-27,Addis Ababa,Addis Ababa,Akaki,8.8939,38.8069,cereals and tubers,Teff (mixed),KG,actual,Retail,ETB,92.19,0.6585,9,6,agent:7|user:2,published,waga-index-v1,snap_2026-07-25T06_v1
2026-05-27,Addis Ababa,Addis Ababa,Akaki,8.8939,38.8069,cereals and tubers,Wheat,KG,actual,Retail,ETB,60.03,0.4288,7,5,agent:5|user:2,published,waga-index-v1,snap_2026-07-25T06_v1
2026-05-27,Addis Ababa,Addis Ababa,Akaki,8.8939,38.8069,cereals and tubers,Maize,KG,actual,Retail,ETB,39.97,0.2855,5,3,agent:4|user:1,published,waga-index-v1,snap_2026-07-25T06_v1
2026-05-27,Addis Ababa,Addis Ababa,Akaki,8.8939,38.8069,vegetables and fruits,Onion,KG,actual,Retail,ETB,36.16,0.2583,7,5,agent:5|user:2,published,waga-index-v1,snap_2026-07-25T06_v1
2026-05-27,Addis Ababa,Addis Ababa,Akaki,8.8939,38.8069,oil and fats,Cooking oil,L,actual,Retail,ETB,155.12,1.1080,4,3,agent:3|user:1,published,waga-index-v1,snap_2026-07-25T06_v1
2026-05-27,Addis Ababa,Addis Ababa,Kera,8.9994,38.7481,cereals and tubers,Teff (mixed),KG,actual,Retail,ETB,95.18,0.6799,4,3,agent:3|user:1,published,waga-index-v1,snap_2026-07-25T06_v1
2026-05-27,Addis Ababa,Addis Ababa,Kera,8.9994,38.7481,cereals and tubers,Wheat,KG,actual,Retail,ETB,60.12,0.4294,6,4,agent:4|user:2,published,waga-index-v1,snap_2026-07-25T06_v1
2026-05-27,Addis Ababa,Addis Ababa,Kera,8.9994,38.7481,cereals and tubers,Maize,KG,actual,Retail,ETB,39.32,0.2809,7,5,agent:5|user:2,published,waga-index-v1,snap_2026-07-25T06_v1
2026-05-27,Addis Ababa,Addis Ababa,Kera,8.9994,38.7481,vegetables and fruits,Onion,KG,actual,Retail,ETB,,,1,1,agent:1,insufficient_data,waga-index-v1,snap_2026-07-25T06_v1
2026-05-27,Addis Ababa,Addis Ababa,Kera,8.9994,38.7481,oil and fats,Cooking oil,L,actual,Retail,ETB,162.24,1.1589,4,3,agent:3|user:1,published,waga-index-v1,snap_2026-07-25T06_v1
2026-05-27,Addis Ababa,Addis Ababa,Shola Gebeya,9.0244,38.7986,cereals and tubers,Teff (mixed),KG,actual,Retail,ETB,97.76,0.6983,7,5,agent:5|user:2,published,waga-index-v1,snap_2026-07-25T06_v1
2026-05-27,Addis Ababa,Addis Ababa,Shola Gebeya,9.0244,38.7986,cereals and tubers,Wheat,KG,actual,Retail,ETB,61.54,0.4396,7,5,agent:5|user:2,published,waga-index-v1,snap_2026-07-25T06_v1
2026-05-27,Addis Ababa,Addis Ababa,Shola Gebeya,9.0244,38.7986,cereals and tubers,Maize,KG,actual,Retail,ETB,40.94,0.2924,8,5,agent:6|user:2,published,waga-index-v1,snap_2026-07-25T06_v1
2026-05-27,Addis Ababa,Addis Ababa,Shola Gebeya,9.0244,38.7986,vegetables and fruits,Onion,KG,actual,Retail,ETB,40.53,0.2895,6,4,agent:4|user:2,published,waga-index-v1,snap_2026-07-25T06_v1
2026-05-27,Addis Ababa,Addis Ababa,Shola Gebeya,9.0244,38.7986,oil and fats,Cooking oil,L,actual,Retail,ETB,162.96,1.1640,9,6,agent:7|user:2,published,waga-index-v1,snap_2026-07-25T06_v1
2026-05-27,Addis Ababa,Addis Ababa,Piazza,9.0356,38.7522,cereals and tubers,Teff (mixed),KG,actual,Retail,ETB,100.80,0.7200,8,5,agent:6|user:2,published,waga-index-v1,snap_2026-07-25T06_v1
2026-05-27,Addis Ababa,Addis Ababa,Piazza,9.0356,38.7522,cereals and tubers,Wheat,KG,actual,Retail,ETB,,,2,2,agent:2,insufficient_data,waga-index-v1,snap_2026-07-25T06_v1
2026-05-27,Addis Ababa,Addis Ababa,Piazza,9.0356,38.7522,cereals and tubers,Maize,KG,actual,Retail,ETB,,,2,2,agent:2,insufficient_data,waga-index-v1,snap_2026-07-25T06_v1
2026-05-27,Addis Ababa,Addis Ababa,Piazza,9.0356,38.7522,vegetables and fruits,Onion,KG,actual,Retail,ETB,39.95,0.2854,8,5,agent:6|user:2,published,waga-index-v1,snap_2026-07-25T06_v1
2026-05-27,Addis Ababa,Addis Ababa,Piazza,9.0356,38.7522,oil and fats,Cooking oil,L,actual,Retail,ETB,,,0,0,,insufficient_data,waga-index-v1,snap_2026-07-25T06_v1
2026-05-28,Addis Ababa,Addis Ababa,Merkato,9.0341,38.7395,cereals and tubers,Teff (mixed),KG,actual,Retail,ETB,87.88,0.6277,3,2,agent:2|user:1,published,waga-index-v1,snap_2026-07-25T06_v1
2026-05-28,Addis Ababa,Addis Ababa,Merkato,9.0341,38.7395,cereals and tubers,Wheat,KG,actual,Retail,ETB,,,1,1,agent:1,insufficient_data,waga-index-v1,snap_2026-07-25T06_v1
2026-05-28,Addis Ababa,Addis Ababa,Merkato,9.0341,38.7395,cereals and tubers,Maize,KG,actual,Retail,ETB,34.32,0.2451,9,6,agent:7|user:2,published,waga-index-v1,snap_2026-07-25T06_v1
2026-05-28,Addis Ababa,Addis Ababa,Merkato,9.0341,38.7395,vegetables and fruits,Onion,KG,actual,Retail,ETB,35.79,0.2556,4,3,agent:3|user:1,published,waga-index-v1,snap_2026-07-25T06_v1
2026-05-28,Addis Ababa,Addis Ababa,Merkato,9.0341,38.7395,oil and fats,Cooking oil,L,actual,Retail,ETB,152.81,1.0915,9,6,agent:7|user:2,published,waga-index-v1,snap_2026-07-25T06_v1
2026-05-28,Addis Ababa,Addis Ababa,Ehil Berenda,9.0333,38.7389,cereals and tubers,Teff (mixed),KG,actual,Retail,ETB,82.73,0.5909,8,5,agent:6|user:2,published,waga-index-v1,snap_2026-07-25T06_v1
2026-05-28,Addis Ababa,Addis Ababa,Ehil Berenda,9.0333,38.7389,cereals and tubers,Wheat,KG,actual,Retail,ETB,55.45,0.3961,3,2,agent:2|user:1,published,waga-index-v1,snap_2026-07-25T06_v1
2026-05-28,Addis Ababa,Addis Ababa,Ehil Berenda,9.0333,38.7389,cereals and tubers,Maize,KG,actual,Retail,ETB,38.17,0.2726,8,5,agent:6|user:2,published,waga-index-v1,snap_2026-07-25T06_v1
2026-05-28,Addis Ababa,Addis Ababa,Ehil Berenda,9.0333,38.7389,vegetables and fruits,Onion,KG,actual,Retail,ETB,35.39,0.2528,5,3,agent:4|user:1,published,waga-index-v1,snap_2026-07-25T06_v1
2026-05-28,Addis Ababa,Addis Ababa,Ehil Berenda,9.0333,38.7389,oil and fats,Cooking oil,L,actual,Retail,ETB,152.11,1.0865,7,5,agent:5|user:2,published,waga-index-v1,snap_2026-07-25T06_v1
2026-05-28,Addis Ababa,Addis Ababa,Atikilt Tera,9.03,38.745,cereals and tubers,Teff (mixed),KG,actual,Retail,ETB,89.56,0.6397,5,3,agent:4|user:1,published,waga-index-v1,snap_2026-07-25T06_v1
2026-05-28,Addis Ababa,Addis Ababa,Atikilt Tera,9.03,38.745,cereals and tubers,Wheat,KG,actual,Retail,ETB,55.98,0.3999,9,6,agent:7|user:2,published,waga-index-v1,snap_2026-07-25T06_v1
2026-05-28,Addis Ababa,Addis Ababa,Atikilt Tera,9.03,38.745,cereals and tubers,Maize,KG,actual,Retail,ETB,37.88,0.2706,8,5,agent:6|user:2,published,waga-index-v1,snap_2026-07-25T06_v1
2026-05-28,Addis Ababa,Addis Ababa,Atikilt Tera,9.03,38.745,vegetables and fruits,Onion,KG,actual,Retail,ETB,32.57,0.2326,4,3,agent:3|user:1,published,waga-index-v1,snap_2026-07-25T06_v1
2026-05-28,Addis Ababa,Addis Ababa,Atikilt Tera,9.03,38.745,oil and fats,Cooking oil,L,actual,Retail,ETB,144.47,1.0319,7,5,agent:5|user:2,published,waga-index-v1,snap_2026-07-25T06_v1
2026-05-28,Addis Ababa,Addis Ababa,Asko,9.0489,38.6889,cereals and tubers,Teff (mixed),KG,actual,Retail,ETB,90.64,0.6474,9,6,agent:7|user:2,published,waga-index-v1,snap_2026-07-25T06_v1
2026-05-28,Addis Ababa,Addis Ababa,Asko,9.0489,38.6889,cereals and tubers,Wheat,KG,actual,Retail,ETB,58.04,0.4146,6,4,agent:4|user:2,published,waga-index-v1,snap_2026-07-25T06_v1
2026-05-28,Addis Ababa,Addis Ababa,Asko,9.0489,38.6889,cereals and tubers,Maize,KG,actual,Retail,ETB,37.59,0.2685,4,3,agent:3|user:1,published,waga-index-v1,snap_2026-07-25T06_v1
2026-05-28,Addis Ababa,Addis Ababa,Asko,9.0489,38.6889,vegetables and fruits,Onion,KG,actual,Retail,ETB,37.61,0.2686,7,5,agent:5|user:2,published,waga-index-v1,snap_2026-07-25T06_v1
2026-05-28,Addis Ababa,Addis Ababa,Asko,9.0489,38.6889,oil and fats,Cooking oil,L,actual,Retail,ETB,155.83,1.1131,6,4,agent:4|user:2,published,waga-index-v1,snap_2026-07-25T06_v1
2026-05-28,Addis Ababa,Addis Ababa,Saris,8.9797,38.7622,cereals and tubers,Teff (mixed),KG,actual,Retail,ETB,90.80,0.6486,5,3,agent:4|user:1,published,waga-index-v1,snap_2026-07-25T06_v1
2026-05-28,Addis Ababa,Addis Ababa,Saris,8.9797,38.7622,cereals and tubers,Wheat,KG,actual,Retail,ETB,59.42,0.4244,4,3,agent:3|user:1,published,waga-index-v1,snap_2026-07-25T06_v1
2026-05-28,Addis Ababa,Addis Ababa,Saris,8.9797,38.7622,cereals and tubers,Maize,KG,actual,Retail,ETB,39.76,0.2840,3,2,agent:2|user:1,published,waga-index-v1,snap_2026-07-25T06_v1
2026-05-28,Addis Ababa,Addis Ababa,Saris,8.9797,38.7622,vegetables and fruits,Onion,KG,actual,Retail,ETB,37.70,0.2693,7,5,agent:5|user:2,published,waga-index-v1,snap_2026-07-25T06_v1
2026-05-28,Addis Ababa,Addis Ababa,Saris,8.9797,38.7622,oil and fats,Cooking oil,L,actual,Retail,ETB,,,2,2,agent:2,insufficient_data,waga-index-v1,snap_2026-07-25T06_v1
2026-05-28,Addis Ababa,Addis Ababa,Akaki,8.8939,38.8069,cereals and tubers,Teff (mixed),KG,actual,Retail,ETB,92.22,0.6587,8,5,agent:6|user:2,published,waga-index-v1,snap_2026-07-25T06_v1
2026-05-28,Addis Ababa,Addis Ababa,Akaki,8.8939,38.8069,cereals and tubers,Wheat,KG,actual,Retail,ETB,59.35,0.4239,6,4,agent:4|user:2,published,waga-index-v1,snap_2026-07-25T06_v1
2026-05-28,Addis Ababa,Addis Ababa,Akaki,8.8939,38.8069,cereals and tubers,Maize,KG,actual,Retail,ETB,40.61,0.2901,7,5,agent:5|user:2,published,waga-index-v1,snap_2026-07-25T06_v1
2026-05-28,Addis Ababa,Addis Ababa,Akaki,8.8939,38.8069,vegetables and fruits,Onion,KG,actual,Retail,ETB,37.38,0.2670,4,3,agent:3|user:1,published,waga-index-v1,snap_2026-07-25T06_v1
2026-05-28,Addis Ababa,Addis Ababa,Akaki,8.8939,38.8069,oil and fats,Cooking oil,L,actual,Retail,ETB,155.03,1.1074,6,4,agent:4|user:2,published,waga-index-v1,snap_2026-07-25T06_v1
2026-05-28,Addis Ababa,Addis Ababa,Kera,8.9994,38.7481,cereals and tubers,Teff (mixed),KG,actual,Retail,ETB,,,1,1,agent:1,insufficient_data,waga-index-v1,snap_2026-07-25T06_v1
2026-05-28,Addis Ababa,Addis Ababa,Kera,8.9994,38.7481,cereals and tubers,Wheat,KG,actual,Retail,ETB,59.73,0.4266,9,6,agent:7|user:2,published,waga-index-v1,snap_2026-07-25T06_v1
2026-05-28,Addis Ababa,Addis Ababa,Kera,8.9994,38.7481,cereals and tubers,Maize,KG,actual,Retail,ETB,39.68,0.2834,7,5,agent:5|user:2,published,waga-index-v1,snap_2026-07-25T06_v1
2026-05-28,Addis Ababa,Addis Ababa,Kera,8.9994,38.7481,vegetables and fruits,Onion,KG,actual,Retail,ETB,38.41,0.2744,5,3,agent:4|user:1,published,waga-index-v1,snap_2026-07-25T06_v1
2026-05-28,Addis Ababa,Addis Ababa,Kera,8.9994,38.7481,oil and fats,Cooking oil,L,actual,Retail,ETB,161.75,1.1554,6,4,agent:4|user:2,published,waga-index-v1,snap_2026-07-25T06_v1
2026-05-28,Addis Ababa,Addis Ababa,Shola Gebeya,9.0244,38.7986,cereals and tubers,Teff (mixed),KG,actual,Retail,ETB,,,1,1,agent:1,insufficient_data,waga-index-v1,snap_2026-07-25T06_v1
2026-05-28,Addis Ababa,Addis Ababa,Shola Gebeya,9.0244,38.7986,cereals and tubers,Wheat,KG,actual,Retail,ETB,61.46,0.4390,4,3,agent:3|user:1,published,waga-index-v1,snap_2026-07-25T06_v1
2026-05-28,Addis Ababa,Addis Ababa,Shola Gebeya,9.0244,38.7986,cereals and tubers,Maize,KG,actual,Retail,ETB,40.46,0.2890,8,5,agent:6|user:2,published,waga-index-v1,snap_2026-07-25T06_v1
2026-05-28,Addis Ababa,Addis Ababa,Shola Gebeya,9.0244,38.7986,vegetables and fruits,Onion,KG,actual,Retail,ETB,41.37,0.2955,4,3,agent:3|user:1,published,waga-index-v1,snap_2026-07-25T06_v1
2026-05-28,Addis Ababa,Addis Ababa,Shola Gebeya,9.0244,38.7986,oil and fats,Cooking oil,L,actual,Retail,ETB,161.80,1.1557,5,3,agent:4|user:1,published,waga-index-v1,snap_2026-07-25T06_v1
2026-05-28,Addis Ababa,Addis Ababa,Piazza,9.0356,38.7522,cereals and tubers,Teff (mixed),KG,actual,Retail,ETB,,,2,2,agent:2,insufficient_data,waga-index-v1,snap_2026-07-25T06_v1
2026-05-28,Addis Ababa,Addis Ababa,Piazza,9.0356,38.7522,cereals and tubers,Wheat,KG,actual,Retail,ETB,62.38,0.4456,3,2,agent:2|user:1,published,waga-index-v1,snap_2026-07-25T06_v1
2026-05-28,Addis Ababa,Addis Ababa,Piazza,9.0356,38.7522,cereals and tubers,Maize,KG,actual,Retail,ETB,41.71,0.2979,5,3,agent:4|user:1,published,waga-index-v1,snap_2026-07-25T06_v1
2026-05-28,Addis Ababa,Addis Ababa,Piazza,9.0356,38.7522,vegetables and fruits,Onion,KG,actual,Retail,ETB,40.20,0.2871,3,2,agent:2|user:1,published,waga-index-v1,snap_2026-07-25T06_v1
2026-05-28,Addis Ababa,Addis Ababa,Piazza,9.0356,38.7522,oil and fats,Cooking oil,L,actual,Retail,ETB,166.87,1.1919,3,2,agent:2|user:1,published,waga-index-v1,snap_2026-07-25T06_v1
2026-05-29,Addis Ababa,Addis Ababa,Merkato,9.0341,38.7395,cereals and tubers,Teff (mixed),KG,actual,Retail,ETB,88.61,0.6329,3,2,agent:2|user:1,published,waga-index-v1,snap_2026-07-25T06_v1
2026-05-29,Addis Ababa,Addis Ababa,Merkato,9.0341,38.7395,cereals and tubers,Wheat,KG,actual,Retail,ETB,53.10,0.3793,6,4,agent:4|user:2,published,waga-index-v1,snap_2026-07-25T06_v1
2026-05-29,Addis Ababa,Addis Ababa,Merkato,9.0341,38.7395,cereals and tubers,Maize,KG,actual,Retail,ETB,34.38,0.2456,6,4,agent:4|user:2,published,waga-index-v1,snap_2026-07-25T06_v1
2026-05-29,Addis Ababa,Addis Ababa,Merkato,9.0341,38.7395,vegetables and fruits,Onion,KG,actual,Retail,ETB,36.67,0.2619,3,2,agent:2|user:1,published,waga-index-v1,snap_2026-07-25T06_v1
2026-05-29,Addis Ababa,Addis Ababa,Merkato,9.0341,38.7395,oil and fats,Cooking oil,L,actual,Retail,ETB,153.16,1.0940,8,5,agent:6|user:2,published,waga-index-v1,snap_2026-07-25T06_v1
2026-05-29,Addis Ababa,Addis Ababa,Ehil Berenda,9.0333,38.7389,cereals and tubers,Teff (mixed),KG,actual,Retail,ETB,82.83,0.5916,5,3,agent:4|user:1,published,waga-index-v1,snap_2026-07-25T06_v1
2026-05-29,Addis Ababa,Addis Ababa,Ehil Berenda,9.0333,38.7389,cereals and tubers,Wheat,KG,actual,Retail,ETB,55.67,0.3976,3,2,agent:2|user:1,published,waga-index-v1,snap_2026-07-25T06_v1
2026-05-29,Addis Ababa,Addis Ababa,Ehil Berenda,9.0333,38.7389,cereals and tubers,Maize,KG,actual,Retail,ETB,38.08,0.2720,6,4,agent:4|user:2,published,waga-index-v1,snap_2026-07-25T06_v1
2026-05-29,Addis Ababa,Addis Ababa,Ehil Berenda,9.0333,38.7389,vegetables and fruits,Onion,KG,actual,Retail,ETB,35.24,0.2517,4,3,agent:3|user:1,published,waga-index-v1,snap_2026-07-25T06_v1
2026-05-29,Addis Ababa,Addis Ababa,Ehil Berenda,9.0333,38.7389,oil and fats,Cooking oil,L,actual,Retail,ETB,153.04,1.0931,3,2,agent:2|user:1,published,waga-index-v1,snap_2026-07-25T06_v1
2026-05-29,Addis Ababa,Addis Ababa,Atikilt Tera,9.03,38.745,cereals and tubers,Teff (mixed),KG,actual,Retail,ETB,89.44,0.6389,8,5,agent:6|user:2,published,waga-index-v1,snap_2026-07-25T06_v1
2026-05-29,Addis Ababa,Addis Ababa,Atikilt Tera,9.03,38.745,cereals and tubers,Wheat,KG,actual,Retail,ETB,56.77,0.4055,3,2,agent:2|user:1,published,waga-index-v1,snap_2026-07-25T06_v1
2026-05-29,Addis Ababa,Addis Ababa,Atikilt Tera,9.03,38.745,cereals and tubers,Maize,KG,actual,Retail,ETB,37.42,0.2673,7,5,agent:5|user:2,published,waga-index-v1,snap_2026-07-25T06_v1
2026-05-29,Addis Ababa,Addis Ababa,Atikilt Tera,9.03,38.745,vegetables and fruits,Onion,KG,actual,Retail,ETB,33.12,0.2366,3,2,agent:2|user:1,published,waga-index-v1,snap_2026-07-25T06_v1
2026-05-29,Addis Ababa,Addis Ababa,Atikilt Tera,9.03,38.745,oil and fats,Cooking oil,L,actual,Retail,ETB,145.87,1.0419,6,4,agent:4|user:2,published,waga-index-v1,snap_2026-07-25T06_v1
2026-05-29,Addis Ababa,Addis Ababa,Asko,9.0489,38.6889,cereals and tubers,Teff (mixed),KG,actual,Retail,ETB,91.44,0.6531,6,4,agent:4|user:2,published,waga-index-v1,snap_2026-07-25T06_v1
2026-05-29,Addis Ababa,Addis Ababa,Asko,9.0489,38.6889,cereals and tubers,Wheat,KG,actual,Retail,ETB,57.81,0.4129,6,4,agent:4|user:2,published,waga-index-v1,snap_2026-07-25T06_v1
2026-05-29,Addis Ababa,Addis Ababa,Asko,9.0489,38.6889,cereals and tubers,Maize,KG,actual,Retail,ETB,37.49,0.2678,9,6,agent:7|user:2,published,waga-index-v1,snap_2026-07-25T06_v1
2026-05-29,Addis Ababa,Addis Ababa,Asko,9.0489,38.6889,vegetables and fruits,Onion,KG,actual,Retail,ETB,37.20,0.2657,7,5,agent:5|user:2,published,waga-index-v1,snap_2026-07-25T06_v1
2026-05-29,Addis Ababa,Addis Ababa,Asko,9.0489,38.6889,oil and fats,Cooking oil,L,actual,Retail,ETB,155.91,1.1136,5,3,agent:4|user:1,published,waga-index-v1,snap_2026-07-25T06_v1
2026-05-29,Addis Ababa,Addis Ababa,Saris,8.9797,38.7622,cereals and tubers,Teff (mixed),KG,actual,Retail,ETB,91.51,0.6536,3,2,agent:2|user:1,published,waga-index-v1,snap_2026-07-25T06_v1
2026-05-29,Addis Ababa,Addis Ababa,Saris,8.9797,38.7622,cereals and tubers,Wheat,KG,actual,Retail,ETB,58.98,0.4213,6,4,agent:4|user:2,published,waga-index-v1,snap_2026-07-25T06_v1
2026-05-29,Addis Ababa,Addis Ababa,Saris,8.9797,38.7622,cereals and tubers,Maize,KG,actual,Retail,ETB,39.46,0.2819,7,5,agent:5|user:2,published,waga-index-v1,snap_2026-07-25T06_v1
2026-05-29,Addis Ababa,Addis Ababa,Saris,8.9797,38.7622,vegetables and fruits,Onion,KG,actual,Retail,ETB,37.46,0.2676,4,3,agent:3|user:1,published,waga-index-v1,snap_2026-07-25T06_v1
2026-05-29,Addis Ababa,Addis Ababa,Saris,8.9797,38.7622,oil and fats,Cooking oil,L,actual,Retail,ETB,157.02,1.1216,5,3,agent:4|user:1,published,waga-index-v1,snap_2026-07-25T06_v1
2026-05-29,Addis Ababa,Addis Ababa,Akaki,8.8939,38.8069,cereals and tubers,Teff (mixed),KG,actual,Retail,ETB,91.91,0.6565,3,2,agent:2|user:1,published,waga-index-v1,snap_2026-07-25T06_v1
2026-05-29,Addis Ababa,Addis Ababa,Akaki,8.8939,38.8069,cereals and tubers,Wheat,KG,actual,Retail,ETB,59.13,0.4224,5,3,agent:4|user:1,published,waga-index-v1,snap_2026-07-25T06_v1
2026-05-29,Addis Ababa,Addis Ababa,Akaki,8.8939,38.8069,cereals and tubers,Maize,KG,actual,Retail,ETB,39.89,0.2849,4,3,agent:3|user:1,published,waga-index-v1,snap_2026-07-25T06_v1
2026-05-29,Addis Ababa,Addis Ababa,Akaki,8.8939,38.8069,vegetables and fruits,Onion,KG,actual,Retail,ETB,37.34,0.2667,8,5,agent:6|user:2,published,waga-index-v1,snap_2026-07-25T06_v1
2026-05-29,Addis Ababa,Addis Ababa,Akaki,8.8939,38.8069,oil and fats,Cooking oil,L,actual,Retail,ETB,155.07,1.1076,7,5,agent:5|user:2,published,waga-index-v1,snap_2026-07-25T06_v1
2026-05-29,Addis Ababa,Addis Ababa,Kera,8.9994,38.7481,cereals and tubers,Teff (mixed),KG,actual,Retail,ETB,93.82,0.6701,8,5,agent:6|user:2,published,waga-index-v1,snap_2026-07-25T06_v1
2026-05-29,Addis Ababa,Addis Ababa,Kera,8.9994,38.7481,cereals and tubers,Wheat,KG,actual,Retail,ETB,59.83,0.4274,4,3,agent:3|user:1,published,waga-index-v1,snap_2026-07-25T06_v1
2026-05-29,Addis Ababa,Addis Ababa,Kera,8.9994,38.7481,cereals and tubers,Maize,KG,actual,Retail,ETB,39.83,0.2845,4,3,agent:3|user:1,published,waga-index-v1,snap_2026-07-25T06_v1
2026-05-29,Addis Ababa,Addis Ababa,Kera,8.9994,38.7481,vegetables and fruits,Onion,KG,actual,Retail,ETB,38.80,0.2771,5,3,agent:4|user:1,published,waga-index-v1,snap_2026-07-25T06_v1
2026-05-29,Addis Ababa,Addis Ababa,Kera,8.9994,38.7481,oil and fats,Cooking oil,L,actual,Retail,ETB,163.32,1.1666,5,3,agent:4|user:1,published,waga-index-v1,snap_2026-07-25T06_v1
2026-05-29,Addis Ababa,Addis Ababa,Shola Gebeya,9.0244,38.7986,cereals and tubers,Teff (mixed),KG,actual,Retail,ETB,96.72,0.6909,5,3,agent:4|user:1,published,waga-index-v1,snap_2026-07-25T06_v1
2026-05-29,Addis Ababa,Addis Ababa,Shola Gebeya,9.0244,38.7986,cereals and tubers,Wheat,KG,actual,Retail,ETB,62.06,0.4433,4,3,agent:3|user:1,published,waga-index-v1,snap_2026-07-25T06_v1
2026-05-29,Addis Ababa,Addis Ababa,Shola Gebeya,9.0244,38.7986,cereals and tubers,Maize,KG,actual,Retail,ETB,40.65,0.2904,4,3,agent:3|user:1,published,waga-index-v1,snap_2026-07-25T06_v1
2026-05-29,Addis Ababa,Addis Ababa,Shola Gebeya,9.0244,38.7986,vegetables and fruits,Onion,KG,actual,Retail,ETB,41.22,0.2944,8,5,agent:6|user:2,published,waga-index-v1,snap_2026-07-25T06_v1
2026-05-29,Addis Ababa,Addis Ababa,Shola Gebeya,9.0244,38.7986,oil and fats,Cooking oil,L,actual,Retail,ETB,163.66,1.1690,5,3,agent:4|user:1,published,waga-index-v1,snap_2026-07-25T06_v1
2026-05-29,Addis Ababa,Addis Ababa,Piazza,9.0356,38.7522,cereals and tubers,Teff (mixed),KG,actual,Retail,ETB,101.12,0.7223,8,5,agent:6|user:2,published,waga-index-v1,snap_2026-07-25T06_v1
2026-05-29,Addis Ababa,Addis Ababa,Piazza,9.0356,38.7522,cereals and tubers,Wheat,KG,actual,Retail,ETB,61.93,0.4424,4,3,agent:3|user:1,published,waga-index-v1,snap_2026-07-25T06_v1
2026-05-29,Addis Ababa,Addis Ababa,Piazza,9.0356,38.7522,cereals and tubers,Maize,KG,actual,Retail,ETB,41.96,0.2997,6,4,agent:4|user:2,published,waga-index-v1,snap_2026-07-25T06_v1
2026-05-29,Addis Ababa,Addis Ababa,Piazza,9.0356,38.7522,vegetables and fruits,Onion,KG,actual,Retail,ETB,40.63,0.2902,3,2,agent:2|user:1,published,waga-index-v1,snap_2026-07-25T06_v1
2026-05-29,Addis Ababa,Addis Ababa,Piazza,9.0356,38.7522,oil and fats,Cooking oil,L,actual,Retail,ETB,167.59,1.1971,7,5,agent:5|user:2,published,waga-index-v1,snap_2026-07-25T06_v1
2026-05-30,Addis Ababa,Addis Ababa,Merkato,9.0341,38.7395,cereals and tubers,Teff (mixed),KG,actual,Retail,ETB,88.35,0.6311,4,3,agent:3|user:1,published,waga-index-v1,snap_2026-07-25T06_v1
2026-05-30,Addis Ababa,Addis Ababa,Merkato,9.0341,38.7395,cereals and tubers,Wheat,KG,actual,Retail,ETB,53.43,0.3816,7,5,agent:5|user:2,published,waga-index-v1,snap_2026-07-25T06_v1
2026-05-30,Addis Ababa,Addis Ababa,Merkato,9.0341,38.7395,cereals and tubers,Maize,KG,actual,Retail,ETB,33.84,0.2417,4,3,agent:3|user:1,published,waga-index-v1,snap_2026-07-25T06_v1
2026-05-30,Addis Ababa,Addis Ababa,Merkato,9.0341,38.7395,vegetables and fruits,Onion,KG,actual,Retail,ETB,36.67,0.2619,5,3,agent:4|user:1,published,waga-index-v1,snap_2026-07-25T06_v1
2026-05-30,Addis Ababa,Addis Ababa,Merkato,9.0341,38.7395,oil and fats,Cooking oil,L,actual,Retail,ETB,152.65,1.0904,5,3,agent:4|user:1,published,waga-index-v1,snap_2026-07-25T06_v1
2026-05-30,Addis Ababa,Addis Ababa,Ehil Berenda,9.0333,38.7389,cereals and tubers,Teff (mixed),KG,actual,Retail,ETB,82.65,0.5904,3,2,agent:2|user:1,published,waga-index-v1,snap_2026-07-25T06_v1
2026-05-30,Addis Ababa,Addis Ababa,Ehil Berenda,9.0333,38.7389,cereals and tubers,Wheat,KG,actual,Retail,ETB,56.47,0.4034,8,5,agent:6|user:2,published,waga-index-v1,snap_2026-07-25T06_v1
2026-05-30,Addis Ababa,Addis Ababa,Ehil Berenda,9.0333,38.7389,cereals and tubers,Maize,KG,actual,Retail,ETB,37.46,0.2676,4,3,agent:3|user:1,published,waga-index-v1,snap_2026-07-25T06_v1
2026-05-30,Addis Ababa,Addis Ababa,Ehil Berenda,9.0333,38.7389,vegetables and fruits,Onion,KG,actual,Retail,ETB,35.90,0.2564,7,5,agent:5|user:2,published,waga-index-v1,snap_2026-07-25T06_v1
2026-05-30,Addis Ababa,Addis Ababa,Ehil Berenda,9.0333,38.7389,oil and fats,Cooking oil,L,actual,Retail,ETB,152.61,1.0901,7,5,agent:5|user:2,published,waga-index-v1,snap_2026-07-25T06_v1
2026-05-30,Addis Ababa,Addis Ababa,Atikilt Tera,9.03,38.745,cereals and tubers,Teff (mixed),KG,actual,Retail,ETB,89.63,0.6402,7,5,agent:5|user:2,published,waga-index-v1,snap_2026-07-25T06_v1
2026-05-30,Addis Ababa,Addis Ababa,Atikilt Tera,9.03,38.745,cereals and tubers,Wheat,KG,actual,Retail,ETB,56.94,0.4067,7,5,agent:5|user:2,published,waga-index-v1,snap_2026-07-25T06_v1
2026-05-30,Addis Ababa,Addis Ababa,Atikilt Tera,9.03,38.745,cereals and tubers,Maize,KG,actual,Retail,ETB,37.28,0.2663,9,6,agent:7|user:2,published,waga-index-v1,snap_2026-07-25T06_v1
2026-05-30,Addis Ababa,Addis Ababa,Atikilt Tera,9.03,38.745,vegetables and fruits,Onion,KG,actual,Retail,ETB,,,0,0,,insufficient_data,waga-index-v1,snap_2026-07-25T06_v1
2026-05-30,Addis Ababa,Addis Ababa,Atikilt Tera,9.03,38.745,oil and fats,Cooking oil,L,actual,Retail,ETB,146.19,1.0442,8,5,agent:6|user:2,published,waga-index-v1,snap_2026-07-25T06_v1
2026-05-30,Addis Ababa,Addis Ababa,Asko,9.0489,38.6889,cereals and tubers,Teff (mixed),KG,actual,Retail,ETB,90.72,0.6480,7,5,agent:5|user:2,published,waga-index-v1,snap_2026-07-25T06_v1
2026-05-30,Addis Ababa,Addis Ababa,Asko,9.0489,38.6889,cereals and tubers,Wheat,KG,actual,Retail,ETB,58.86,0.4204,6,4,agent:4|user:2,published,waga-index-v1,snap_2026-07-25T06_v1
2026-05-30,Addis Ababa,Addis Ababa,Asko,9.0489,38.6889,cereals and tubers,Maize,KG,actual,Retail,ETB,37.99,0.2714,3,2,agent:2|user:1,published,waga-index-v1,snap_2026-07-25T06_v1
2026-05-30,Addis Ababa,Addis Ababa,Asko,9.0489,38.6889,vegetables and fruits,Onion,KG,actual,Retail,ETB,37.29,0.2664,5,3,agent:4|user:1,published,waga-index-v1,snap_2026-07-25T06_v1
2026-05-30,Addis Ababa,Addis Ababa,Asko,9.0489,38.6889,oil and fats,Cooking oil,L,actual,Retail,ETB,,,2,2,agent:2,insufficient_data,waga-index-v1,snap_2026-07-25T06_v1
2026-05-30,Addis Ababa,Addis Ababa,Saris,8.9797,38.7622,cereals and tubers,Teff (mixed),KG,actual,Retail,ETB,90.83,0.6488,6,4,agent:4|user:2,published,waga-index-v1,snap_2026-07-25T06_v1
2026-05-30,Addis Ababa,Addis Ababa,Saris,8.9797,38.7622,cereals and tubers,Wheat,KG,actual,Retail,ETB,58.59,0.4185,6,4,agent:4|user:2,published,waga-index-v1,snap_2026-07-25T06_v1
2026-05-30,Addis Ababa,Addis Ababa,Saris,8.9797,38.7622,cereals and tubers,Maize,KG,actual,Retail,ETB,39.50,0.2821,3,2,agent:2|user:1,published,waga-index-v1,snap_2026-07-25T06_v1
2026-05-30,Addis Ababa,Addis Ababa,Saris,8.9797,38.7622,vegetables and fruits,Onion,KG,actual,Retail,ETB,37.74,0.2696,4,3,agent:3|user:1,published,waga-index-v1,snap_2026-07-25T06_v1
2026-05-30,Addis Ababa,Addis Ababa,Saris,8.9797,38.7622,oil and fats,Cooking oil,L,actual,Retail,ETB,155.24,1.1089,5,3,agent:4|user:1,published,waga-index-v1,snap_2026-07-25T06_v1
2026-05-30,Addis Ababa,Addis Ababa,Akaki,8.8939,38.8069,cereals and tubers,Teff (mixed),KG,actual,Retail,ETB,91.55,0.6539,9,6,agent:7|user:2,published,waga-index-v1,snap_2026-07-25T06_v1
2026-05-30,Addis Ababa,Addis Ababa,Akaki,8.8939,38.8069,cereals and tubers,Wheat,KG,actual,Retail,ETB,59.84,0.4274,6,4,agent:4|user:2,published,waga-index-v1,snap_2026-07-25T06_v1
2026-05-30,Addis Ababa,Addis Ababa,Akaki,8.8939,38.8069,cereals and tubers,Maize,KG,actual,Retail,ETB,39.35,0.2811,4,3,agent:3|user:1,published,waga-index-v1,snap_2026-07-25T06_v1
2026-05-30,Addis Ababa,Addis Ababa,Akaki,8.8939,38.8069,vegetables and fruits,Onion,KG,actual,Retail,ETB,37.67,0.2691,3,2,agent:2|user:1,published,waga-index-v1,snap_2026-07-25T06_v1
2026-05-30,Addis Ababa,Addis Ababa,Akaki,8.8939,38.8069,oil and fats,Cooking oil,L,actual,Retail,ETB,156.60,1.1186,4,3,agent:3|user:1,published,waga-index-v1,snap_2026-07-25T06_v1
2026-05-30,Addis Ababa,Addis Ababa,Kera,8.9994,38.7481,cereals and tubers,Teff (mixed),KG,actual,Retail,ETB,93.48,0.6677,3,2,agent:2|user:1,published,waga-index-v1,snap_2026-07-25T06_v1
2026-05-30,Addis Ababa,Addis Ababa,Kera,8.9994,38.7481,cereals and tubers,Wheat,KG,actual,Retail,ETB,60.25,0.4304,6,4,agent:4|user:2,published,waga-index-v1,snap_2026-07-25T06_v1
2026-05-30,Addis Ababa,Addis Ababa,Kera,8.9994,38.7481,cereals and tubers,Maize,KG,actual,Retail,ETB,39.52,0.2823,7,5,agent:5|user:2,published,waga-index-v1,snap_2026-07-25T06_v1
2026-05-30,Addis Ababa,Addis Ababa,Kera,8.9994,38.7481,vegetables and fruits,Onion,KG,actual,Retail,ETB,39.01,0.2786,6,4,agent:4|user:2,published,waga-index-v1,snap_2026-07-25T06_v1
2026-05-30,Addis Ababa,Addis Ababa,Kera,8.9994,38.7481,oil and fats,Cooking oil,L,actual,Retail,ETB,163.33,1.1666,4,3,agent:3|user:1,published,waga-index-v1,snap_2026-07-25T06_v1
2026-05-30,Addis Ababa,Addis Ababa,Shola Gebeya,9.0244,38.7986,cereals and tubers,Teff (mixed),KG,actual,Retail,ETB,98.73,0.7052,3,2,agent:2|user:1,published,waga-index-v1,snap_2026-07-25T06_v1
2026-05-30,Addis Ababa,Addis Ababa,Shola Gebeya,9.0244,38.7986,cereals and tubers,Wheat,KG,actual,Retail,ETB,61.62,0.4401,9,6,agent:7|user:2,published,waga-index-v1,snap_2026-07-25T06_v1
2026-05-30,Addis Ababa,Addis Ababa,Shola Gebeya,9.0244,38.7986,cereals and tubers,Maize,KG,actual,Retail,ETB,40.59,0.2899,6,4,agent:4|user:2,published,waga-index-v1,snap_2026-07-25T06_v1
2026-05-30,Addis Ababa,Addis Ababa,Shola Gebeya,9.0244,38.7986,vegetables and fruits,Onion,KG,actual,Retail,ETB,41.05,0.2932,5,3,agent:4|user:1,published,waga-index-v1,snap_2026-07-25T06_v1
2026-05-30,Addis Ababa,Addis Ababa,Shola Gebeya,9.0244,38.7986,oil and fats,Cooking oil,L,actual,Retail,ETB,164.19,1.1728,6,4,agent:4|user:2,published,waga-index-v1,snap_2026-07-25T06_v1
2026-05-30,Addis Ababa,Addis Ababa,Piazza,9.0356,38.7522,cereals and tubers,Teff (mixed),KG,actual,Retail,ETB,101.85,0.7275,8,5,agent:6|user:2,published,waga-index-v1,snap_2026-07-25T06_v1
2026-05-30,Addis Ababa,Addis Ababa,Piazza,9.0356,38.7522,cereals and tubers,Wheat,KG,actual,Retail,ETB,63.40,0.4529,5,3,agent:4|user:1,published,waga-index-v1,snap_2026-07-25T06_v1
2026-05-30,Addis Ababa,Addis Ababa,Piazza,9.0356,38.7522,cereals and tubers,Maize,KG,actual,Retail,ETB,42.41,0.3029,7,5,agent:5|user:2,published,waga-index-v1,snap_2026-07-25T06_v1
2026-05-30,Addis Ababa,Addis Ababa,Piazza,9.0356,38.7522,vegetables and fruits,Onion,KG,actual,Retail,ETB,40.18,0.2870,9,6,agent:7|user:2,published,waga-index-v1,snap_2026-07-25T06_v1
2026-05-30,Addis Ababa,Addis Ababa,Piazza,9.0356,38.7522,oil and fats,Cooking oil,L,actual,Retail,ETB,168.84,1.2060,3,2,agent:2|user:1,published,waga-index-v1,snap_2026-07-25T06_v1
2026-05-31,Addis Ababa,Addis Ababa,Merkato,9.0341,38.7395,cereals and tubers,Teff (mixed),KG,actual,Retail,ETB,87.67,0.6262,8,5,agent:6|user:2,published,waga-index-v1,snap_2026-07-25T06_v1
2026-05-31,Addis Ababa,Addis Ababa,Merkato,9.0341,38.7395,cereals and tubers,Wheat,KG,actual,Retail,ETB,53.01,0.3786,5,3,agent:4|user:1,published,waga-index-v1,snap_2026-07-25T06_v1
2026-05-31,Addis Ababa,Addis Ababa,Merkato,9.0341,38.7395,cereals and tubers,Maize,KG,actual,Retail,ETB,34.00,0.2429,3,2,agent:2|user:1,published,waga-index-v1,snap_2026-07-25T06_v1
2026-05-31,Addis Ababa,Addis Ababa,Merkato,9.0341,38.7395,vegetables and fruits,Onion,KG,actual,Retail,ETB,36.20,0.2586,9,6,agent:7|user:2,published,waga-index-v1,snap_2026-07-25T06_v1
2026-05-31,Addis Ababa,Addis Ababa,Merkato,9.0341,38.7395,oil and fats,Cooking oil,L,actual,Retail,ETB,152.26,1.0876,9,6,agent:7|user:2,published,waga-index-v1,snap_2026-07-25T06_v1
2026-05-31,Addis Ababa,Addis Ababa,Ehil Berenda,9.0333,38.7389,cereals and tubers,Teff (mixed),KG,actual,Retail,ETB,,,2,2,agent:2,insufficient_data,waga-index-v1,snap_2026-07-25T06_v1
2026-05-31,Addis Ababa,Addis Ababa,Ehil Berenda,9.0333,38.7389,cereals and tubers,Wheat,KG,actual,Retail,ETB,56.78,0.4056,5,3,agent:4|user:1,published,waga-index-v1,snap_2026-07-25T06_v1
2026-05-31,Addis Ababa,Addis Ababa,Ehil Berenda,9.0333,38.7389,cereals and tubers,Maize,KG,actual,Retail,ETB,37.71,0.2694,8,5,agent:6|user:2,published,waga-index-v1,snap_2026-07-25T06_v1
2026-05-31,Addis Ababa,Addis Ababa,Ehil Berenda,9.0333,38.7389,vegetables and fruits,Onion,KG,actual,Retail,ETB,,,1,1,agent:1,insufficient_data,waga-index-v1,snap_2026-07-25T06_v1
2026-05-31,Addis Ababa,Addis Ababa,Ehil Berenda,9.0333,38.7389,oil and fats,Cooking oil,L,actual,Retail,ETB,151.70,1.0836,4,3,agent:3|user:1,published,waga-index-v1,snap_2026-07-25T06_v1
2026-05-31,Addis Ababa,Addis Ababa,Atikilt Tera,9.03,38.745,cereals and tubers,Teff (mixed),KG,actual,Retail,ETB,90.34,0.6453,4,3,agent:3|user:1,published,waga-index-v1,snap_2026-07-25T06_v1
2026-05-31,Addis Ababa,Addis Ababa,Atikilt Tera,9.03,38.745,cereals and tubers,Wheat,KG,actual,Retail,ETB,57.16,0.4083,5,3,agent:4|user:1,published,waga-index-v1,snap_2026-07-25T06_v1
2026-05-31,Addis Ababa,Addis Ababa,Atikilt Tera,9.03,38.745,cereals and tubers,Maize,KG,actual,Retail,ETB,37.35,0.2668,6,4,agent:4|user:2,published,waga-index-v1,snap_2026-07-25T06_v1
2026-05-31,Addis Ababa,Addis Ababa,Atikilt Tera,9.03,38.745,vegetables and fruits,Onion,KG,actual,Retail,ETB,32.95,0.2354,6,4,agent:4|user:2,published,waga-index-v1,snap_2026-07-25T06_v1
2026-05-31,Addis Ababa,Addis Ababa,Atikilt Tera,9.03,38.745,oil and fats,Cooking oil,L,actual,Retail,ETB,146.64,1.0474,7,5,agent:5|user:2,published,waga-index-v1,snap_2026-07-25T06_v1
2026-05-31,Addis Ababa,Addis Ababa,Asko,9.0489,38.6889,cereals and tubers,Teff (mixed),KG,actual,Retail,ETB,89.83,0.6416,7,5,agent:5|user:2,published,waga-index-v1,snap_2026-07-25T06_v1
2026-05-31,Addis Ababa,Addis Ababa,Asko,9.0489,38.6889,cereals and tubers,Wheat,KG,actual,Retail,ETB,58.59,0.4185,6,4,agent:4|user:2,published,waga-index-v1,snap_2026-07-25T06_v1
2026-05-31,Addis Ababa,Addis Ababa,Asko,9.0489,38.6889,cereals and tubers,Maize,KG,actual,Retail,ETB,37.67,0.2691,3,2,agent:2|user:1,published,waga-index-v1,snap_2026-07-25T06_v1
2026-05-31,Addis Ababa,Addis Ababa,Asko,9.0489,38.6889,vegetables and fruits,Onion,KG,actual,Retail,ETB,36.84,0.2631,9,6,agent:7|user:2,published,waga-index-v1,snap_2026-07-25T06_v1
2026-05-31,Addis Ababa,Addis Ababa,Asko,9.0489,38.6889,oil and fats,Cooking oil,L,actual,Retail,ETB,153.90,1.0993,6,4,agent:4|user:2,published,waga-index-v1,snap_2026-07-25T06_v1
2026-05-31,Addis Ababa,Addis Ababa,Saris,8.9797,38.7622,cereals and tubers,Teff (mixed),KG,actual,Retail,ETB,92.99,0.6642,5,3,agent:4|user:1,published,waga-index-v1,snap_2026-07-25T06_v1
2026-05-31,Addis Ababa,Addis Ababa,Saris,8.9797,38.7622,cereals and tubers,Wheat,KG,actual,Retail,ETB,59.03,0.4216,8,5,agent:6|user:2,published,waga-index-v1,snap_2026-07-25T06_v1
2026-05-31,Addis Ababa,Addis Ababa,Saris,8.9797,38.7622,cereals and tubers,Maize,KG,actual,Retail,ETB,38.98,0.2784,5,3,agent:4|user:1,published,waga-index-v1,snap_2026-07-25T06_v1
2026-05-31,Addis Ababa,Addis Ababa,Saris,8.9797,38.7622,vegetables and fruits,Onion,KG,actual,Retail,ETB,37.59,0.2685,8,5,agent:6|user:2,published,waga-index-v1,snap_2026-07-25T06_v1
2026-05-31,Addis Ababa,Addis Ababa,Saris,8.9797,38.7622,oil and fats,Cooking oil,L,actual,Retail,ETB,157.98,1.1284,4,3,agent:3|user:1,published,waga-index-v1,snap_2026-07-25T06_v1
2026-05-31,Addis Ababa,Addis Ababa,Akaki,8.8939,38.8069,cereals and tubers,Teff (mixed),KG,actual,Retail,ETB,92.19,0.6585,5,3,agent:4|user:1,published,waga-index-v1,snap_2026-07-25T06_v1
2026-05-31,Addis Ababa,Addis Ababa,Akaki,8.8939,38.8069,cereals and tubers,Wheat,KG,actual,Retail,ETB,58.83,0.4202,5,3,agent:4|user:1,published,waga-index-v1,snap_2026-07-25T06_v1
2026-05-31,Addis Ababa,Addis Ababa,Akaki,8.8939,38.8069,cereals and tubers,Maize,KG,actual,Retail,ETB,39.55,0.2825,8,5,agent:6|user:2,published,waga-index-v1,snap_2026-07-25T06_v1
2026-05-31,Addis Ababa,Addis Ababa,Akaki,8.8939,38.8069,vegetables and fruits,Onion,KG,actual,Retail,ETB,37.32,0.2666,5,3,agent:4|user:1,published,waga-index-v1,snap_2026-07-25T06_v1
2026-05-31,Addis Ababa,Addis Ababa,Akaki,8.8939,38.8069,oil and fats,Cooking oil,L,actual,Retail,ETB,157.65,1.1261,5,3,agent:4|user:1,published,waga-index-v1,snap_2026-07-25T06_v1
2026-05-31,Addis Ababa,Addis Ababa,Kera,8.9994,38.7481,cereals and tubers,Teff (mixed),KG,actual,Retail,ETB,94.62,0.6759,6,4,agent:4|user:2,published,waga-index-v1,snap_2026-07-25T06_v1
2026-05-31,Addis Ababa,Addis Ababa,Kera,8.9994,38.7481,cereals and tubers,Wheat,KG,actual,Retail,ETB,59.61,0.4258,6,4,agent:4|user:2,published,waga-index-v1,snap_2026-07-25T06_v1
2026-05-31,Addis Ababa,Addis Ababa,Kera,8.9994,38.7481,cereals and tubers,Maize,KG,actual,Retail,ETB,39.77,0.2841,5,3,agent:4|user:1,published,waga-index-v1,snap_2026-07-25T06_v1
2026-05-31,Addis Ababa,Addis Ababa,Kera,8.9994,38.7481,vegetables and fruits,Onion,KG,actual,Retail,ETB,,,2,2,agent:2,insufficient_data,waga-index-v1,snap_2026-07-25T06_v1
2026-05-31,Addis Ababa,Addis Ababa,Kera,8.9994,38.7481,oil and fats,Cooking oil,L,actual,Retail,ETB,164.86,1.1776,9,6,agent:7|user:2,published,waga-index-v1,snap_2026-07-25T06_v1
2026-05-31,Addis Ababa,Addis Ababa,Shola Gebeya,9.0244,38.7986,cereals and tubers,Teff (mixed),KG,actual,Retail,ETB,99.20,0.7086,6,4,agent:4|user:2,published,waga-index-v1,snap_2026-07-25T06_v1
2026-05-31,Addis Ababa,Addis Ababa,Shola Gebeya,9.0244,38.7986,cereals and tubers,Wheat,KG,actual,Retail,ETB,62.59,0.4471,8,5,agent:6|user:2,published,waga-index-v1,snap_2026-07-25T06_v1
2026-05-31,Addis Ababa,Addis Ababa,Shola Gebeya,9.0244,38.7986,cereals and tubers,Maize,KG,actual,Retail,ETB,40.84,0.2917,4,3,agent:3|user:1,published,waga-index-v1,snap_2026-07-25T06_v1
2026-05-31,Addis Ababa,Addis Ababa,Shola Gebeya,9.0244,38.7986,vegetables and fruits,Onion,KG,actual,Retail,ETB,,,2,2,agent:2,insufficient_data,waga-index-v1,snap_2026-07-25T06_v1
2026-05-31,Addis Ababa,Addis Ababa,Shola Gebeya,9.0244,38.7986,oil and fats,Cooking oil,L,actual,Retail,ETB,165.03,1.1788,6,4,agent:4|user:2,published,waga-index-v1,snap_2026-07-25T06_v1
2026-05-31,Addis Ababa,Addis Ababa,Piazza,9.0356,38.7522,cereals and tubers,Teff (mixed),KG,actual,Retail,ETB,,,0,0,,insufficient_data,waga-index-v1,snap_2026-07-25T06_v1
2026-05-31,Addis Ababa,Addis Ababa,Piazza,9.0356,38.7522,cereals and tubers,Wheat,KG,actual,Retail,ETB,63.59,0.4542,8,5,agent:6|user:2,published,waga-index-v1,snap_2026-07-25T06_v1
2026-05-31,Addis Ababa,Addis Ababa,Piazza,9.0356,38.7522,cereals and tubers,Maize,KG,actual,Retail,ETB,42.29,0.3021,8,5,agent:6|user:2,published,waga-index-v1,snap_2026-07-25T06_v1
2026-05-31,Addis Ababa,Addis Ababa,Piazza,9.0356,38.7522,vegetables and fruits,Onion,KG,actual,Retail,ETB,40.04,0.2860,5,3,agent:4|user:1,published,waga-index-v1,snap_2026-07-25T06_v1
2026-05-31,Addis Ababa,Addis Ababa,Piazza,9.0356,38.7522,oil and fats,Cooking oil,L,actual,Retail,ETB,167.90,1.1993,3,2,agent:2|user:1,published,waga-index-v1,snap_2026-07-25T06_v1
2026-06-01,Addis Ababa,Addis Ababa,Merkato,9.0341,38.7395,cereals and tubers,Teff (mixed),KG,actual,Retail,ETB,87.96,0.6283,9,6,agent:7|user:2,published,waga-index-v1,snap_2026-07-25T06_v1
2026-06-01,Addis Ababa,Addis Ababa,Merkato,9.0341,38.7395,cereals and tubers,Wheat,KG,actual,Retail,ETB,53.02,0.3787,4,3,agent:3|user:1,published,waga-index-v1,snap_2026-07-25T06_v1
2026-06-01,Addis Ababa,Addis Ababa,Merkato,9.0341,38.7395,cereals and tubers,Maize,KG,actual,Retail,ETB,34.34,0.2453,8,5,agent:6|user:2,published,waga-index-v1,snap_2026-07-25T06_v1
2026-06-01,Addis Ababa,Addis Ababa,Merkato,9.0341,38.7395,vegetables and fruits,Onion,KG,actual,Retail,ETB,36.49,0.2606,4,3,agent:3|user:1,published,waga-index-v1,snap_2026-07-25T06_v1
2026-06-01,Addis Ababa,Addis Ababa,Merkato,9.0341,38.7395,oil and fats,Cooking oil,L,actual,Retail,ETB,151.55,1.0825,7,5,agent:5|user:2,published,waga-index-v1,snap_2026-07-25T06_v1
2026-06-01,Addis Ababa,Addis Ababa,Ehil Berenda,9.0333,38.7389,cereals and tubers,Teff (mixed),KG,actual,Retail,ETB,83.01,0.5929,9,6,agent:7|user:2,published,waga-index-v1,snap_2026-07-25T06_v1
2026-06-01,Addis Ababa,Addis Ababa,Ehil Berenda,9.0333,38.7389,cereals and tubers,Wheat,KG,actual,Retail,ETB,56.09,0.4006,5,3,agent:4|user:1,published,waga-index-v1,snap_2026-07-25T06_v1
2026-06-01,Addis Ababa,Addis Ababa,Ehil Berenda,9.0333,38.7389,cereals and tubers,Maize,KG,actual,Retail,ETB,37.78,0.2699,6,4,agent:4|user:2,published,waga-index-v1,snap_2026-07-25T06_v1
2026-06-01,Addis Ababa,Addis Ababa,Ehil Berenda,9.0333,38.7389,vegetables and fruits,Onion,KG,actual,Retail,ETB,36.29,0.2592,8,5,agent:6|user:2,published,waga-index-v1,snap_2026-07-25T06_v1
2026-06-01,Addis Ababa,Addis Ababa,Ehil Berenda,9.0333,38.7389,oil and fats,Cooking oil,L,actual,Retail,ETB,,,0,0,,insufficient_data,waga-index-v1,snap_2026-07-25T06_v1
2026-06-01,Addis Ababa,Addis Ababa,Atikilt Tera,9.03,38.745,cereals and tubers,Teff (mixed),KG,actual,Retail,ETB,90.92,0.6494,7,5,agent:5|user:2,published,waga-index-v1,snap_2026-07-25T06_v1
2026-06-01,Addis Ababa,Addis Ababa,Atikilt Tera,9.03,38.745,cereals and tubers,Wheat,KG,actual,Retail,ETB,57.07,0.4076,7,5,agent:5|user:2,published,waga-index-v1,snap_2026-07-25T06_v1
2026-06-01,Addis Ababa,Addis Ababa,Atikilt Tera,9.03,38.745,cereals and tubers,Maize,KG,actual,Retail,ETB,37.92,0.2709,8,5,agent:6|user:2,published,waga-index-v1,snap_2026-07-25T06_v1
2026-06-01,Addis Ababa,Addis Ababa,Atikilt Tera,9.03,38.745,vegetables and fruits,Onion,KG,actual,Retail,ETB,32.80,0.2343,7,5,agent:5|user:2,published,waga-index-v1,snap_2026-07-25T06_v1
2026-06-01,Addis Ababa,Addis Ababa,Atikilt Tera,9.03,38.745,oil and fats,Cooking oil,L,actual,Retail,ETB,147.32,1.0523,9,6,agent:7|user:2,published,waga-index-v1,snap_2026-07-25T06_v1
2026-06-01,Addis Ababa,Addis Ababa,Asko,9.0489,38.6889,cereals and tubers,Teff (mixed),KG,actual,Retail,ETB,90.48,0.6463,9,6,agent:7|user:2,published,waga-index-v1,snap_2026-07-25T06_v1
2026-06-01,Addis Ababa,Addis Ababa,Asko,9.0489,38.6889,cereals and tubers,Wheat,KG,actual,Retail,ETB,57.99,0.4142,7,5,agent:5|user:2,published,waga-index-v1,snap_2026-07-25T06_v1
2026-06-01,Addis Ababa,Addis Ababa,Asko,9.0489,38.6889,cereals and tubers,Maize,KG,actual,Retail,ETB,37.86,0.2704,7,5,agent:5|user:2,published,waga-index-v1,snap_2026-07-25T06_v1
2026-06-01,Addis Ababa,Addis Ababa,Asko,9.0489,38.6889,vegetables and fruits,Onion,KG,actual,Retail,ETB,36.92,0.2637,9,6,agent:7|user:2,published,waga-index-v1,snap_2026-07-25T06_v1
2026-06-01,Addis Ababa,Addis Ababa,Asko,9.0489,38.6889,oil and fats,Cooking oil,L,actual,Retail,ETB,155.30,1.1093,8,5,agent:6|user:2,published,waga-index-v1,snap_2026-07-25T06_v1
2026-06-01,Addis Ababa,Addis Ababa,Saris,8.9797,38.7622,cereals and tubers,Teff (mixed),KG,actual,Retail,ETB,92.94,0.6639,4,3,agent:3|user:1,published,waga-index-v1,snap_2026-07-25T06_v1
2026-06-01,Addis Ababa,Addis Ababa,Saris,8.9797,38.7622,cereals and tubers,Wheat,KG,actual,Retail,ETB,59.01,0.4215,8,5,agent:6|user:2,published,waga-index-v1,snap_2026-07-25T06_v1
2026-06-01,Addis Ababa,Addis Ababa,Saris,8.9797,38.7622,cereals and tubers,Maize,KG,actual,Retail,ETB,38.95,0.2782,5,3,agent:4|user:1,published,waga-index-v1,snap_2026-07-25T06_v1
2026-06-01,Addis Ababa,Addis Ababa,Saris,8.9797,38.7622,vegetables and fruits,Onion,KG,actual,Retail,ETB,37.74,0.2696,4,3,agent:3|user:1,published,waga-index-v1,snap_2026-07-25T06_v1
2026-06-01,Addis Ababa,Addis Ababa,Saris,8.9797,38.7622,oil and fats,Cooking oil,L,actual,Retail,ETB,159.83,1.1416,9,6,agent:7|user:2,published,waga-index-v1,snap_2026-07-25T06_v1
2026-06-01,Addis Ababa,Addis Ababa,Akaki,8.8939,38.8069,cereals and tubers,Teff (mixed),KG,actual,Retail,ETB,,,2,2,agent:2,insufficient_data,waga-index-v1,snap_2026-07-25T06_v1
2026-06-01,Addis Ababa,Addis Ababa,Akaki,8.8939,38.8069,cereals and tubers,Wheat,KG,actual,Retail,ETB,59.19,0.4228,4,3,agent:3|user:1,published,waga-index-v1,snap_2026-07-25T06_v1
2026-06-01,Addis Ababa,Addis Ababa,Akaki,8.8939,38.8069,cereals and tubers,Maize,KG,actual,Retail,ETB,39.32,0.2809,5,3,agent:4|user:1,published,waga-index-v1,snap_2026-07-25T06_v1
2026-06-01,Addis Ababa,Addis Ababa,Akaki,8.8939,38.8069,vegetables and fruits,Onion,KG,actual,Retail,ETB,37.23,0.2659,4,3,agent:3|user:1,published,waga-index-v1,snap_2026-07-25T06_v1
2026-06-01,Addis Ababa,Addis Ababa,Akaki,8.8939,38.8069,oil and fats,Cooking oil,L,actual,Retail,ETB,154.71,1.1051,9,6,agent:7|user:2,published,waga-index-v1,snap_2026-07-25T06_v1
2026-06-01,Addis Ababa,Addis Ababa,Kera,8.9994,38.7481,cereals and tubers,Teff (mixed),KG,actual,Retail,ETB,95.68,0.6834,5,3,agent:4|user:1,published,waga-index-v1,snap_2026-07-25T06_v1
2026-06-01,Addis Ababa,Addis Ababa,Kera,8.9994,38.7481,cereals and tubers,Wheat,KG,actual,Retail,ETB,,,0,0,,insufficient_data,waga-index-v1,snap_2026-07-25T06_v1
2026-06-01,Addis Ababa,Addis Ababa,Kera,8.9994,38.7481,cereals and tubers,Maize,KG,actual,Retail,ETB,40.46,0.2890,5,3,agent:4|user:1,published,waga-index-v1,snap_2026-07-25T06_v1
2026-06-01,Addis Ababa,Addis Ababa,Kera,8.9994,38.7481,vegetables and fruits,Onion,KG,actual,Retail,ETB,39.10,0.2793,3,2,agent:2|user:1,published,waga-index-v1,snap_2026-07-25T06_v1
2026-06-01,Addis Ababa,Addis Ababa,Kera,8.9994,38.7481,oil and fats,Cooking oil,L,actual,Retail,ETB,165.70,1.1836,6,4,agent:4|user:2,published,waga-index-v1,snap_2026-07-25T06_v1
2026-06-01,Addis Ababa,Addis Ababa,Shola Gebeya,9.0244,38.7986,cereals and tubers,Teff (mixed),KG,actual,Retail,ETB,97.80,0.6986,4,3,agent:3|user:1,published,waga-index-v1,snap_2026-07-25T06_v1
2026-06-01,Addis Ababa,Addis Ababa,Shola Gebeya,9.0244,38.7986,cereals and tubers,Wheat,KG,actual,Retail,ETB,62.46,0.4461,7,5,agent:5|user:2,published,waga-index-v1,snap_2026-07-25T06_v1
2026-06-01,Addis Ababa,Addis Ababa,Shola Gebeya,9.0244,38.7986,cereals and tubers,Maize,KG,actual,Retail,ETB,40.84,0.2917,9,6,agent:7|user:2,published,waga-index-v1,snap_2026-07-25T06_v1
2026-06-01,Addis Ababa,Addis Ababa,Shola Gebeya,9.0244,38.7986,vegetables and fruits,Onion,KG,actual,Retail,ETB,41.50,0.2964,4,3,agent:3|user:1,published,waga-index-v1,snap_2026-07-25T06_v1
2026-06-01,Addis Ababa,Addis Ababa,Shola Gebeya,9.0244,38.7986,oil and fats,Cooking oil,L,actual,Retail,ETB,165.30,1.1807,7,5,agent:5|user:2,published,waga-index-v1,snap_2026-07-25T06_v1
2026-06-01,Addis Ababa,Addis Ababa,Piazza,9.0356,38.7522,cereals and tubers,Teff (mixed),KG,actual,Retail,ETB,103.35,0.7382,5,3,agent:4|user:1,published,waga-index-v1,snap_2026-07-25T06_v1
2026-06-01,Addis Ababa,Addis Ababa,Piazza,9.0356,38.7522,cereals and tubers,Wheat,KG,actual,Retail,ETB,62.54,0.4467,5,3,agent:4|user:1,published,waga-index-v1,snap_2026-07-25T06_v1
2026-06-01,Addis Ababa,Addis Ababa,Piazza,9.0356,38.7522,cereals and tubers,Maize,KG,actual,Retail,ETB,42.59,0.3042,4,3,agent:3|user:1,published,waga-index-v1,snap_2026-07-25T06_v1
2026-06-01,Addis Ababa,Addis Ababa,Piazza,9.0356,38.7522,vegetables and fruits,Onion,KG,actual,Retail,ETB,40.52,0.2894,6,4,agent:4|user:2,published,waga-index-v1,snap_2026-07-25T06_v1
2026-06-01,Addis Ababa,Addis Ababa,Piazza,9.0356,38.7522,oil and fats,Cooking oil,L,actual,Retail,ETB,168.71,1.2051,5,3,agent:4|user:1,published,waga-index-v1,snap_2026-07-25T06_v1
2026-06-02,Addis Ababa,Addis Ababa,Merkato,9.0341,38.7395,cereals and tubers,Teff (mixed),KG,actual,Retail,ETB,88.73,0.6338,6,4,agent:4|user:2,published,waga-index-v1,snap_2026-07-25T06_v1
2026-06-02,Addis Ababa,Addis Ababa,Merkato,9.0341,38.7395,cereals and tubers,Wheat,KG,actual,Retail,ETB,53.02,0.3787,3,2,agent:2|user:1,published,waga-index-v1,snap_2026-07-25T06_v1
2026-06-02,Addis Ababa,Addis Ababa,Merkato,9.0341,38.7395,cereals and tubers,Maize,KG,actual,Retail,ETB,34.71,0.2479,3,2,agent:2|user:1,published,waga-index-v1,snap_2026-07-25T06_v1
2026-06-02,Addis Ababa,Addis Ababa,Merkato,9.0341,38.7395,vegetables and fruits,Onion,KG,actual,Retail,ETB,36.36,0.2597,4,3,agent:3|user:1,published,waga-index-v1,snap_2026-07-25T06_v1
2026-06-02,Addis Ababa,Addis Ababa,Merkato,9.0341,38.7395,oil and fats,Cooking oil,L,actual,Retail,ETB,150.24,1.0731,3,2,agent:2|user:1,published,waga-index-v1,snap_2026-07-25T06_v1
2026-06-02,Addis Ababa,Addis Ababa,Ehil Berenda,9.0333,38.7389,cereals and tubers,Teff (mixed),KG,actual,Retail,ETB,83.44,0.5960,6,4,agent:4|user:2,published,waga-index-v1,snap_2026-07-25T06_v1
2026-06-02,Addis Ababa,Addis Ababa,Ehil Berenda,9.0333,38.7389,cereals and tubers,Wheat,KG,actual,Retail,ETB,56.12,0.4009,9,6,agent:7|user:2,published,waga-index-v1,snap_2026-07-25T06_v1
2026-06-02,Addis Ababa,Addis Ababa,Ehil Berenda,9.0333,38.7389,cereals and tubers,Maize,KG,actual,Retail,ETB,38.03,0.2716,9,6,agent:7|user:2,published,waga-index-v1,snap_2026-07-25T06_v1
2026-06-02,Addis Ababa,Addis Ababa,Ehil Berenda,9.0333,38.7389,vegetables and fruits,Onion,KG,actual,Retail,ETB,35.95,0.2568,5,3,agent:4|user:1,published,waga-index-v1,snap_2026-07-25T06_v1
2026-06-02,Addis Ababa,Addis Ababa,Ehil Berenda,9.0333,38.7389,oil and fats,Cooking oil,L,actual,Retail,ETB,153.30,1.0950,9,6,agent:7|user:2,published,waga-index-v1,snap_2026-07-25T06_v1
2026-06-02,Addis Ababa,Addis Ababa,Atikilt Tera,9.03,38.745,cereals and tubers,Teff (mixed),KG,actual,Retail,ETB,90.79,0.6485,6,4,agent:4|user:2,published,waga-index-v1,snap_2026-07-25T06_v1
2026-06-02,Addis Ababa,Addis Ababa,Atikilt Tera,9.03,38.745,cereals and tubers,Wheat,KG,actual,Retail,ETB,57.36,0.4097,7,5,agent:5|user:2,published,waga-index-v1,snap_2026-07-25T06_v1
2026-06-02,Addis Ababa,Addis Ababa,Atikilt Tera,9.03,38.745,cereals and tubers,Maize,KG,actual,Retail,ETB,37.65,0.2689,9,6,agent:7|user:2,published,waga-index-v1,snap_2026-07-25T06_v1
2026-06-02,Addis Ababa,Addis Ababa,Atikilt Tera,9.03,38.745,vegetables and fruits,Onion,KG,actual,Retail,ETB,33.47,0.2391,5,3,agent:4|user:1,published,waga-index-v1,snap_2026-07-25T06_v1
2026-06-02,Addis Ababa,Addis Ababa,Atikilt Tera,9.03,38.745,oil and fats,Cooking oil,L,actual,Retail,ETB,146.28,1.0449,7,5,agent:5|user:2,published,waga-index-v1,snap_2026-07-25T06_v1
2026-06-02,Addis Ababa,Addis Ababa,Asko,9.0489,38.6889,cereals and tubers,Teff (mixed),KG,actual,Retail,ETB,92.32,0.6594,7,5,agent:5|user:2,published,waga-index-v1,snap_2026-07-25T06_v1
2026-06-02,Addis Ababa,Addis Ababa,Asko,9.0489,38.6889,cereals and tubers,Wheat,KG,actual,Retail,ETB,57.99,0.4142,4,3,agent:3|user:1,published,waga-index-v1,snap_2026-07-25T06_v1
2026-06-02,Addis Ababa,Addis Ababa,Asko,9.0489,38.6889,cereals and tubers,Maize,KG,actual,Retail,ETB,38.18,0.2727,6,4,agent:4|user:2,published,waga-index-v1,snap_2026-07-25T06_v1
2026-06-02,Addis Ababa,Addis Ababa,Asko,9.0489,38.6889,vegetables and fruits,Onion,KG,actual,Retail,ETB,36.97,0.2641,4,3,agent:3|user:1,published,waga-index-v1,snap_2026-07-25T06_v1
2026-06-02,Addis Ababa,Addis Ababa,Asko,9.0489,38.6889,oil and fats,Cooking oil,L,actual,Retail,ETB,154.43,1.1031,3,2,agent:2|user:1,published,waga-index-v1,snap_2026-07-25T06_v1
2026-06-02,Addis Ababa,Addis Ababa,Saris,8.9797,38.7622,cereals and tubers,Teff (mixed),KG,actual,Retail,ETB,93.26,0.6661,4,3,agent:3|user:1,published,waga-index-v1,snap_2026-07-25T06_v1
2026-06-02,Addis Ababa,Addis Ababa,Saris,8.9797,38.7622,cereals and tubers,Wheat,KG,actual,Retail,ETB,59.83,0.4274,5,3,agent:4|user:1,published,waga-index-v1,snap_2026-07-25T06_v1
2026-06-02,Addis Ababa,Addis Ababa,Saris,8.9797,38.7622,cereals and tubers,Maize,KG,actual,Retail,ETB,39.17,0.2798,6,4,agent:4|user:2,published,waga-index-v1,snap_2026-07-25T06_v1
2026-06-02,Addis Ababa,Addis Ababa,Saris,8.9797,38.7622,vegetables and fruits,Onion,KG,actual,Retail,ETB,37.72,0.2694,3,2,agent:2|user:1,published,waga-index-v1,snap_2026-07-25T06_v1
2026-06-02,Addis Ababa,Addis Ababa,Saris,8.9797,38.7622,oil and fats,Cooking oil,L,actual,Retail,ETB,157.38,1.1241,7,5,agent:5|user:2,published,waga-index-v1,snap_2026-07-25T06_v1
2026-06-02,Addis Ababa,Addis Ababa,Akaki,8.8939,38.8069,cereals and tubers,Teff (mixed),KG,actual,Retail,ETB,91.60,0.6543,5,3,agent:4|user:1,published,waga-index-v1,snap_2026-07-25T06_v1
2026-06-02,Addis Ababa,Addis Ababa,Akaki,8.8939,38.8069,cereals and tubers,Wheat,KG,actual,Retail,ETB,60.21,0.4301,7,5,agent:5|user:2,published,waga-index-v1,snap_2026-07-25T06_v1
2026-06-02,Addis Ababa,Addis Ababa,Akaki,8.8939,38.8069,cereals and tubers,Maize,KG,actual,Retail,ETB,39.39,0.2814,8,5,agent:6|user:2,published,waga-index-v1,snap_2026-07-25T06_v1
2026-06-02,Addis Ababa,Addis Ababa,Akaki,8.8939,38.8069,vegetables and fruits,Onion,KG,actual,Retail,ETB,37.30,0.2664,9,6,agent:7|user:2,published,waga-index-v1,snap_2026-07-25T06_v1
2026-06-02,Addis Ababa,Addis Ababa,Akaki,8.8939,38.8069,oil and fats,Cooking oil,L,actual,Retail,ETB,156.29,1.1164,9,6,agent:7|user:2,published,waga-index-v1,snap_2026-07-25T06_v1
2026-06-02,Addis Ababa,Addis Ababa,Kera,8.9994,38.7481,cereals and tubers,Teff (mixed),KG,actual,Retail,ETB,94.74,0.6767,5,3,agent:4|user:1,published,waga-index-v1,snap_2026-07-25T06_v1
2026-06-02,Addis Ababa,Addis Ababa,Kera,8.9994,38.7481,cereals and tubers,Wheat,KG,actual,Retail,ETB,59.87,0.4276,9,6,agent:7|user:2,published,waga-index-v1,snap_2026-07-25T06_v1
2026-06-02,Addis Ababa,Addis Ababa,Kera,8.9994,38.7481,cereals and tubers,Maize,KG,actual,Retail,ETB,40.01,0.2858,8,5,agent:6|user:2,published,waga-index-v1,snap_2026-07-25T06_v1
2026-06-02,Addis Ababa,Addis Ababa,Kera,8.9994,38.7481,vegetables and fruits,Onion,KG,actual,Retail,ETB,39.09,0.2792,9,6,agent:7|user:2,published,waga-index-v1,snap_2026-07-25T06_v1
2026-06-02,Addis Ababa,Addis Ababa,Kera,8.9994,38.7481,oil and fats,Cooking oil,L,actual,Retail,ETB,165.74,1.1839,9,6,agent:7|user:2,published,waga-index-v1,snap_2026-07-25T06_v1
2026-06-02,Addis Ababa,Addis Ababa,Shola Gebeya,9.0244,38.7986,cereals and tubers,Teff (mixed),KG,actual,Retail,ETB,97.00,0.6929,3,2,agent:2|user:1,published,waga-index-v1,snap_2026-07-25T06_v1
2026-06-02,Addis Ababa,Addis Ababa,Shola Gebeya,9.0244,38.7986,cereals and tubers,Wheat,KG,actual,Retail,ETB,62.76,0.4483,8,5,agent:6|user:2,published,waga-index-v1,snap_2026-07-25T06_v1
2026-06-02,Addis Ababa,Addis Ababa,Shola Gebeya,9.0244,38.7986,cereals and tubers,Maize,KG,actual,Retail,ETB,40.97,0.2926,3,2,agent:2|user:1,published,waga-index-v1,snap_2026-07-25T06_v1
2026-06-02,Addis Ababa,Addis Ababa,Shola Gebeya,9.0244,38.7986,vegetables and fruits,Onion,KG,actual,Retail,ETB,41.38,0.2956,3,2,agent:2|user:1,published,waga-index-v1,snap_2026-07-25T06_v1
2026-06-02,Addis Ababa,Addis Ababa,Shola Gebeya,9.0244,38.7986,oil and fats,Cooking oil,L,actual,Retail,ETB,,,2,2,agent:2,insufficient_data,waga-index-v1,snap_2026-07-25T06_v1
2026-06-02,Addis Ababa,Addis Ababa,Piazza,9.0356,38.7522,cereals and tubers,Teff (mixed),KG,actual,Retail,ETB,102.31,0.7308,9,6,agent:7|user:2,published,waga-index-v1,snap_2026-07-25T06_v1
2026-06-02,Addis Ababa,Addis Ababa,Piazza,9.0356,38.7522,cereals and tubers,Wheat,KG,actual,Retail,ETB,62.47,0.4462,5,3,agent:4|user:1,published,waga-index-v1,snap_2026-07-25T06_v1
2026-06-02,Addis Ababa,Addis Ababa,Piazza,9.0356,38.7522,cereals and tubers,Maize,KG,actual,Retail,ETB,42.63,0.3045,7,5,agent:5|user:2,published,waga-index-v1,snap_2026-07-25T06_v1
2026-06-02,Addis Ababa,Addis Ababa,Piazza,9.0356,38.7522,vegetables and fruits,Onion,KG,actual,Retail,ETB,41.29,0.2949,9,6,agent:7|user:2,published,waga-index-v1,snap_2026-07-25T06_v1
2026-06-02,Addis Ababa,Addis Ababa,Piazza,9.0356,38.7522,oil and fats,Cooking oil,L,actual,Retail,ETB,,,2,2,agent:2,insufficient_data,waga-index-v1,snap_2026-07-25T06_v1
2026-06-03,Addis Ababa,Addis Ababa,Merkato,9.0341,38.7395,cereals and tubers,Teff (mixed),KG,actual,Retail,ETB,88.86,0.6347,8,5,agent:6|user:2,published,waga-index-v1,snap_2026-07-25T06_v1
2026-06-03,Addis Ababa,Addis Ababa,Merkato,9.0341,38.7395,cereals and tubers,Wheat,KG,actual,Retail,ETB,53.25,0.3804,4,3,agent:3|user:1,published,waga-index-v1,snap_2026-07-25T06_v1
2026-06-03,Addis Ababa,Addis Ababa,Merkato,9.0341,38.7395,cereals and tubers,Maize,KG,actual,Retail,ETB,34.90,0.2493,4,3,agent:3|user:1,published,waga-index-v1,snap_2026-07-25T06_v1
2026-06-03,Addis Ababa,Addis Ababa,Merkato,9.0341,38.7395,vegetables and fruits,Onion,KG,actual,Retail,ETB,36.34,0.2596,5,3,agent:4|user:1,published,waga-index-v1,snap_2026-07-25T06_v1
2026-06-03,Addis Ababa,Addis Ababa,Merkato,9.0341,38.7395,oil and fats,Cooking oil,L,actual,Retail,ETB,151.60,1.0829,6,4,agent:4|user:2,published,waga-index-v1,snap_2026-07-25T06_v1
2026-06-03,Addis Ababa,Addis Ababa,Ehil Berenda,9.0333,38.7389,cereals and tubers,Teff (mixed),KG,actual,Retail,ETB,,,2,2,agent:2,insufficient_data,waga-index-v1,snap_2026-07-25T06_v1
2026-06-03,Addis Ababa,Addis Ababa,Ehil Berenda,9.0333,38.7389,cereals and tubers,Wheat,KG,actual,Retail,ETB,55.94,0.3996,6,4,agent:4|user:2,published,waga-index-v1,snap_2026-07-25T06_v1
2026-06-03,Addis Ababa,Addis Ababa,Ehil Berenda,9.0333,38.7389,cereals and tubers,Maize,KG,actual,Retail,ETB,,,1,1,agent:1,insufficient_data,waga-index-v1,snap_2026-07-25T06_v1
2026-06-03,Addis Ababa,Addis Ababa,Ehil Berenda,9.0333,38.7389,vegetables and fruits,Onion,KG,actual,Retail,ETB,,,0,0,,insufficient_data,waga-index-v1,snap_2026-07-25T06_v1
2026-06-03,Addis Ababa,Addis Ababa,Ehil Berenda,9.0333,38.7389,oil and fats,Cooking oil,L,actual,Retail,ETB,152.84,1.0917,5,3,agent:4|user:1,published,waga-index-v1,snap_2026-07-25T06_v1
2026-06-03,Addis Ababa,Addis Ababa,Atikilt Tera,9.03,38.745,cereals and tubers,Teff (mixed),KG,actual,Retail,ETB,90.72,0.6480,5,3,agent:4|user:1,published,waga-index-v1,snap_2026-07-25T06_v1
2026-06-03,Addis Ababa,Addis Ababa,Atikilt Tera,9.03,38.745,cereals and tubers,Wheat,KG,actual,Retail,ETB,57.61,0.4115,7,5,agent:5|user:2,published,waga-index-v1,snap_2026-07-25T06_v1
2026-06-03,Addis Ababa,Addis Ababa,Atikilt Tera,9.03,38.745,cereals and tubers,Maize,KG,actual,Retail,ETB,38.06,0.2719,5,3,agent:4|user:1,published,waga-index-v1,snap_2026-07-25T06_v1
2026-06-03,Addis Ababa,Addis Ababa,Atikilt Tera,9.03,38.745,vegetables and fruits,Onion,KG,actual,Retail,ETB,33.46,0.2390,5,3,agent:4|user:1,published,waga-index-v1,snap_2026-07-25T06_v1
2026-06-03,Addis Ababa,Addis Ababa,Atikilt Tera,9.03,38.745,oil and fats,Cooking oil,L,actual,Retail,ETB,147.03,1.0502,4,3,agent:3|user:1,published,waga-index-v1,snap_2026-07-25T06_v1
2026-06-03,Addis Ababa,Addis Ababa,Asko,9.0489,38.6889,cereals and tubers,Teff (mixed),KG,actual,Retail,ETB,92.89,0.6635,9,6,agent:7|user:2,published,waga-index-v1,snap_2026-07-25T06_v1
2026-06-03,Addis Ababa,Addis Ababa,Asko,9.0489,38.6889,cereals and tubers,Wheat,KG,actual,Retail,ETB,58.66,0.4190,8,5,agent:6|user:2,published,waga-index-v1,snap_2026-07-25T06_v1
2026-06-03,Addis Ababa,Addis Ababa,Asko,9.0489,38.6889,cereals and tubers,Maize,KG,actual,Retail,ETB,38.33,0.2738,3,2,agent:2|user:1,published,waga-index-v1,snap_2026-07-25T06_v1
2026-06-03,Addis Ababa,Addis Ababa,Asko,9.0489,38.6889,vegetables and fruits,Onion,KG,actual,Retail,ETB,37.05,0.2646,4,3,agent:3|user:1,published,waga-index-v1,snap_2026-07-25T06_v1
2026-06-03,Addis Ababa,Addis Ababa,Asko,9.0489,38.6889,oil and fats,Cooking oil,L,actual,Retail,ETB,154.37,1.1026,4,3,agent:3|user:1,published,waga-index-v1,snap_2026-07-25T06_v1
2026-06-03,Addis Ababa,Addis Ababa,Saris,8.9797,38.7622,cereals and tubers,Teff (mixed),KG,actual,Retail,ETB,93.23,0.6659,5,3,agent:4|user:1,published,waga-index-v1,snap_2026-07-25T06_v1
2026-06-03,Addis Ababa,Addis Ababa,Saris,8.9797,38.7622,cereals and tubers,Wheat,KG,actual,Retail,ETB,59.29,0.4235,5,3,agent:4|user:1,published,waga-index-v1,snap_2026-07-25T06_v1
2026-06-03,Addis Ababa,Addis Ababa,Saris,8.9797,38.7622,cereals and tubers,Maize,KG,actual,Retail,ETB,39.26,0.2804,8,5,agent:6|user:2,published,waga-index-v1,snap_2026-07-25T06_v1
2026-06-03,Addis Ababa,Addis Ababa,Saris,8.9797,38.7622,vegetables and fruits,Onion,KG,actual,Retail,ETB,,,0,0,,insufficient_data,waga-index-v1,snap_2026-07-25T06_v1
2026-06-03,Addis Ababa,Addis Ababa,Saris,8.9797,38.7622,oil and fats,Cooking oil,L,actual,Retail,ETB,158.63,1.1331,6,4,agent:4|user:2,published,waga-index-v1,snap_2026-07-25T06_v1
2026-06-03,Addis Ababa,Addis Ababa,Akaki,8.8939,38.8069,cereals and tubers,Teff (mixed),KG,actual,Retail,ETB,92.22,0.6587,9,6,agent:7|user:2,published,waga-index-v1,snap_2026-07-25T06_v1
2026-06-03,Addis Ababa,Addis Ababa,Akaki,8.8939,38.8069,cereals and tubers,Wheat,KG,actual,Retail,ETB,59.20,0.4229,6,4,agent:4|user:2,published,waga-index-v1,snap_2026-07-25T06_v1
2026-06-03,Addis Ababa,Addis Ababa,Akaki,8.8939,38.8069,cereals and tubers,Maize,KG,actual,Retail,ETB,40.08,0.2863,6,4,agent:4|user:2,published,waga-index-v1,snap_2026-07-25T06_v1
2026-06-03,Addis Ababa,Addis Ababa,Akaki,8.8939,38.8069,vegetables and fruits,Onion,KG,actual,Retail,ETB,37.57,0.2684,9,6,agent:7|user:2,published,waga-index-v1,snap_2026-07-25T06_v1
2026-06-03,Addis Ababa,Addis Ababa,Akaki,8.8939,38.8069,oil and fats,Cooking oil,L,actual,Retail,ETB,155.73,1.1124,9,6,agent:7|user:2,published,waga-index-v1,snap_2026-07-25T06_v1
2026-06-03,Addis Ababa,Addis Ababa,Kera,8.9994,38.7481,cereals and tubers,Teff (mixed),KG,actual,Retail,ETB,95.19,0.6799,7,5,agent:5|user:2,published,waga-index-v1,snap_2026-07-25T06_v1
2026-06-03,Addis Ababa,Addis Ababa,Kera,8.9994,38.7481,cereals and tubers,Wheat,KG,actual,Retail,ETB,60.81,0.4344,9,6,agent:7|user:2,published,waga-index-v1,snap_2026-07-25T06_v1
2026-06-03,Addis Ababa,Addis Ababa,Kera,8.9994,38.7481,cereals and tubers,Maize,KG,actual,Retail,ETB,40.56,0.2897,9,6,agent:7|user:2,published,waga-index-v1,snap_2026-07-25T06_v1
2026-06-03,Addis Ababa,Addis Ababa,Kera,8.9994,38.7481,vegetables and fruits,Onion,KG,actual,Retail,ETB,39.23,0.2802,5,3,agent:4|user:1,published,waga-index-v1,snap_2026-07-25T06_v1
2026-06-03,Addis Ababa,Addis Ababa,Kera,8.9994,38.7481,oil and fats,Cooking oil,L,actual,Retail,ETB,,,0,0,,insufficient_data,waga-index-v1,snap_2026-07-25T06_v1
2026-06-03,Addis Ababa,Addis Ababa,Shola Gebeya,9.0244,38.7986,cereals and tubers,Teff (mixed),KG,actual,Retail,ETB,,,2,2,agent:2,insufficient_data,waga-index-v1,snap_2026-07-25T06_v1
2026-06-03,Addis Ababa,Addis Ababa,Shola Gebeya,9.0244,38.7986,cereals and tubers,Wheat,KG,actual,Retail,ETB,62.30,0.4450,7,5,agent:5|user:2,published,waga-index-v1,snap_2026-07-25T06_v1
2026-06-03,Addis Ababa,Addis Ababa,Shola Gebeya,9.0244,38.7986,cereals and tubers,Maize,KG,actual,Retail,ETB,41.08,0.2934,3,2,agent:2|user:1,published,waga-index-v1,snap_2026-07-25T06_v1
2026-06-03,Addis Ababa,Addis Ababa,Shola Gebeya,9.0244,38.7986,vegetables and fruits,Onion,KG,actual,Retail,ETB,41.66,0.2976,9,6,agent:7|user:2,published,waga-index-v1,snap_2026-07-25T06_v1
2026-06-03,Addis Ababa,Addis Ababa,Shola Gebeya,9.0244,38.7986,oil and fats,Cooking oil,L,actual,Retail,ETB,166.33,1.1881,9,6,agent:7|user:2,published,waga-index-v1,snap_2026-07-25T06_v1
2026-06-03,Addis Ababa,Addis Ababa,Piazza,9.0356,38.7522,cereals and tubers,Teff (mixed),KG,actual,Retail,ETB,102.71,0.7336,3,2,agent:2|user:1,published,waga-index-v1,snap_2026-07-25T06_v1
2026-06-03,Addis Ababa,Addis Ababa,Piazza,9.0356,38.7522,cereals and tubers,Wheat,KG,actual,Retail,ETB,62.84,0.4489,5,3,agent:4|user:1,published,waga-index-v1,snap_2026-07-25T06_v1
2026-06-03,Addis Ababa,Addis Ababa,Piazza,9.0356,38.7522,cereals and tubers,Maize,KG,actual,Retail,ETB,42.78,0.3056,7,5,agent:5|user:2,published,waga-index-v1,snap_2026-07-25T06_v1
2026-06-03,Addis Ababa,Addis Ababa,Piazza,9.0356,38.7522,vegetables and fruits,Onion,KG,actual,Retail,ETB,41.17,0.2941,8,5,agent:6|user:2,published,waga-index-v1,snap_2026-07-25T06_v1
2026-06-03,Addis Ababa,Addis Ababa,Piazza,9.0356,38.7522,oil and fats,Cooking oil,L,actual,Retail,ETB,173.20,1.2371,3,2,agent:2|user:1,published,waga-index-v1,snap_2026-07-25T06_v1
2026-06-04,Addis Ababa,Addis Ababa,Merkato,9.0341,38.7395,cereals and tubers,Teff (mixed),KG,actual,Retail,ETB,87.24,0.6231,5,3,agent:4|user:1,published,waga-index-v1,snap_2026-07-25T06_v1
2026-06-04,Addis Ababa,Addis Ababa,Merkato,9.0341,38.7395,cereals and tubers,Wheat,KG,actual,Retail,ETB,,,2,2,agent:2,insufficient_data,waga-index-v1,snap_2026-07-25T06_v1
2026-06-04,Addis Ababa,Addis Ababa,Merkato,9.0341,38.7395,cereals and tubers,Maize,KG,actual,Retail,ETB,35.33,0.2524,4,3,agent:3|user:1,published,waga-index-v1,snap_2026-07-25T06_v1
2026-06-04,Addis Ababa,Addis Ababa,Merkato,9.0341,38.7395,vegetables and fruits,Onion,KG,actual,Retail,ETB,36.10,0.2579,9,6,agent:7|user:2,published,waga-index-v1,snap_2026-07-25T06_v1
2026-06-04,Addis Ababa,Addis Ababa,Merkato,9.0341,38.7395,oil and fats,Cooking oil,L,actual,Retail,ETB,153.40,1.0957,5,3,agent:4|user:1,published,waga-index-v1,snap_2026-07-25T06_v1
2026-06-04,Addis Ababa,Addis Ababa,Ehil Berenda,9.0333,38.7389,cereals and tubers,Teff (mixed),KG,actual,Retail,ETB,84.22,0.6016,7,5,agent:5|user:2,published,waga-index-v1,snap_2026-07-25T06_v1
2026-06-04,Addis Ababa,Addis Ababa,Ehil Berenda,9.0333,38.7389,cereals and tubers,Wheat,KG,actual,Retail,ETB,56.36,0.4026,3,2,agent:2|user:1,published,waga-index-v1,snap_2026-07-25T06_v1
2026-06-04,Addis Ababa,Addis Ababa,Ehil Berenda,9.0333,38.7389,cereals and tubers,Maize,KG,actual,Retail,ETB,37.62,0.2687,4,3,agent:3|user:1,published,waga-index-v1,snap_2026-07-25T06_v1
2026-06-04,Addis Ababa,Addis Ababa,Ehil Berenda,9.0333,38.7389,vegetables and fruits,Onion,KG,actual,Retail,ETB,36.15,0.2582,8,5,agent:6|user:2,published,waga-index-v1,snap_2026-07-25T06_v1
2026-06-04,Addis Ababa,Addis Ababa,Ehil Berenda,9.0333,38.7389,oil and fats,Cooking oil,L,actual,Retail,ETB,152.76,1.0911,9,6,agent:7|user:2,published,waga-index-v1,snap_2026-07-25T06_v1
2026-06-04,Addis Ababa,Addis Ababa,Atikilt Tera,9.03,38.745,cereals and tubers,Teff (mixed),KG,actual,Retail,ETB,91.28,0.6520,7,5,agent:5|user:2,published,waga-index-v1,snap_2026-07-25T06_v1
2026-06-04,Addis Ababa,Addis Ababa,Atikilt Tera,9.03,38.745,cereals and tubers,Wheat,KG,actual,Retail,ETB,57.27,0.4091,4,3,agent:3|user:1,published,waga-index-v1,snap_2026-07-25T06_v1
2026-06-04,Addis Ababa,Addis Ababa,Atikilt Tera,9.03,38.745,cereals and tubers,Maize,KG,actual,Retail,ETB,,,0,0,,insufficient_data,waga-index-v1,snap_2026-07-25T06_v1
2026-06-04,Addis Ababa,Addis Ababa,Atikilt Tera,9.03,38.745,vegetables and fruits,Onion,KG,actual,Retail,ETB,33.34,0.2381,7,5,agent:5|user:2,published,waga-index-v1,snap_2026-07-25T06_v1
2026-06-04,Addis Ababa,Addis Ababa,Atikilt Tera,9.03,38.745,oil and fats,Cooking oil,L,actual,Retail,ETB,145.19,1.0371,6,4,agent:4|user:2,published,waga-index-v1,snap_2026-07-25T06_v1
2026-06-04,Addis Ababa,Addis Ababa,Asko,9.0489,38.6889,cereals and tubers,Teff (mixed),KG,actual,Retail,ETB,93.11,0.6651,7,5,agent:5|user:2,published,waga-index-v1,snap_2026-07-25T06_v1
2026-06-04,Addis Ababa,Addis Ababa,Asko,9.0489,38.6889,cereals and tubers,Wheat,KG,actual,Retail,ETB,58.35,0.4168,3,2,agent:2|user:1,published,waga-index-v1,snap_2026-07-25T06_v1
2026-06-04,Addis Ababa,Addis Ababa,Asko,9.0489,38.6889,cereals and tubers,Maize,KG,actual,Retail,ETB,38.84,0.2774,3,2,agent:2|user:1,published,waga-index-v1,snap_2026-07-25T06_v1
2026-06-04,Addis Ababa,Addis Ababa,Asko,9.0489,38.6889,vegetables and fruits,Onion,KG,actual,Retail,ETB,37.59,0.2685,8,5,agent:6|user:2,published,waga-index-v1,snap_2026-07-25T06_v1
2026-06-04,Addis Ababa,Addis Ababa,Asko,9.0489,38.6889,oil and fats,Cooking oil,L,actual,Retail,ETB,,,0,0,,insufficient_data,waga-index-v1,snap_2026-07-25T06_v1
2026-06-04,Addis Ababa,Addis Ababa,Saris,8.9797,38.7622,cereals and tubers,Teff (mixed),KG,actual,Retail,ETB,,,1,1,agent:1,insufficient_data,waga-index-v1,snap_2026-07-25T06_v1
2026-06-04,Addis Ababa,Addis Ababa,Saris,8.9797,38.7622,cereals and tubers,Wheat,KG,actual,Retail,ETB,59.36,0.4240,5,3,agent:4|user:1,published,waga-index-v1,snap_2026-07-25T06_v1
2026-06-04,Addis Ababa,Addis Ababa,Saris,8.9797,38.7622,cereals and tubers,Maize,KG,actual,Retail,ETB,39.22,0.2801,8,5,agent:6|user:2,published,waga-index-v1,snap_2026-07-25T06_v1
2026-06-04,Addis Ababa,Addis Ababa,Saris,8.9797,38.7622,vegetables and fruits,Onion,KG,actual,Retail,ETB,37.84,0.2703,9,6,agent:7|user:2,published,waga-index-v1,snap_2026-07-25T06_v1
2026-06-04,Addis Ababa,Addis Ababa,Saris,8.9797,38.7622,oil and fats,Cooking oil,L,actual,Retail,ETB,157.84,1.1274,7,5,agent:5|user:2,published,waga-index-v1,snap_2026-07-25T06_v1
2026-06-04,Addis Ababa,Addis Ababa,Akaki,8.8939,38.8069,cereals and tubers,Teff (mixed),KG,actual,Retail,ETB,92.35,0.6596,3,2,agent:2|user:1,published,waga-index-v1,snap_2026-07-25T06_v1
2026-06-04,Addis Ababa,Addis Ababa,Akaki,8.8939,38.8069,cereals and tubers,Wheat,KG,actual,Retail,ETB,59.33,0.4238,4,3,agent:3|user:1,published,waga-index-v1,snap_2026-07-25T06_v1
2026-06-04,Addis Ababa,Addis Ababa,Akaki,8.8939,38.8069,cereals and tubers,Maize,KG,actual,Retail,ETB,39.85,0.2846,3,2,agent:2|user:1,published,waga-index-v1,snap_2026-07-25T06_v1
2026-06-04,Addis Ababa,Addis Ababa,Akaki,8.8939,38.8069,vegetables and fruits,Onion,KG,actual,Retail,ETB,,,0,0,,insufficient_data,waga-index-v1,snap_2026-07-25T06_v1
2026-06-04,Addis Ababa,Addis Ababa,Akaki,8.8939,38.8069,oil and fats,Cooking oil,L,actual,Retail,ETB,155.82,1.1130,7,5,agent:5|user:2,published,waga-index-v1,snap_2026-07-25T06_v1
2026-06-04,Addis Ababa,Addis Ababa,Kera,8.9994,38.7481,cereals and tubers,Teff (mixed),KG,actual,Retail,ETB,95.46,0.6819,3,2,agent:2|user:1,published,waga-index-v1,snap_2026-07-25T06_v1
2026-06-04,Addis Ababa,Addis Ababa,Kera,8.9994,38.7481,cereals and tubers,Wheat,KG,actual,Retail,ETB,,,1,1,agent:1,insufficient_data,waga-index-v1,snap_2026-07-25T06_v1
2026-06-04,Addis Ababa,Addis Ababa,Kera,8.9994,38.7481,cereals and tubers,Maize,KG,actual,Retail,ETB,41.06,0.2933,3,2,agent:2|user:1,published,waga-index-v1,snap_2026-07-25T06_v1
2026-06-04,Addis Ababa,Addis Ababa,Kera,8.9994,38.7481,vegetables and fruits,Onion,KG,actual,Retail,ETB,39.23,0.2802,6,4,agent:4|user:2,published,waga-index-v1,snap_2026-07-25T06_v1
2026-06-04,Addis Ababa,Addis Ababa,Kera,8.9994,38.7481,oil and fats,Cooking oil,L,actual,Retail,ETB,163.65,1.1689,8,5,agent:6|user:2,published,waga-index-v1,snap_2026-07-25T06_v1
2026-06-04,Addis Ababa,Addis Ababa,Shola Gebeya,9.0244,38.7986,cereals and tubers,Teff (mixed),KG,actual,Retail,ETB,96.55,0.6896,3,2,agent:2|user:1,published,waga-index-v1,snap_2026-07-25T06_v1
2026-06-04,Addis Ababa,Addis Ababa,Shola Gebeya,9.0244,38.7986,cereals and tubers,Wheat,KG,actual,Retail,ETB,62.68,0.4477,4,3,agent:3|user:1,published,waga-index-v1,snap_2026-07-25T06_v1
2026-06-04,Addis Ababa,Addis Ababa,Shola Gebeya,9.0244,38.7986,cereals and tubers,Maize,KG,actual,Retail,ETB,41.49,0.2964,8,5,agent:6|user:2,published,waga-index-v1,snap_2026-07-25T06_v1
2026-06-04,Addis Ababa,Addis Ababa,Shola Gebeya,9.0244,38.7986,vegetables and fruits,Onion,KG,actual,Retail,ETB,41.81,0.2986,3,2,agent:2|user:1,published,waga-index-v1,snap_2026-07-25T06_v1
2026-06-04,Addis Ababa,Addis Ababa,Shola Gebeya,9.0244,38.7986,oil and fats,Cooking oil,L,actual,Retail,ETB,166.97,1.1926,8,5,agent:6|user:2,published,waga-index-v1,snap_2026-07-25T06_v1
2026-06-04,Addis Ababa,Addis Ababa,Piazza,9.0356,38.7522,cereals and tubers,Teff (mixed),KG,actual,Retail,ETB,103.87,0.7419,6,4,agent:4|user:2,published,waga-index-v1,snap_2026-07-25T06_v1
2026-06-04,Addis Ababa,Addis Ababa,Piazza,9.0356,38.7522,cereals and tubers,Wheat,KG,actual,Retail,ETB,63.04,0.4503,7,5,agent:5|user:2,published,waga-index-v1,snap_2026-07-25T06_v1
2026-06-04,Addis Ababa,Addis Ababa,Piazza,9.0356,38.7522,cereals and tubers,Maize,KG,actual,Retail,ETB,42.72,0.3051,9,6,agent:7|user:2,published,waga-index-v1,snap_2026-07-25T06_v1
2026-06-04,Addis Ababa,Addis Ababa,Piazza,9.0356,38.7522,vegetables and fruits,Onion,KG,actual,Retail,ETB,40.62,0.2901,9,6,agent:7|user:2,published,waga-index-v1,snap_2026-07-25T06_v1
2026-06-04,Addis Ababa,Addis Ababa,Piazza,9.0356,38.7522,oil and fats,Cooking oil,L,actual,Retail,ETB,173.87,1.2419,9,6,agent:7|user:2,published,waga-index-v1,snap_2026-07-25T06_v1
2026-06-05,Addis Ababa,Addis Ababa,Merkato,9.0341,38.7395,cereals and tubers,Teff (mixed),KG,actual,Retail,ETB,87.99,0.6285,3,2,agent:2|user:1,published,waga-index-v1,snap_2026-07-25T06_v1
2026-06-05,Addis Ababa,Addis Ababa,Merkato,9.0341,38.7395,cereals and tubers,Wheat,KG,actual,Retail,ETB,53.31,0.3808,9,6,agent:7|user:2,published,waga-index-v1,snap_2026-07-25T06_v1
2026-06-05,Addis Ababa,Addis Ababa,Merkato,9.0341,38.7395,cereals and tubers,Maize,KG,actual,Retail,ETB,35.35,0.2525,7,5,agent:5|user:2,published,waga-index-v1,snap_2026-07-25T06_v1
2026-06-05,Addis Ababa,Addis Ababa,Merkato,9.0341,38.7395,vegetables and fruits,Onion,KG,actual,Retail,ETB,36.19,0.2585,8,5,agent:6|user:2,published,waga-index-v1,snap_2026-07-25T06_v1
2026-06-05,Addis Ababa,Addis Ababa,Merkato,9.0341,38.7395,oil and fats,Cooking oil,L,actual,Retail,ETB,153.81,1.0986,4,3,agent:3|user:1,published,waga-index-v1,snap_2026-07-25T06_v1
2026-06-05,Addis Ababa,Addis Ababa,Ehil Berenda,9.0333,38.7389,cereals and tubers,Teff (mixed),KG,actual,Retail,ETB,83.96,0.5997,7,5,agent:5|user:2,published,waga-index-v1,snap_2026-07-25T06_v1
2026-06-05,Addis Ababa,Addis Ababa,Ehil Berenda,9.0333,38.7389,cereals and tubers,Wheat,KG,actual,Retail,ETB,56.97,0.4069,8,5,agent:6|user:2,published,waga-index-v1,snap_2026-07-25T06_v1
2026-06-05,Addis Ababa,Addis Ababa,Ehil Berenda,9.0333,38.7389,cereals and tubers,Maize,KG,actual,Retail,ETB,37.86,0.2704,5,3,agent:4|user:1,published,waga-index-v1,snap_2026-07-25T06_v1
2026-06-05,Addis Ababa,Addis Ababa,Ehil Berenda,9.0333,38.7389,vegetables and fruits,Onion,KG,actual,Retail,ETB,,,0,0,,insufficient_data,waga-index-v1,snap_2026-07-25T06_v1
2026-06-05,Addis Ababa,Addis Ababa,Ehil Berenda,9.0333,38.7389,oil and fats,Cooking oil,L,actual,Retail,ETB,151.96,1.0854,5,3,agent:4|user:1,published,waga-index-v1,snap_2026-07-25T06_v1
2026-06-05,Addis Ababa,Addis Ababa,Atikilt Tera,9.03,38.745,cereals and tubers,Teff (mixed),KG,actual,Retail,ETB,91.42,0.6530,8,5,agent:6|user:2,published,waga-index-v1,snap_2026-07-25T06_v1
2026-06-05,Addis Ababa,Addis Ababa,Atikilt Tera,9.03,38.745,cereals and tubers,Wheat,KG,actual,Retail,ETB,56.99,0.4071,9,6,agent:7|user:2,published,waga-index-v1,snap_2026-07-25T06_v1
2026-06-05,Addis Ababa,Addis Ababa,Atikilt Tera,9.03,38.745,cereals and tubers,Maize,KG,actual,Retail,ETB,,,0,0,,insufficient_data,waga-index-v1,snap_2026-07-25T06_v1
2026-06-05,Addis Ababa,Addis Ababa,Atikilt Tera,9.03,38.745,vegetables and fruits,Onion,KG,actual,Retail,ETB,33.11,0.2365,4,3,agent:3|user:1,published,waga-index-v1,snap_2026-07-25T06_v1
2026-06-05,Addis Ababa,Addis Ababa,Atikilt Tera,9.03,38.745,oil and fats,Cooking oil,L,actual,Retail,ETB,146.52,1.0466,9,6,agent:7|user:2,published,waga-index-v1,snap_2026-07-25T06_v1
2026-06-05,Addis Ababa,Addis Ababa,Asko,9.0489,38.6889,cereals and tubers,Teff (mixed),KG,actual,Retail,ETB,93.54,0.6681,4,3,agent:3|user:1,published,waga-index-v1,snap_2026-07-25T06_v1
2026-06-05,Addis Ababa,Addis Ababa,Asko,9.0489,38.6889,cereals and tubers,Wheat,KG,actual,Retail,ETB,58.67,0.4191,6,4,agent:4|user:2,published,waga-index-v1,snap_2026-07-25T06_v1
2026-06-05,Addis Ababa,Addis Ababa,Asko,9.0489,38.6889,cereals and tubers,Maize,KG,actual,Retail,ETB,38.89,0.2778,9,6,agent:7|user:2,published,waga-index-v1,snap_2026-07-25T06_v1
2026-06-05,Addis Ababa,Addis Ababa,Asko,9.0489,38.6889,vegetables and fruits,Onion,KG,actual,Retail,ETB,37.97,0.2712,6,4,agent:4|user:2,published,waga-index-v1,snap_2026-07-25T06_v1
2026-06-05,Addis Ababa,Addis Ababa,Asko,9.0489,38.6889,oil and fats,Cooking oil,L,actual,Retail,ETB,155.39,1.1099,4,3,agent:3|user:1,published,waga-index-v1,snap_2026-07-25T06_v1
2026-06-05,Addis Ababa,Addis Ababa,Saris,8.9797,38.7622,cereals and tubers,Teff (mixed),KG,actual,Retail,ETB,92.23,0.6588,4,3,agent:3|user:1,published,waga-index-v1,snap_2026-07-25T06_v1
2026-06-05,Addis Ababa,Addis Ababa,Saris,8.9797,38.7622,cereals and tubers,Wheat,KG,actual,Retail,ETB,58.63,0.4188,6,4,agent:4|user:2,published,waga-index-v1,snap_2026-07-25T06_v1
2026-06-05,Addis Ababa,Addis Ababa,Saris,8.9797,38.7622,cereals and tubers,Maize,KG,actual,Retail,ETB,38.81,0.2772,9,6,agent:7|user:2,published,waga-index-v1,snap_2026-07-25T06_v1
2026-06-05,Addis Ababa,Addis Ababa,Saris,8.9797,38.7622,vegetables and fruits,Onion,KG,actual,Retail,ETB,37.99,0.2714,7,5,agent:5|user:2,published,waga-index-v1,snap_2026-07-25T06_v1
2026-06-05,Addis Ababa,Addis Ababa,Saris,8.9797,38.7622,oil and fats,Cooking oil,L,actual,Retail,ETB,158.47,1.1319,3,2,agent:2|user:1,published,waga-index-v1,snap_2026-07-25T06_v1
2026-06-05,Addis Ababa,Addis Ababa,Akaki,8.8939,38.8069,cereals and tubers,Teff (mixed),KG,actual,Retail,ETB,,,1,1,agent:1,insufficient_data,waga-index-v1,snap_2026-07-25T06_v1
2026-06-05,Addis Ababa,Addis Ababa,Akaki,8.8939,38.8069,cereals and tubers,Wheat,KG,actual,Retail,ETB,58.33,0.4166,9,6,agent:7|user:2,published,waga-index-v1,snap_2026-07-25T06_v1
2026-06-05,Addis Ababa,Addis Ababa,Akaki,8.8939,38.8069,cereals and tubers,Maize,KG,actual,Retail,ETB,39.64,0.2831,7,5,agent:5|user:2,published,waga-index-v1,snap_2026-07-25T06_v1
2026-06-05,Addis Ababa,Addis Ababa,Akaki,8.8939,38.8069,vegetables and fruits,Onion,KG,actual,Retail,ETB,38.10,0.2721,5,3,agent:4|user:1,published,waga-index-v1,snap_2026-07-25T06_v1
2026-06-05,Addis Ababa,Addis Ababa,Akaki,8.8939,38.8069,oil and fats,Cooking oil,L,actual,Retail,ETB,157.10,1.1221,8,5,agent:6|user:2,published,waga-index-v1,snap_2026-07-25T06_v1
2026-06-05,Addis Ababa,Addis Ababa,Kera,8.9994,38.7481,cereals and tubers,Teff (mixed),KG,actual,Retail,ETB,96.58,0.6899,6,4,agent:4|user:2,published,waga-index-v1,snap_2026-07-25T06_v1
2026-06-05,Addis Ababa,Addis Ababa,Kera,8.9994,38.7481,cereals and tubers,Wheat,KG,actual,Retail,ETB,60.75,0.4339,5,3,agent:4|user:1,published,waga-index-v1,snap_2026-07-25T06_v1
2026-06-05,Addis Ababa,Addis Ababa,Kera,8.9994,38.7481,cereals and tubers,Maize,KG,actual,Retail,ETB,40.95,0.2925,4,3,agent:3|user:1,published,waga-index-v1,snap_2026-07-25T06_v1
2026-06-05,Addis Ababa,Addis Ababa,Kera,8.9994,38.7481,vegetables and fruits,Onion,KG,actual,Retail,ETB,39.35,0.2811,8,5,agent:6|user:2,published,waga-index-v1,snap_2026-07-25T06_v1
2026-06-05,Addis Ababa,Addis Ababa,Kera,8.9994,38.7481,oil and fats,Cooking oil,L,actual,Retail,ETB,164.91,1.1779,5,3,agent:4|user:1,published,waga-index-v1,snap_2026-07-25T06_v1
2026-06-05,Addis Ababa,Addis Ababa,Shola Gebeya,9.0244,38.7986,cereals and tubers,Teff (mixed),KG,actual,Retail,ETB,98.35,0.7025,7,5,agent:5|user:2,published,waga-index-v1,snap_2026-07-25T06_v1
2026-06-05,Addis Ababa,Addis Ababa,Shola Gebeya,9.0244,38.7986,cereals and tubers,Wheat,KG,actual,Retail,ETB,61.71,0.4408,5,3,agent:4|user:1,published,waga-index-v1,snap_2026-07-25T06_v1
2026-06-05,Addis Ababa,Addis Ababa,Shola Gebeya,9.0244,38.7986,cereals and tubers,Maize,KG,actual,Retail,ETB,41.83,0.2988,3,2,agent:2|user:1,published,waga-index-v1,snap_2026-07-25T06_v1
2026-06-05,Addis Ababa,Addis Ababa,Shola Gebeya,9.0244,38.7986,vegetables and fruits,Onion,KG,actual,Retail,ETB,41.90,0.2993,3,2,agent:2|user:1,published,waga-index-v1,snap_2026-07-25T06_v1
2026-06-05,Addis Ababa,Addis Ababa,Shola Gebeya,9.0244,38.7986,oil and fats,Cooking oil,L,actual,Retail,ETB,169.22,1.2087,9,6,agent:7|user:2,published,waga-index-v1,snap_2026-07-25T06_v1
2026-06-05,Addis Ababa,Addis Ababa,Piazza,9.0356,38.7522,cereals and tubers,Teff (mixed),KG,actual,Retail,ETB,101.42,0.7244,5,3,agent:4|user:1,published,waga-index-v1,snap_2026-07-25T06_v1
2026-06-05,Addis Ababa,Addis Ababa,Piazza,9.0356,38.7522,cereals and tubers,Wheat,KG,actual,Retail,ETB,63.22,0.4516,9,6,agent:7|user:2,published,waga-index-v1,snap_2026-07-25T06_v1
2026-06-05,Addis Ababa,Addis Ababa,Piazza,9.0356,38.7522,cereals and tubers,Maize,KG,actual,Retail,ETB,42.59,0.3042,5,3,agent:4|user:1,published,waga-index-v1,snap_2026-07-25T06_v1
2026-06-05,Addis Ababa,Addis Ababa,Piazza,9.0356,38.7522,vegetables and fruits,Onion,KG,actual,Retail,ETB,41.15,0.2939,6,4,agent:4|user:2,published,waga-index-v1,snap_2026-07-25T06_v1
2026-06-05,Addis Ababa,Addis Ababa,Piazza,9.0356,38.7522,oil and fats,Cooking oil,L,actual,Retail,ETB,173.62,1.2401,9,6,agent:7|user:2,published,waga-index-v1,snap_2026-07-25T06_v1
2026-06-06,Addis Ababa,Addis Ababa,Merkato,9.0341,38.7395,cereals and tubers,Teff (mixed),KG,actual,Retail,ETB,,,1,1,agent:1,insufficient_data,waga-index-v1,snap_2026-07-25T06_v1
2026-06-06,Addis Ababa,Addis Ababa,Merkato,9.0341,38.7395,cereals and tubers,Wheat,KG,actual,Retail,ETB,53.15,0.3796,4,3,agent:3|user:1,published,waga-index-v1,snap_2026-07-25T06_v1
2026-06-06,Addis Ababa,Addis Ababa,Merkato,9.0341,38.7395,cereals and tubers,Maize,KG,actual,Retail,ETB,35.31,0.2522,6,4,agent:4|user:2,published,waga-index-v1,snap_2026-07-25T06_v1
2026-06-06,Addis Ababa,Addis Ababa,Merkato,9.0341,38.7395,vegetables and fruits,Onion,KG,actual,Retail,ETB,36.50,0.2607,7,5,agent:5|user:2,published,waga-index-v1,snap_2026-07-25T06_v1
2026-06-06,Addis Ababa,Addis Ababa,Merkato,9.0341,38.7395,oil and fats,Cooking oil,L,actual,Retail,ETB,154.72,1.1051,5,3,agent:4|user:1,published,waga-index-v1,snap_2026-07-25T06_v1
2026-06-06,Addis Ababa,Addis Ababa,Ehil Berenda,9.0333,38.7389,cereals and tubers,Teff (mixed),KG,actual,Retail,ETB,83.15,0.5939,6,4,agent:4|user:2,published,waga-index-v1,snap_2026-07-25T06_v1
2026-06-06,Addis Ababa,Addis Ababa,Ehil Berenda,9.0333,38.7389,cereals and tubers,Wheat,KG,actual,Retail,ETB,56.88,0.4063,9,6,agent:7|user:2,published,waga-index-v1,snap_2026-07-25T06_v1
2026-06-06,Addis Ababa,Addis Ababa,Ehil Berenda,9.0333,38.7389,cereals and tubers,Maize,KG,actual,Retail,ETB,38.11,0.2722,6,4,agent:4|user:2,published,waga-index-v1,snap_2026-07-25T06_v1
2026-06-06,Addis Ababa,Addis Ababa,Ehil Berenda,9.0333,38.7389,vegetables and fruits,Onion,KG,actual,Retail,ETB,36.44,0.2603,9,6,agent:7|user:2,published,waga-index-v1,snap_2026-07-25T06_v1
2026-06-06,Addis Ababa,Addis Ababa,Ehil Berenda,9.0333,38.7389,oil and fats,Cooking oil,L,actual,Retail,ETB,152.80,1.0914,3,2,agent:2|user:1,published,waga-index-v1,snap_2026-07-25T06_v1
2026-06-06,Addis Ababa,Addis Ababa,Atikilt Tera,9.03,38.745,cereals and tubers,Teff (mixed),KG,actual,Retail,ETB,91.85,0.6561,3,2,agent:2|user:1,published,waga-index-v1,snap_2026-07-25T06_v1
2026-06-06,Addis Ababa,Addis Ababa,Atikilt Tera,9.03,38.745,cereals and tubers,Wheat,KG,actual,Retail,ETB,57.73,0.4124,7,5,agent:5|user:2,published,waga-index-v1,snap_2026-07-25T06_v1
2026-06-06,Addis Ababa,Addis Ababa,Atikilt Tera,9.03,38.745,cereals and tubers,Maize,KG,actual,Retail,ETB,38.58,0.2756,4,3,agent:3|user:1,published,waga-index-v1,snap_2026-07-25T06_v1
2026-06-06,Addis Ababa,Addis Ababa,Atikilt Tera,9.03,38.745,vegetables and fruits,Onion,KG,actual,Retail,ETB,33.83,0.2416,5,3,agent:4|user:1,published,waga-index-v1,snap_2026-07-25T06_v1
2026-06-06,Addis Ababa,Addis Ababa,Atikilt Tera,9.03,38.745,oil and fats,Cooking oil,L,actual,Retail,ETB,146.82,1.0487,9,6,agent:7|user:2,published,waga-index-v1,snap_2026-07-25T06_v1
2026-06-06,Addis Ababa,Addis Ababa,Asko,9.0489,38.6889,cereals and tubers,Teff (mixed),KG,actual,Retail,ETB,93.79,0.6699,7,5,agent:5|user:2,published,waga-index-v1,snap_2026-07-25T06_v1
2026-06-06,Addis Ababa,Addis Ababa,Asko,9.0489,38.6889,cereals and tubers,Wheat,KG,actual,Retail,ETB,59.81,0.4272,6,4,agent:4|user:2,published,waga-index-v1,snap_2026-07-25T06_v1
2026-06-06,Addis Ababa,Addis Ababa,Asko,9.0489,38.6889,cereals and tubers,Maize,KG,actual,Retail,ETB,38.80,0.2771,3,2,agent:2|user:1,published,waga-index-v1,snap_2026-07-25T06_v1
2026-06-06,Addis Ababa,Addis Ababa,Asko,9.0489,38.6889,vegetables and fruits,Onion,KG,actual,Retail,ETB,38.79,0.2771,3,2,agent:2|user:1,published,waga-index-v1,snap_2026-07-25T06_v1
2026-06-06,Addis Ababa,Addis Ababa,Asko,9.0489,38.6889,oil and fats,Cooking oil,L,actual,Retail,ETB,155.43,1.1102,8,5,agent:6|user:2,published,waga-index-v1,snap_2026-07-25T06_v1
2026-06-06,Addis Ababa,Addis Ababa,Saris,8.9797,38.7622,cereals and tubers,Teff (mixed),KG,actual,Retail,ETB,92.68,0.6620,6,4,agent:4|user:2,published,waga-index-v1,snap_2026-07-25T06_v1
2026-06-06,Addis Ababa,Addis Ababa,Saris,8.9797,38.7622,cereals and tubers,Wheat,KG,actual,Retail,ETB,58.44,0.4174,9,6,agent:7|user:2,published,waga-index-v1,snap_2026-07-25T06_v1
2026-06-06,Addis Ababa,Addis Ababa,Saris,8.9797,38.7622,cereals and tubers,Maize,KG,actual,Retail,ETB,38.80,0.2771,8,5,agent:6|user:2,published,waga-index-v1,snap_2026-07-25T06_v1
2026-06-06,Addis Ababa,Addis Ababa,Saris,8.9797,38.7622,vegetables and fruits,Onion,KG,actual,Retail,ETB,38.22,0.2730,3,2,agent:2|user:1,published,waga-index-v1,snap_2026-07-25T06_v1
2026-06-06,Addis Ababa,Addis Ababa,Saris,8.9797,38.7622,oil and fats,Cooking oil,L,actual,Retail,ETB,157.50,1.1250,5,3,agent:4|user:1,published,waga-index-v1,snap_2026-07-25T06_v1
2026-06-06,Addis Ababa,Addis Ababa,Akaki,8.8939,38.8069,cereals and tubers,Teff (mixed),KG,actual,Retail,ETB,,,1,1,agent:1,insufficient_data,waga-index-v1,snap_2026-07-25T06_v1
2026-06-06,Addis Ababa,Addis Ababa,Akaki,8.8939,38.8069,cereals and tubers,Wheat,KG,actual,Retail,ETB,,,2,2,agent:2,insufficient_data,waga-index-v1,snap_2026-07-25T06_v1
2026-06-06,Addis Ababa,Addis Ababa,Akaki,8.8939,38.8069,cereals and tubers,Maize,KG,actual,Retail,ETB,39.73,0.2838,8,5,agent:6|user:2,published,waga-index-v1,snap_2026-07-25T06_v1
2026-06-06,Addis Ababa,Addis Ababa,Akaki,8.8939,38.8069,vegetables and fruits,Onion,KG,actual,Retail,ETB,37.98,0.2713,9,6,agent:7|user:2,published,waga-index-v1,snap_2026-07-25T06_v1
2026-06-06,Addis Ababa,Addis Ababa,Akaki,8.8939,38.8069,oil and fats,Cooking oil,L,actual,Retail,ETB,156.91,1.1208,3,2,agent:2|user:1,published,waga-index-v1,snap_2026-07-25T06_v1
2026-06-06,Addis Ababa,Addis Ababa,Kera,8.9994,38.7481,cereals and tubers,Teff (mixed),KG,actual,Retail,ETB,95.71,0.6836,5,3,agent:4|user:1,published,waga-index-v1,snap_2026-07-25T06_v1
2026-06-06,Addis Ababa,Addis Ababa,Kera,8.9994,38.7481,cereals and tubers,Wheat,KG,actual,Retail,ETB,60.86,0.4347,6,4,agent:4|user:2,published,waga-index-v1,snap_2026-07-25T06_v1
2026-06-06,Addis Ababa,Addis Ababa,Kera,8.9994,38.7481,cereals and tubers,Maize,KG,actual,Retail,ETB,40.58,0.2899,8,5,agent:6|user:2,published,waga-index-v1,snap_2026-07-25T06_v1
2026-06-06,Addis Ababa,Addis Ababa,Kera,8.9994,38.7481,vegetables and fruits,Onion,KG,actual,Retail,ETB,39.33,0.2809,4,3,agent:3|user:1,published,waga-index-v1,snap_2026-07-25T06_v1
2026-06-06,Addis Ababa,Addis Ababa,Kera,8.9994,38.7481,oil and fats,Cooking oil,L,actual,Retail,ETB,166.75,1.1911,6,4,agent:4|user:2,published,waga-index-v1,snap_2026-07-25T06_v1
2026-06-06,Addis Ababa,Addis Ababa,Shola Gebeya,9.0244,38.7986,cereals and tubers,Teff (mixed),KG,actual,Retail,ETB,98.84,0.7060,6,4,agent:4|user:2,published,waga-index-v1,snap_2026-07-25T06_v1
2026-06-06,Addis Ababa,Addis Ababa,Shola Gebeya,9.0244,38.7986,cereals and tubers,Wheat,KG,actual,Retail,ETB,62.50,0.4464,8,5,agent:6|user:2,published,waga-index-v1,snap_2026-07-25T06_v1
2026-06-06,Addis Ababa,Addis Ababa,Shola Gebeya,9.0244,38.7986,cereals and tubers,Maize,KG,actual,Retail,ETB,41.76,0.2983,5,3,agent:4|user:1,published,waga-index-v1,snap_2026-07-25T06_v1
2026-06-06,Addis Ababa,Addis Ababa,Shola Gebeya,9.0244,38.7986,vegetables and fruits,Onion,KG,actual,Retail,ETB,42.52,0.3037,7,5,agent:5|user:2,published,waga-index-v1,snap_2026-07-25T06_v1
2026-06-06,Addis Ababa,Addis Ababa,Shola Gebeya,9.0244,38.7986,oil and fats,Cooking oil,L,actual,Retail,ETB,169.70,1.2121,8,5,agent:6|user:2,published,waga-index-v1,snap_2026-07-25T06_v1
2026-06-06,Addis Ababa,Addis Ababa,Piazza,9.0356,38.7522,cereals and tubers,Teff (mixed),KG,actual,Retail,ETB,102.71,0.7336,7,5,agent:5|user:2,published,waga-index-v1,snap_2026-07-25T06_v1
2026-06-06,Addis Ababa,Addis Ababa,Piazza,9.0356,38.7522,cereals and tubers,Wheat,KG,actual,Retail,ETB,,,2,2,agent:2,insufficient_data,waga-index-v1,snap_2026-07-25T06_v1
2026-06-06,Addis Ababa,Addis Ababa,Piazza,9.0356,38.7522,cereals and tubers,Maize,KG,actual,Retail,ETB,42.56,0.3040,6,4,agent:4|user:2,published,waga-index-v1,snap_2026-07-25T06_v1
2026-06-06,Addis Ababa,Addis Ababa,Piazza,9.0356,38.7522,vegetables and fruits,Onion,KG,actual,Retail,ETB,41.27,0.2948,8,5,agent:6|user:2,published,waga-index-v1,snap_2026-07-25T06_v1
2026-06-06,Addis Ababa,Addis Ababa,Piazza,9.0356,38.7522,oil and fats,Cooking oil,L,actual,Retail,ETB,173.77,1.2412,4,3,agent:3|user:1,published,waga-index-v1,snap_2026-07-25T06_v1
2026-06-07,Addis Ababa,Addis Ababa,Merkato,9.0341,38.7395,cereals and tubers,Teff (mixed),KG,actual,Retail,ETB,88.24,0.6303,9,6,agent:7|user:2,published,waga-index-v1,snap_2026-07-25T06_v1
2026-06-07,Addis Ababa,Addis Ababa,Merkato,9.0341,38.7395,cereals and tubers,Wheat,KG,actual,Retail,ETB,53.28,0.3806,6,4,agent:4|user:2,published,waga-index-v1,snap_2026-07-25T06_v1
2026-06-07,Addis Ababa,Addis Ababa,Merkato,9.0341,38.7395,cereals and tubers,Maize,KG,actual,Retail,ETB,35.04,0.2503,8,5,agent:6|user:2,published,waga-index-v1,snap_2026-07-25T06_v1
2026-06-07,Addis Ababa,Addis Ababa,Merkato,9.0341,38.7395,vegetables and fruits,Onion,KG,actual,Retail,ETB,36.40,0.2600,4,3,agent:3|user:1,published,waga-index-v1,snap_2026-07-25T06_v1
2026-06-07,Addis Ababa,Addis Ababa,Merkato,9.0341,38.7395,oil and fats,Cooking oil,L,actual,Retail,ETB,153.68,1.0977,5,3,agent:4|user:1,published,waga-index-v1,snap_2026-07-25T06_v1
2026-06-07,Addis Ababa,Addis Ababa,Ehil Berenda,9.0333,38.7389,cereals and tubers,Teff (mixed),KG,actual,Retail,ETB,,,1,1,agent:1,insufficient_data,waga-index-v1,snap_2026-07-25T06_v1
2026-06-07,Addis Ababa,Addis Ababa,Ehil Berenda,9.0333,38.7389,cereals and tubers,Wheat,KG,actual,Retail,ETB,,,0,0,,insufficient_data,waga-index-v1,snap_2026-07-25T06_v1
2026-06-07,Addis Ababa,Addis Ababa,Ehil Berenda,9.0333,38.7389,cereals and tubers,Maize,KG,actual,Retail,ETB,,,1,1,agent:1,insufficient_data,waga-index-v1,snap_2026-07-25T06_v1
2026-06-07,Addis Ababa,Addis Ababa,Ehil Berenda,9.0333,38.7389,vegetables and fruits,Onion,KG,actual,Retail,ETB,36.46,0.2604,7,5,agent:5|user:2,published,waga-index-v1,snap_2026-07-25T06_v1
2026-06-07,Addis Ababa,Addis Ababa,Ehil Berenda,9.0333,38.7389,oil and fats,Cooking oil,L,actual,Retail,ETB,151.88,1.0849,8,5,agent:6|user:2,published,waga-index-v1,snap_2026-07-25T06_v1
2026-06-07,Addis Ababa,Addis Ababa,Atikilt Tera,9.03,38.745,cereals and tubers,Teff (mixed),KG,actual,Retail,ETB,,,1,1,agent:1,insufficient_data,waga-index-v1,snap_2026-07-25T06_v1
2026-06-07,Addis Ababa,Addis Ababa,Atikilt Tera,9.03,38.745,cereals and tubers,Wheat,KG,actual,Retail,ETB,57.07,0.4076,4,3,agent:3|user:1,published,waga-index-v1,snap_2026-07-25T06_v1
2026-06-07,Addis Ababa,Addis Ababa,Atikilt Tera,9.03,38.745,cereals and tubers,Maize,KG,actual,Retail,ETB,,,2,2,agent:2,insufficient_data,waga-index-v1,snap_2026-07-25T06_v1
2026-06-07,Addis Ababa,Addis Ababa,Atikilt Tera,9.03,38.745,vegetables and fruits,Onion,KG,actual,Retail,ETB,34.05,0.2432,5,3,agent:4|user:1,published,waga-index-v1,snap_2026-07-25T06_v1
2026-06-07,Addis Ababa,Addis Ababa,Atikilt Tera,9.03,38.745,oil and fats,Cooking oil,L,actual,Retail,ETB,144.76,1.0340,8,5,agent:6|user:2,published,waga-index-v1,snap_2026-07-25T06_v1
2026-06-07,Addis Ababa,Addis Ababa,Asko,9.0489,38.6889,cereals and tubers,Teff (mixed),KG,actual,Retail,ETB,93.85,0.6704,7,5,agent:5|user:2,published,waga-index-v1,snap_2026-07-25T06_v1
2026-06-07,Addis Ababa,Addis Ababa,Asko,9.0489,38.6889,cereals and tubers,Wheat,KG,actual,Retail,ETB,58.82,0.4201,9,6,agent:7|user:2,published,waga-index-v1,snap_2026-07-25T06_v1
2026-06-07,Addis Ababa,Addis Ababa,Asko,9.0489,38.6889,cereals and tubers,Maize,KG,actual,Retail,ETB,38.73,0.2766,5,3,agent:4|user:1,published,waga-index-v1,snap_2026-07-25T06_v1
2026-06-07,Addis Ababa,Addis Ababa,Asko,9.0489,38.6889,vegetables and fruits,Onion,KG,actual,Retail,ETB,38.30,0.2736,6,4,agent:4|user:2,published,waga-index-v1,snap_2026-07-25T06_v1
2026-06-07,Addis Ababa,Addis Ababa,Asko,9.0489,38.6889,oil and fats,Cooking oil,L,actual,Retail,ETB,154.98,1.1070,6,4,agent:4|user:2,published,waga-index-v1,snap_2026-07-25T06_v1
2026-06-07,Addis Ababa,Addis Ababa,Saris,8.9797,38.7622,cereals and tubers,Teff (mixed),KG,actual,Retail,ETB,92.41,0.6601,4,3,agent:3|user:1,published,waga-index-v1,snap_2026-07-25T06_v1
2026-06-07,Addis Ababa,Addis Ababa,Saris,8.9797,38.7622,cereals and tubers,Wheat,KG,actual,Retail,ETB,59.00,0.4214,6,4,agent:4|user:2,published,waga-index-v1,snap_2026-07-25T06_v1
2026-06-07,Addis Ababa,Addis Ababa,Saris,8.9797,38.7622,cereals and tubers,Maize,KG,actual,Retail,ETB,38.60,0.2757,4,3,agent:3|user:1,published,waga-index-v1,snap_2026-07-25T06_v1
2026-06-07,Addis Ababa,Addis Ababa,Saris,8.9797,38.7622,vegetables and fruits,Onion,KG,actual,Retail,ETB,38.46,0.2747,9,6,agent:7|user:2,published,waga-index-v1,snap_2026-07-25T06_v1
2026-06-07,Addis Ababa,Addis Ababa,Saris,8.9797,38.7622,oil and fats,Cooking oil,L,actual,Retail,ETB,159.03,1.1359,4,3,agent:3|user:1,published,waga-index-v1,snap_2026-07-25T06_v1
2026-06-07,Addis Ababa,Addis Ababa,Akaki,8.8939,38.8069,cereals and tubers,Teff (mixed),KG,actual,Retail,ETB,92.91,0.6636,7,5,agent:5|user:2,published,waga-index-v1,snap_2026-07-25T06_v1
2026-06-07,Addis Ababa,Addis Ababa,Akaki,8.8939,38.8069,cereals and tubers,Wheat,KG,actual,Retail,ETB,,,2,2,agent:2,insufficient_data,waga-index-v1,snap_2026-07-25T06_v1
2026-06-07,Addis Ababa,Addis Ababa,Akaki,8.8939,38.8069,cereals and tubers,Maize,KG,actual,Retail,ETB,40.18,0.2870,5,3,agent:4|user:1,published,waga-index-v1,snap_2026-07-25T06_v1
2026-06-07,Addis Ababa,Addis Ababa,Akaki,8.8939,38.8069,vegetables and fruits,Onion,KG,actual,Retail,ETB,38.43,0.2745,9,6,agent:7|user:2,published,waga-index-v1,snap_2026-07-25T06_v1
2026-06-07,Addis Ababa,Addis Ababa,Akaki,8.8939,38.8069,oil and fats,Cooking oil,L,actual,Retail,ETB,157.20,1.1229,9,6,agent:7|user:2,published,waga-index-v1,snap_2026-07-25T06_v1
2026-06-07,Addis Ababa,Addis Ababa,Kera,8.9994,38.7481,cereals and tubers,Teff (mixed),KG,actual,Retail,ETB,96.03,0.6859,4,3,agent:3|user:1,published,waga-index-v1,snap_2026-07-25T06_v1
2026-06-07,Addis Ababa,Addis Ababa,Kera,8.9994,38.7481,cereals and tubers,Wheat,KG,actual,Retail,ETB,59.31,0.4236,4,3,agent:3|user:1,published,waga-index-v1,snap_2026-07-25T06_v1
2026-06-07,Addis Ababa,Addis Ababa,Kera,8.9994,38.7481,cereals and tubers,Maize,KG,actual,Retail,ETB,40.25,0.2875,7,5,agent:5|user:2,published,waga-index-v1,snap_2026-07-25T06_v1
2026-06-07,Addis Ababa,Addis Ababa,Kera,8.9994,38.7481,vegetables and fruits,Onion,KG,actual,Retail,ETB,39.41,0.2815,8,5,agent:6|user:2,published,waga-index-v1,snap_2026-07-25T06_v1
2026-06-07,Addis Ababa,Addis Ababa,Kera,8.9994,38.7481,oil and fats,Cooking oil,L,actual,Retail,ETB,165.37,1.1812,6,4,agent:4|user:2,published,waga-index-v1,snap_2026-07-25T06_v1
2026-06-07,Addis Ababa,Addis Ababa,Shola Gebeya,9.0244,38.7986,cereals and tubers,Teff (mixed),KG,actual,Retail,ETB,98.12,0.7009,6,4,agent:4|user:2,published,waga-index-v1,snap_2026-07-25T06_v1
2026-06-07,Addis Ababa,Addis Ababa,Shola Gebeya,9.0244,38.7986,cereals and tubers,Wheat,KG,actual,Retail,ETB,61.94,0.4424,3,2,agent:2|user:1,published,waga-index-v1,snap_2026-07-25T06_v1
2026-06-07,Addis Ababa,Addis Ababa,Shola Gebeya,9.0244,38.7986,cereals and tubers,Maize,KG,actual,Retail,ETB,42.17,0.3012,4,3,agent:3|user:1,published,waga-index-v1,snap_2026-07-25T06_v1
2026-06-07,Addis Ababa,Addis Ababa,Shola Gebeya,9.0244,38.7986,vegetables and fruits,Onion,KG,actual,Retail,ETB,41.86,0.2990,5,3,agent:4|user:1,published,waga-index-v1,snap_2026-07-25T06_v1
2026-06-07,Addis Ababa,Addis Ababa,Shola Gebeya,9.0244,38.7986,oil and fats,Cooking oil,L,actual,Retail,ETB,,,0,0,,insufficient_data,waga-index-v1,snap_2026-07-25T06_v1
2026-06-07,Addis Ababa,Addis Ababa,Piazza,9.0356,38.7522,cereals and tubers,Teff (mixed),KG,actual,Retail,ETB,102.21,0.7301,8,5,agent:6|user:2,published,waga-index-v1,snap_2026-07-25T06_v1
2026-06-07,Addis Ababa,Addis Ababa,Piazza,9.0356,38.7522,cereals and tubers,Wheat,KG,actual,Retail,ETB,62.49,0.4464,7,5,agent:5|user:2,published,waga-index-v1,snap_2026-07-25T06_v1
2026-06-07,Addis Ababa,Addis Ababa,Piazza,9.0356,38.7522,cereals and tubers,Maize,KG,actual,Retail,ETB,42.25,0.3018,4,3,agent:3|user:1,published,waga-index-v1,snap_2026-07-25T06_v1
2026-06-07,Addis Ababa,Addis Ababa,Piazza,9.0356,38.7522,vegetables and fruits,Onion,KG,actual,Retail,ETB,41.27,0.2948,3,2,agent:2|user:1,published,waga-index-v1,snap_2026-07-25T06_v1
2026-06-07,Addis Ababa,Addis Ababa,Piazza,9.0356,38.7522,oil and fats,Cooking oil,L,actual,Retail,ETB,172.64,1.2331,9,6,agent:7|user:2,published,waga-index-v1,snap_2026-07-25T06_v1
2026-06-08,Addis Ababa,Addis Ababa,Merkato,9.0341,38.7395,cereals and tubers,Teff (mixed),KG,actual,Retail,ETB,87.89,0.6278,7,5,agent:5|user:2,published,waga-index-v1,snap_2026-07-25T06_v1
2026-06-08,Addis Ababa,Addis Ababa,Merkato,9.0341,38.7395,cereals and tubers,Wheat,KG,actual,Retail,ETB,52.88,0.3777,4,3,agent:3|user:1,published,waga-index-v1,snap_2026-07-25T06_v1
2026-06-08,Addis Ababa,Addis Ababa,Merkato,9.0341,38.7395,cereals and tubers,Maize,KG,actual,Retail,ETB,35.46,0.2533,9,6,agent:7|user:2,published,waga-index-v1,snap_2026-07-25T06_v1
2026-06-08,Addis Ababa,Addis Ababa,Merkato,9.0341,38.7395,vegetables and fruits,Onion,KG,actual,Retail,ETB,37.04,0.2646,5,3,agent:4|user:1,published,waga-index-v1,snap_2026-07-25T06_v1
2026-06-08,Addis Ababa,Addis Ababa,Merkato,9.0341,38.7395,oil and fats,Cooking oil,L,actual,Retail,ETB,151.53,1.0824,4,3,agent:3|user:1,published,waga-index-v1,snap_2026-07-25T06_v1
2026-06-08,Addis Ababa,Addis Ababa,Ehil Berenda,9.0333,38.7389,cereals and tubers,Teff (mixed),KG,actual,Retail,ETB,83.12,0.5937,5,3,agent:4|user:1,published,waga-index-v1,snap_2026-07-25T06_v1
2026-06-08,Addis Ababa,Addis Ababa,Ehil Berenda,9.0333,38.7389,cereals and tubers,Wheat,KG,actual,Retail,ETB,56.88,0.4063,5,3,agent:4|user:1,published,waga-index-v1,snap_2026-07-25T06_v1
2026-06-08,Addis Ababa,Addis Ababa,Ehil Berenda,9.0333,38.7389,cereals and tubers,Maize,KG,actual,Retail,ETB,37.57,0.2684,8,5,agent:6|user:2,published,waga-index-v1,snap_2026-07-25T06_v1
2026-06-08,Addis Ababa,Addis Ababa,Ehil Berenda,9.0333,38.7389,vegetables and fruits,Onion,KG,actual,Retail,ETB,36.60,0.2614,8,5,agent:6|user:2,published,waga-index-v1,snap_2026-07-25T06_v1
2026-06-08,Addis Ababa,Addis Ababa,Ehil Berenda,9.0333,38.7389,oil and fats,Cooking oil,L,actual,Retail,ETB,153.61,1.0972,4,3,agent:3|user:1,published,waga-index-v1,snap_2026-07-25T06_v1
2026-06-08,Addis Ababa,Addis Ababa,Atikilt Tera,9.03,38.745,cereals and tubers,Teff (mixed),KG,actual,Retail,ETB,92.40,0.6600,8,5,agent:6|user:2,published,waga-index-v1,snap_2026-07-25T06_v1
2026-06-08,Addis Ababa,Addis Ababa,Atikilt Tera,9.03,38.745,cereals and tubers,Wheat,KG,actual,Retail,ETB,57.54,0.4110,4,3,agent:3|user:1,published,waga-index-v1,snap_2026-07-25T06_v1
2026-06-08,Addis Ababa,Addis Ababa,Atikilt Tera,9.03,38.745,cereals and tubers,Maize,KG,actual,Retail,ETB,38.33,0.2738,7,5,agent:5|user:2,published,waga-index-v1,snap_2026-07-25T06_v1
2026-06-08,Addis Ababa,Addis Ababa,Atikilt Tera,9.03,38.745,vegetables and fruits,Onion,KG,actual,Retail,ETB,34.00,0.2429,4,3,agent:3|user:1,published,waga-index-v1,snap_2026-07-25T06_v1
2026-06-08,Addis Ababa,Addis Ababa,Atikilt Tera,9.03,38.745,oil and fats,Cooking oil,L,actual,Retail,ETB,,,2,2,agent:2,insufficient_data,waga-index-v1,snap_2026-07-25T06_v1
2026-06-08,Addis Ababa,Addis Ababa,Asko,9.0489,38.6889,cereals and tubers,Teff (mixed),KG,actual,Retail,ETB,93.13,0.6652,4,3,agent:3|user:1,published,waga-index-v1,snap_2026-07-25T06_v1
2026-06-08,Addis Ababa,Addis Ababa,Asko,9.0489,38.6889,cereals and tubers,Wheat,KG,actual,Retail,ETB,58.48,0.4177,6,4,agent:4|user:2,published,waga-index-v1,snap_2026-07-25T06_v1
2026-06-08,Addis Ababa,Addis Ababa,Asko,9.0489,38.6889,cereals and tubers,Maize,KG,actual,Retail,ETB,38.75,0.2768,8,5,agent:6|user:2,published,waga-index-v1,snap_2026-07-25T06_v1
2026-06-08,Addis Ababa,Addis Ababa,Asko,9.0489,38.6889,vegetables and fruits,Onion,KG,actual,Retail,ETB,38.28,0.2734,9,6,agent:7|user:2,published,waga-index-v1,snap_2026-07-25T06_v1
2026-06-08,Addis Ababa,Addis Ababa,Asko,9.0489,38.6889,oil and fats,Cooking oil,L,actual,Retail,ETB,154.34,1.1024,5,3,agent:4|user:1,published,waga-index-v1,snap_2026-07-25T06_v1
2026-06-08,Addis Ababa,Addis Ababa,Saris,8.9797,38.7622,cereals and tubers,Teff (mixed),KG,actual,Retail,ETB,92.98,0.6641,8,5,agent:6|user:2,published,waga-index-v1,snap_2026-07-25T06_v1
2026-06-08,Addis Ababa,Addis Ababa,Saris,8.9797,38.7622,cereals and tubers,Wheat,KG,actual,Retail,ETB,58.95,0.4211,5,3,agent:4|user:1,published,waga-index-v1,snap_2026-07-25T06_v1
2026-06-08,Addis Ababa,Addis Ababa,Saris,8.9797,38.7622,cereals and tubers,Maize,KG,actual,Retail,ETB,39.30,0.2807,3,2,agent:2|user:1,published,waga-index-v1,snap_2026-07-25T06_v1
2026-06-08,Addis Ababa,Addis Ababa,Saris,8.9797,38.7622,vegetables and fruits,Onion,KG,actual,Retail,ETB,38.30,0.2736,4,3,agent:3|user:1,published,waga-index-v1,snap_2026-07-25T06_v1
2026-06-08,Addis Ababa,Addis Ababa,Saris,8.9797,38.7622,oil and fats,Cooking oil,L,actual,Retail,ETB,159.43,1.1388,3,2,agent:2|user:1,published,waga-index-v1,snap_2026-07-25T06_v1
2026-06-08,Addis Ababa,Addis Ababa,Akaki,8.8939,38.8069,cereals and tubers,Teff (mixed),KG,actual,Retail,ETB,92.67,0.6619,7,5,agent:5|user:2,published,waga-index-v1,snap_2026-07-25T06_v1
2026-06-08,Addis Ababa,Addis Ababa,Akaki,8.8939,38.8069,cereals and tubers,Wheat,KG,actual,Retail,ETB,59.16,0.4226,5,3,agent:4|user:1,published,waga-index-v1,snap_2026-07-25T06_v1
2026-06-08,Addis Ababa,Addis Ababa,Akaki,8.8939,38.8069,cereals and tubers,Maize,KG,actual,Retail,ETB,39.48,0.2820,8,5,agent:6|user:2,published,waga-index-v1,snap_2026-07-25T06_v1
2026-06-08,Addis Ababa,Addis Ababa,Akaki,8.8939,38.8069,vegetables and fruits,Onion,KG,actual,Retail,ETB,38.35,0.2739,6,4,agent:4|user:2,published,waga-index-v1,snap_2026-07-25T06_v1
2026-06-08,Addis Ababa,Addis Ababa,Akaki,8.8939,38.8069,oil and fats,Cooking oil,L,actual,Retail,ETB,158.43,1.1316,9,6,agent:7|user:2,published,waga-index-v1,snap_2026-07-25T06_v1
2026-06-08,Addis Ababa,Addis Ababa,Kera,8.9994,38.7481,cereals and tubers,Teff (mixed),KG,actual,Retail,ETB,95.06,0.6790,5,3,agent:4|user:1,published,waga-index-v1,snap_2026-07-25T06_v1
2026-06-08,Addis Ababa,Addis Ababa,Kera,8.9994,38.7481,cereals and tubers,Wheat,KG,actual,Retail,ETB,59.02,0.4216,3,2,agent:2|user:1,published,waga-index-v1,snap_2026-07-25T06_v1
2026-06-08,Addis Ababa,Addis Ababa,Kera,8.9994,38.7481,cereals and tubers,Maize,KG,actual,Retail,ETB,40.57,0.2898,8,5,agent:6|user:2,published,waga-index-v1,snap_2026-07-25T06_v1
2026-06-08,Addis Ababa,Addis Ababa,Kera,8.9994,38.7481,vegetables and fruits,Onion,KG,actual,Retail,ETB,40.06,0.2861,4,3,agent:3|user:1,published,waga-index-v1,snap_2026-07-25T06_v1
2026-06-08,Addis Ababa,Addis Ababa,Kera,8.9994,38.7481,oil and fats,Cooking oil,L,actual,Retail,ETB,166.86,1.1919,4,3,agent:3|user:1,published,waga-index-v1,snap_2026-07-25T06_v1
2026-06-08,Addis Ababa,Addis Ababa,Shola Gebeya,9.0244,38.7986,cereals and tubers,Teff (mixed),KG,actual,Retail,ETB,99.20,0.7086,5,3,agent:4|user:1,published,waga-index-v1,snap_2026-07-25T06_v1
2026-06-08,Addis Ababa,Addis Ababa,Shola Gebeya,9.0244,38.7986,cereals and tubers,Wheat,KG,actual,Retail,ETB,62.65,0.4475,9,6,agent:7|user:2,published,waga-index-v1,snap_2026-07-25T06_v1
2026-06-08,Addis Ababa,Addis Ababa,Shola Gebeya,9.0244,38.7986,cereals and tubers,Maize,KG,actual,Retail,ETB,42.08,0.3006,5,3,agent:4|user:1,published,waga-index-v1,snap_2026-07-25T06_v1
2026-06-08,Addis Ababa,Addis Ababa,Shola Gebeya,9.0244,38.7986,vegetables and fruits,Onion,KG,actual,Retail,ETB,42.53,0.3038,9,6,agent:7|user:2,published,waga-index-v1,snap_2026-07-25T06_v1
2026-06-08,Addis Ababa,Addis Ababa,Shola Gebeya,9.0244,38.7986,oil and fats,Cooking oil,L,actual,Retail,ETB,168.64,1.2046,5,3,agent:4|user:1,published,waga-index-v1,snap_2026-07-25T06_v1
2026-06-08,Addis Ababa,Addis Ababa,Piazza,9.0356,38.7522,cereals and tubers,Teff (mixed),KG,actual,Retail,ETB,102.38,0.7313,7,5,agent:5|user:2,published,waga-index-v1,snap_2026-07-25T06_v1
2026-06-08,Addis Ababa,Addis Ababa,Piazza,9.0356,38.7522,cereals and tubers,Wheat,KG,actual,Retail,ETB,62.66,0.4476,7,5,agent:5|user:2,published,waga-index-v1,snap_2026-07-25T06_v1
2026-06-08,Addis Ababa,Addis Ababa,Piazza,9.0356,38.7522,cereals and tubers,Maize,KG,actual,Retail,ETB,41.73,0.2981,8,5,agent:6|user:2,published,waga-index-v1,snap_2026-07-25T06_v1
2026-06-08,Addis Ababa,Addis Ababa,Piazza,9.0356,38.7522,vegetables and fruits,Onion,KG,actual,Retail,ETB,41.90,0.2993,4,3,agent:3|user:1,published,waga-index-v1,snap_2026-07-25T06_v1
2026-06-08,Addis Ababa,Addis Ababa,Piazza,9.0356,38.7522,oil and fats,Cooking oil,L,actual,Retail,ETB,172.47,1.2319,4,3,agent:3|user:1,published,waga-index-v1,snap_2026-07-25T06_v1
2026-06-09,Addis Ababa,Addis Ababa,Merkato,9.0341,38.7395,cereals and tubers,Teff (mixed),KG,actual,Retail,ETB,87.22,0.6230,4,3,agent:3|user:1,published,waga-index-v1,snap_2026-07-25T06_v1
2026-06-09,Addis Ababa,Addis Ababa,Merkato,9.0341,38.7395,cereals and tubers,Wheat,KG,actual,Retail,ETB,53.39,0.3814,5,3,agent:4|user:1,published,waga-index-v1,snap_2026-07-25T06_v1
2026-06-09,Addis Ababa,Addis Ababa,Merkato,9.0341,38.7395,cereals and tubers,Maize,KG,actual,Retail,ETB,35.47,0.2534,4,3,agent:3|user:1,published,waga-index-v1,snap_2026-07-25T06_v1
2026-06-09,Addis Ababa,Addis Ababa,Merkato,9.0341,38.7395,vegetables and fruits,Onion,KG,actual,Retail,ETB,36.95,0.2639,8,5,agent:6|user:2,published,waga-index-v1,snap_2026-07-25T06_v1
2026-06-09,Addis Ababa,Addis Ababa,Merkato,9.0341,38.7395,oil and fats,Cooking oil,L,actual,Retail,ETB,152.57,1.0898,8,5,agent:6|user:2,published,waga-index-v1,snap_2026-07-25T06_v1
2026-06-09,Addis Ababa,Addis Ababa,Ehil Berenda,9.0333,38.7389,cereals and tubers,Teff (mixed),KG,actual,Retail,ETB,82.71,0.5908,9,6,agent:7|user:2,published,waga-index-v1,snap_2026-07-25T06_v1
2026-06-09,Addis Ababa,Addis Ababa,Ehil Berenda,9.0333,38.7389,cereals and tubers,Wheat,KG,actual,Retail,ETB,57.71,0.4122,9,6,agent:7|user:2,published,waga-index-v1,snap_2026-07-25T06_v1
2026-06-09,Addis Ababa,Addis Ababa,Ehil Berenda,9.0333,38.7389,cereals and tubers,Maize,KG,actual,Retail,ETB,37.78,0.2699,8,5,agent:6|user:2,published,waga-index-v1,snap_2026-07-25T06_v1
2026-06-09,Addis Ababa,Addis Ababa,Ehil Berenda,9.0333,38.7389,vegetables and fruits,Onion,KG,actual,Retail,ETB,36.52,0.2609,3,2,agent:2|user:1,published,waga-index-v1,snap_2026-07-25T06_v1
2026-06-09,Addis Ababa,Addis Ababa,Ehil Berenda,9.0333,38.7389,oil and fats,Cooking oil,L,actual,Retail,ETB,153.71,1.0979,6,4,agent:4|user:2,published,waga-index-v1,snap_2026-07-25T06_v1
2026-06-09,Addis Ababa,Addis Ababa,Atikilt Tera,9.03,38.745,cereals and tubers,Teff (mixed),KG,actual,Retail,ETB,92.06,0.6576,8,5,agent:6|user:2,published,waga-index-v1,snap_2026-07-25T06_v1
2026-06-09,Addis Ababa,Addis Ababa,Atikilt Tera,9.03,38.745,cereals and tubers,Wheat,KG,actual,Retail,ETB,57.43,0.4102,9,6,agent:7|user:2,published,waga-index-v1,snap_2026-07-25T06_v1
2026-06-09,Addis Ababa,Addis Ababa,Atikilt Tera,9.03,38.745,cereals and tubers,Maize,KG,actual,Retail,ETB,39.12,0.2794,5,3,agent:4|user:1,published,waga-index-v1,snap_2026-07-25T06_v1
2026-06-09,Addis Ababa,Addis Ababa,Atikilt Tera,9.03,38.745,vegetables and fruits,Onion,KG,actual,Retail,ETB,34.08,0.2434,4,3,agent:3|user:1,published,waga-index-v1,snap_2026-07-25T06_v1
2026-06-09,Addis Ababa,Addis Ababa,Atikilt Tera,9.03,38.745,oil and fats,Cooking oil,L,actual,Retail,ETB,148.05,1.0575,3,2,agent:2|user:1,published,waga-index-v1,snap_2026-07-25T06_v1
2026-06-09,Addis Ababa,Addis Ababa,Asko,9.0489,38.6889,cereals and tubers,Teff (mixed),KG,actual,Retail,ETB,94.00,0.6714,7,5,agent:5|user:2,published,waga-index-v1,snap_2026-07-25T06_v1
2026-06-09,Addis Ababa,Addis Ababa,Asko,9.0489,38.6889,cereals and tubers,Wheat,KG,actual,Retail,ETB,58.51,0.4179,3,2,agent:2|user:1,published,waga-index-v1,snap_2026-07-25T06_v1
2026-06-09,Addis Ababa,Addis Ababa,Asko,9.0489,38.6889,cereals and tubers,Maize,KG,actual,Retail,ETB,38.59,0.2756,4,3,agent:3|user:1,published,waga-index-v1,snap_2026-07-25T06_v1
2026-06-09,Addis Ababa,Addis Ababa,Asko,9.0489,38.6889,vegetables and fruits,Onion,KG,actual,Retail,ETB,38.47,0.2748,7,5,agent:5|user:2,published,waga-index-v1,snap_2026-07-25T06_v1
2026-06-09,Addis Ababa,Addis Ababa,Asko,9.0489,38.6889,oil and fats,Cooking oil,L,actual,Retail,ETB,156.45,1.1175,5,3,agent:4|user:1,published,waga-index-v1,snap_2026-07-25T06_v1
2026-06-09,Addis Ababa,Addis Ababa,Saris,8.9797,38.7622,cereals and tubers,Teff (mixed),KG,actual,Retail,ETB,93.38,0.6670,9,6,agent:7|user:2,published,waga-index-v1,snap_2026-07-25T06_v1
2026-06-09,Addis Ababa,Addis Ababa,Saris,8.9797,38.7622,cereals and tubers,Wheat,KG,actual,Retail,ETB,59.22,0.4230,7,5,agent:5|user:2,published,waga-index-v1,snap_2026-07-25T06_v1
2026-06-09,Addis Ababa,Addis Ababa,Saris,8.9797,38.7622,cereals and tubers,Maize,KG,actual,Retail,ETB,39.06,0.2790,6,4,agent:4|user:2,published,waga-index-v1,snap_2026-07-25T06_v1
2026-06-09,Addis Ababa,Addis Ababa,Saris,8.9797,38.7622,vegetables and fruits,Onion,KG,actual,Retail,ETB,38.07,0.2719,8,5,agent:6|user:2,published,waga-index-v1,snap_2026-07-25T06_v1
2026-06-09,Addis Ababa,Addis Ababa,Saris,8.9797,38.7622,oil and fats,Cooking oil,L,actual,Retail,ETB,159.62,1.1401,6,4,agent:4|user:2,published,waga-index-v1,snap_2026-07-25T06_v1
2026-06-09,Addis Ababa,Addis Ababa,Akaki,8.8939,38.8069,cereals and tubers,Teff (mixed),KG,actual,Retail,ETB,92.89,0.6635,6,4,agent:4|user:2,published,waga-index-v1,snap_2026-07-25T06_v1
2026-06-09,Addis Ababa,Addis Ababa,Akaki,8.8939,38.8069,cereals and tubers,Wheat,KG,actual,Retail,ETB,59.16,0.4226,5,3,agent:4|user:1,published,waga-index-v1,snap_2026-07-25T06_v1
2026-06-09,Addis Ababa,Addis Ababa,Akaki,8.8939,38.8069,cereals and tubers,Maize,KG,actual,Retail,ETB,39.51,0.2822,9,6,agent:7|user:2,published,waga-index-v1,snap_2026-07-25T06_v1
2026-06-09,Addis Ababa,Addis Ababa,Akaki,8.8939,38.8069,vegetables and fruits,Onion,KG,actual,Retail,ETB,,,0,0,,insufficient_data,waga-index-v1,snap_2026-07-25T06_v1
2026-06-09,Addis Ababa,Addis Ababa,Akaki,8.8939,38.8069,oil and fats,Cooking oil,L,actual,Retail,ETB,159.40,1.1386,4,3,agent:3|user:1,published,waga-index-v1,snap_2026-07-25T06_v1
2026-06-09,Addis Ababa,Addis Ababa,Kera,8.9994,38.7481,cereals and tubers,Teff (mixed),KG,actual,Retail,ETB,95.45,0.6818,4,3,agent:3|user:1,published,waga-index-v1,snap_2026-07-25T06_v1
2026-06-09,Addis Ababa,Addis Ababa,Kera,8.9994,38.7481,cereals and tubers,Wheat,KG,actual,Retail,ETB,59.54,0.4253,7,5,agent:5|user:2,published,waga-index-v1,snap_2026-07-25T06_v1
2026-06-09,Addis Ababa,Addis Ababa,Kera,8.9994,38.7481,cereals and tubers,Maize,KG,actual,Retail,ETB,,,2,2,agent:2,insufficient_data,waga-index-v1,snap_2026-07-25T06_v1
2026-06-09,Addis Ababa,Addis Ababa,Kera,8.9994,38.7481,vegetables and fruits,Onion,KG,actual,Retail,ETB,40.09,0.2864,8,5,agent:6|user:2,published,waga-index-v1,snap_2026-07-25T06_v1
2026-06-09,Addis Ababa,Addis Ababa,Kera,8.9994,38.7481,oil and fats,Cooking oil,L,actual,Retail,ETB,165.50,1.1821,7,5,agent:5|user:2,published,waga-index-v1,snap_2026-07-25T06_v1
2026-06-09,Addis Ababa,Addis Ababa,Shola Gebeya,9.0244,38.7986,cereals and tubers,Teff (mixed),KG,actual,Retail,ETB,98.58,0.7041,3,2,agent:2|user:1,published,waga-index-v1,snap_2026-07-25T06_v1
2026-06-09,Addis Ababa,Addis Ababa,Shola Gebeya,9.0244,38.7986,cereals and tubers,Wheat,KG,actual,Retail,ETB,63.09,0.4506,9,6,agent:7|user:2,published,waga-index-v1,snap_2026-07-25T06_v1
2026-06-09,Addis Ababa,Addis Ababa,Shola Gebeya,9.0244,38.7986,cereals and tubers,Maize,KG,actual,Retail,ETB,41.87,0.2991,8,5,agent:6|user:2,published,waga-index-v1,snap_2026-07-25T06_v1
2026-06-09,Addis Ababa,Addis Ababa,Shola Gebeya,9.0244,38.7986,vegetables and fruits,Onion,KG,actual,Retail,ETB,,,2,2,agent:2,insufficient_data,waga-index-v1,snap_2026-07-25T06_v1
2026-06-09,Addis Ababa,Addis Ababa,Shola Gebeya,9.0244,38.7986,oil and fats,Cooking oil,L,actual,Retail,ETB,167.55,1.1968,8,5,agent:6|user:2,published,waga-index-v1,snap_2026-07-25T06_v1
2026-06-09,Addis Ababa,Addis Ababa,Piazza,9.0356,38.7522,cereals and tubers,Teff (mixed),KG,actual,Retail,ETB,101.63,0.7259,5,3,agent:4|user:1,published,waga-index-v1,snap_2026-07-25T06_v1
2026-06-09,Addis Ababa,Addis Ababa,Piazza,9.0356,38.7522,cereals and tubers,Wheat,KG,actual,Retail,ETB,63.85,0.4561,4,3,agent:3|user:1,published,waga-index-v1,snap_2026-07-25T06_v1
2026-06-09,Addis Ababa,Addis Ababa,Piazza,9.0356,38.7522,cereals and tubers,Maize,KG,actual,Retail,ETB,42.07,0.3005,9,6,agent:7|user:2,published,waga-index-v1,snap_2026-07-25T06_v1
2026-06-09,Addis Ababa,Addis Ababa,Piazza,9.0356,38.7522,vegetables and fruits,Onion,KG,actual,Retail,ETB,41.96,0.2997,3,2,agent:2|user:1,published,waga-index-v1,snap_2026-07-25T06_v1
2026-06-09,Addis Ababa,Addis Ababa,Piazza,9.0356,38.7522,oil and fats,Cooking oil,L,actual,Retail,ETB,170.52,1.2180,8,5,agent:6|user:2,published,waga-index-v1,snap_2026-07-25T06_v1
2026-06-10,Addis Ababa,Addis Ababa,Merkato,9.0341,38.7395,cereals and tubers,Teff (mixed),KG,actual,Retail,ETB,89.32,0.6380,4,3,agent:3|user:1,published,waga-index-v1,snap_2026-07-25T06_v1
2026-06-10,Addis Ababa,Addis Ababa,Merkato,9.0341,38.7395,cereals and tubers,Wheat,KG,actual,Retail,ETB,53.27,0.3805,6,4,agent:4|user:2,published,waga-index-v1,snap_2026-07-25T06_v1
2026-06-10,Addis Ababa,Addis Ababa,Merkato,9.0341,38.7395,cereals and tubers,Maize,KG,actual,Retail,ETB,,,0,0,,insufficient_data,waga-index-v1,snap_2026-07-25T06_v1
2026-06-10,Addis Ababa,Addis Ababa,Merkato,9.0341,38.7395,vegetables and fruits,Onion,KG,actual,Retail,ETB,37.05,0.2646,8,5,agent:6|user:2,published,waga-index-v1,snap_2026-07-25T06_v1
2026-06-10,Addis Ababa,Addis Ababa,Merkato,9.0341,38.7395,oil and fats,Cooking oil,L,actual,Retail,ETB,155.04,1.1074,5,3,agent:4|user:1,published,waga-index-v1,snap_2026-07-25T06_v1
2026-06-10,Addis Ababa,Addis Ababa,Ehil Berenda,9.0333,38.7389,cereals and tubers,Teff (mixed),KG,actual,Retail,ETB,82.82,0.5916,3,2,agent:2|user:1,published,waga-index-v1,snap_2026-07-25T06_v1
2026-06-10,Addis Ababa,Addis Ababa,Ehil Berenda,9.0333,38.7389,cereals and tubers,Wheat,KG,actual,Retail,ETB,58.16,0.4154,9,6,agent:7|user:2,published,waga-index-v1,snap_2026-07-25T06_v1
2026-06-10,Addis Ababa,Addis Ababa,Ehil Berenda,9.0333,38.7389,cereals and tubers,Maize,KG,actual,Retail,ETB,38.17,0.2726,9,6,agent:7|user:2,published,waga-index-v1,snap_2026-07-25T06_v1
2026-06-10,Addis Ababa,Addis Ababa,Ehil Berenda,9.0333,38.7389,vegetables and fruits,Onion,KG,actual,Retail,ETB,36.32,0.2594,8,5,agent:6|user:2,published,waga-index-v1,snap_2026-07-25T06_v1
2026-06-10,Addis Ababa,Addis Ababa,Ehil Berenda,9.0333,38.7389,oil and fats,Cooking oil,L,actual,Retail,ETB,153.78,1.0984,4,3,agent:3|user:1,published,waga-index-v1,snap_2026-07-25T06_v1
2026-06-10,Addis Ababa,Addis Ababa,Atikilt Tera,9.03,38.745,cereals and tubers,Teff (mixed),KG,actual,Retail,ETB,,,2,2,agent:2,insufficient_data,waga-index-v1,snap_2026-07-25T06_v1
2026-06-10,Addis Ababa,Addis Ababa,Atikilt Tera,9.03,38.745,cereals and tubers,Wheat,KG,actual,Retail,ETB,57.45,0.4104,6,4,agent:4|user:2,published,waga-index-v1,snap_2026-07-25T06_v1
2026-06-10,Addis Ababa,Addis Ababa,Atikilt Tera,9.03,38.745,cereals and tubers,Maize,KG,actual,Retail,ETB,38.73,0.2766,3,2,agent:2|user:1,published,waga-index-v1,snap_2026-07-25T06_v1
2026-06-10,Addis Ababa,Addis Ababa,Atikilt Tera,9.03,38.745,vegetables and fruits,Onion,KG,actual,Retail,ETB,33.67,0.2405,8,5,agent:6|user:2,published,waga-index-v1,snap_2026-07-25T06_v1
2026-06-10,Addis Ababa,Addis Ababa,Atikilt Tera,9.03,38.745,oil and fats,Cooking oil,L,actual,Retail,ETB,149.17,1.0655,8,5,agent:6|user:2,published,waga-index-v1,snap_2026-07-25T06_v1
2026-06-10,Addis Ababa,Addis Ababa,Asko,9.0489,38.6889,cereals and tubers,Teff (mixed),KG,actual,Retail,ETB,,,0,0,,insufficient_data,waga-index-v1,snap_2026-07-25T06_v1
2026-06-10,Addis Ababa,Addis Ababa,Asko,9.0489,38.6889,cereals and tubers,Wheat,KG,actual,Retail,ETB,59.19,0.4228,9,6,agent:7|user:2,published,waga-index-v1,snap_2026-07-25T06_v1
2026-06-10,Addis Ababa,Addis Ababa,Asko,9.0489,38.6889,cereals and tubers,Maize,KG,actual,Retail,ETB,39.01,0.2786,4,3,agent:3|user:1,published,waga-index-v1,snap_2026-07-25T06_v1
2026-06-10,Addis Ababa,Addis Ababa,Asko,9.0489,38.6889,vegetables and fruits,Onion,KG,actual,Retail,ETB,38.58,0.2756,3,2,agent:2|user:1,published,waga-index-v1,snap_2026-07-25T06_v1
2026-06-10,Addis Ababa,Addis Ababa,Asko,9.0489,38.6889,oil and fats,Cooking oil,L,actual,Retail,ETB,154.43,1.1031,5,3,agent:4|user:1,published,waga-index-v1,snap_2026-07-25T06_v1
2026-06-10,Addis Ababa,Addis Ababa,Saris,8.9797,38.7622,cereals and tubers,Teff (mixed),KG,actual,Retail,ETB,93.92,0.6709,6,4,agent:4|user:2,published,waga-index-v1,snap_2026-07-25T06_v1
2026-06-10,Addis Ababa,Addis Ababa,Saris,8.9797,38.7622,cereals and tubers,Wheat,KG,actual,Retail,ETB,59.02,0.4216,6,4,agent:4|user:2,published,waga-index-v1,snap_2026-07-25T06_v1
2026-06-10,Addis Ababa,Addis Ababa,Saris,8.9797,38.7622,cereals and tubers,Maize,KG,actual,Retail,ETB,39.48,0.2820,4,3,agent:3|user:1,published,waga-index-v1,snap_2026-07-25T06_v1
2026-06-10,Addis Ababa,Addis Ababa,Saris,8.9797,38.7622,vegetables and fruits,Onion,KG,actual,Retail,ETB,37.89,0.2706,8,5,agent:6|user:2,published,waga-index-v1,snap_2026-07-25T06_v1
2026-06-10,Addis Ababa,Addis Ababa,Saris,8.9797,38.7622,oil and fats,Cooking oil,L,actual,Retail,ETB,159.26,1.1376,8,5,agent:6|user:2,published,waga-index-v1,snap_2026-07-25T06_v1
2026-06-10,Addis Ababa,Addis Ababa,Akaki,8.8939,38.8069,cereals and tubers,Teff (mixed),KG,actual,Retail,ETB,,,1,1,agent:1,insufficient_data,waga-index-v1,snap_2026-07-25T06_v1
2026-06-10,Addis Ababa,Addis Ababa,Akaki,8.8939,38.8069,cereals and tubers,Wheat,KG,actual,Retail,ETB,58.80,0.4200,5,3,agent:4|user:1,published,waga-index-v1,snap_2026-07-25T06_v1
2026-06-10,Addis Ababa,Addis Ababa,Akaki,8.8939,38.8069,cereals and tubers,Maize,KG,actual,Retail,ETB,,,0,0,,insufficient_data,waga-index-v1,snap_2026-07-25T06_v1
2026-06-10,Addis Ababa,Addis Ababa,Akaki,8.8939,38.8069,vegetables and fruits,Onion,KG,actual,Retail,ETB,38.27,0.2734,3,2,agent:2|user:1,published,waga-index-v1,snap_2026-07-25T06_v1
2026-06-10,Addis Ababa,Addis Ababa,Akaki,8.8939,38.8069,oil and fats,Cooking oil,L,actual,Retail,ETB,159.36,1.1383,3,2,agent:2|user:1,published,waga-index-v1,snap_2026-07-25T06_v1
2026-06-10,Addis Ababa,Addis Ababa,Kera,8.9994,38.7481,cereals and tubers,Teff (mixed),KG,actual,Retail,ETB,95.99,0.6856,5,3,agent:4|user:1,published,waga-index-v1,snap_2026-07-25T06_v1
2026-06-10,Addis Ababa,Addis Ababa,Kera,8.9994,38.7481,cereals and tubers,Wheat,KG,actual,Retail,ETB,59.40,0.4243,9,6,agent:7|user:2,published,waga-index-v1,snap_2026-07-25T06_v1
2026-06-10,Addis Ababa,Addis Ababa,Kera,8.9994,38.7481,cereals and tubers,Maize,KG,actual,Retail,ETB,40.59,0.2899,6,4,agent:4|user:2,published,waga-index-v1,snap_2026-07-25T06_v1
2026-06-10,Addis Ababa,Addis Ababa,Kera,8.9994,38.7481,vegetables and fruits,Onion,KG,actual,Retail,ETB,39.82,0.2844,5,3,agent:4|user:1,published,waga-index-v1,snap_2026-07-25T06_v1
2026-06-10,Addis Ababa,Addis Ababa,Kera,8.9994,38.7481,oil and fats,Cooking oil,L,actual,Retail,ETB,164.77,1.1769,7,5,agent:5|user:2,published,waga-index-v1,snap_2026-07-25T06_v1
2026-06-10,Addis Ababa,Addis Ababa,Shola Gebeya,9.0244,38.7986,cereals and tubers,Teff (mixed),KG,actual,Retail,ETB,98.72,0.7051,3,2,agent:2|user:1,published,waga-index-v1,snap_2026-07-25T06_v1
2026-06-10,Addis Ababa,Addis Ababa,Shola Gebeya,9.0244,38.7986,cereals and tubers,Wheat,KG,actual,Retail,ETB,63.45,0.4532,4,3,agent:3|user:1,published,waga-index-v1,snap_2026-07-25T06_v1
2026-06-10,Addis Ababa,Addis Ababa,Shola Gebeya,9.0244,38.7986,cereals and tubers,Maize,KG,actual,Retail,ETB,41.78,0.2984,6,4,agent:4|user:2,published,waga-index-v1,snap_2026-07-25T06_v1
2026-06-10,Addis Ababa,Addis Ababa,Shola Gebeya,9.0244,38.7986,vegetables and fruits,Onion,KG,actual,Retail,ETB,43.27,0.3091,8,5,agent:6|user:2,published,waga-index-v1,snap_2026-07-25T06_v1
2026-06-10,Addis Ababa,Addis Ababa,Shola Gebeya,9.0244,38.7986,oil and fats,Cooking oil,L,actual,Retail,ETB,167.37,1.1955,7,5,agent:5|user:2,published,waga-index-v1,snap_2026-07-25T06_v1
2026-06-10,Addis Ababa,Addis Ababa,Piazza,9.0356,38.7522,cereals and tubers,Teff (mixed),KG,actual,Retail,ETB,101.89,0.7278,3,2,agent:2|user:1,published,waga-index-v1,snap_2026-07-25T06_v1
2026-06-10,Addis Ababa,Addis Ababa,Piazza,9.0356,38.7522,cereals and tubers,Wheat,KG,actual,Retail,ETB,63.95,0.4568,6,4,agent:4|user:2,published,waga-index-v1,snap_2026-07-25T06_v1
2026-06-10,Addis Ababa,Addis Ababa,Piazza,9.0356,38.7522,cereals and tubers,Maize,KG,actual,Retail,ETB,41.59,0.2971,5,3,agent:4|user:1,published,waga-index-v1,snap_2026-07-25T06_v1
2026-06-10,Addis Ababa,Addis Ababa,Piazza,9.0356,38.7522,vegetables and fruits,Onion,KG,actual,Retail,ETB,42.20,0.3014,8,5,agent:6|user:2,published,waga-index-v1,snap_2026-07-25T06_v1
2026-06-10,Addis Ababa,Addis Ababa,Piazza,9.0356,38.7522,oil and fats,Cooking oil,L,actual,Retail,ETB,171.43,1.2245,7,5,agent:5|user:2,published,waga-index-v1,snap_2026-07-25T06_v1
2026-06-11,Addis Ababa,Addis Ababa,Merkato,9.0341,38.7395,cereals and tubers,Teff (mixed),KG,actual,Retail,ETB,89.23,0.6374,5,3,agent:4|user:1,published,waga-index-v1,snap_2026-07-25T06_v1
2026-06-11,Addis Ababa,Addis Ababa,Merkato,9.0341,38.7395,cereals and tubers,Wheat,KG,actual,Retail,ETB,52.80,0.3771,4,3,agent:3|user:1,published,waga-index-v1,snap_2026-07-25T06_v1
2026-06-11,Addis Ababa,Addis Ababa,Merkato,9.0341,38.7395,cereals and tubers,Maize,KG,actual,Retail,ETB,36.28,0.2591,8,5,agent:6|user:2,published,waga-index-v1,snap_2026-07-25T06_v1
2026-06-11,Addis Ababa,Addis Ababa,Merkato,9.0341,38.7395,vegetables and fruits,Onion,KG,actual,Retail,ETB,36.91,0.2636,8,5,agent:6|user:2,published,waga-index-v1,snap_2026-07-25T06_v1
2026-06-11,Addis Ababa,Addis Ababa,Merkato,9.0341,38.7395,oil and fats,Cooking oil,L,actual,Retail,ETB,154.39,1.1028,4,3,agent:3|user:1,published,waga-index-v1,snap_2026-07-25T06_v1
2026-06-11,Addis Ababa,Addis Ababa,Ehil Berenda,9.0333,38.7389,cereals and tubers,Teff (mixed),KG,actual,Retail,ETB,83.30,0.5950,8,5,agent:6|user:2,published,waga-index-v1,snap_2026-07-25T06_v1
2026-06-11,Addis Ababa,Addis Ababa,Ehil Berenda,9.0333,38.7389,cereals and tubers,Wheat,KG,actual,Retail,ETB,57.50,0.4107,8,5,agent:6|user:2,published,waga-index-v1,snap_2026-07-25T06_v1
2026-06-11,Addis Ababa,Addis Ababa,Ehil Berenda,9.0333,38.7389,cereals and tubers,Maize,KG,actual,Retail,ETB,38.30,0.2736,6,4,agent:4|user:2,published,waga-index-v1,snap_2026-07-25T06_v1
2026-06-11,Addis Ababa,Addis Ababa,Ehil Berenda,9.0333,38.7389,vegetables and fruits,Onion,KG,actual,Retail,ETB,36.87,0.2634,6,4,agent:4|user:2,published,waga-index-v1,snap_2026-07-25T06_v1
2026-06-11,Addis Ababa,Addis Ababa,Ehil Berenda,9.0333,38.7389,oil and fats,Cooking oil,L,actual,Retail,ETB,154.91,1.1065,8,5,agent:6|user:2,published,waga-index-v1,snap_2026-07-25T06_v1
2026-06-11,Addis Ababa,Addis Ababa,Atikilt Tera,9.03,38.745,cereals and tubers,Teff (mixed),KG,actual,Retail,ETB,,,1,1,agent:1,insufficient_data,waga-index-v1,snap_2026-07-25T06_v1
2026-06-11,Addis Ababa,Addis Ababa,Atikilt Tera,9.03,38.745,cereals and tubers,Wheat,KG,actual,Retail,ETB,57.92,0.4137,3,2,agent:2|user:1,published,waga-index-v1,snap_2026-07-25T06_v1
2026-06-11,Addis Ababa,Addis Ababa,Atikilt Tera,9.03,38.745,cereals and tubers,Maize,KG,actual,Retail,ETB,38.92,0.2780,9,6,agent:7|user:2,published,waga-index-v1,snap_2026-07-25T06_v1
2026-06-11,Addis Ababa,Addis Ababa,Atikilt Tera,9.03,38.745,vegetables and fruits,Onion,KG,actual,Retail,ETB,33.42,0.2387,6,4,agent:4|user:2,published,waga-index-v1,snap_2026-07-25T06_v1
2026-06-11,Addis Ababa,Addis Ababa,Atikilt Tera,9.03,38.745,oil and fats,Cooking oil,L,actual,Retail,ETB,149.49,1.0678,4,3,agent:3|user:1,published,waga-index-v1,snap_2026-07-25T06_v1
2026-06-11,Addis Ababa,Addis Ababa,Asko,9.0489,38.6889,cereals and tubers,Teff (mixed),KG,actual,Retail,ETB,93.88,0.6706,5,3,agent:4|user:1,published,waga-index-v1,snap_2026-07-25T06_v1
2026-06-11,Addis Ababa,Addis Ababa,Asko,9.0489,38.6889,cereals and tubers,Wheat,KG,actual,Retail,ETB,59.09,0.4221,6,4,agent:4|user:2,published,waga-index-v1,snap_2026-07-25T06_v1
2026-06-11,Addis Ababa,Addis Ababa,Asko,9.0489,38.6889,cereals and tubers,Maize,KG,actual,Retail,ETB,38.52,0.2751,5,3,agent:4|user:1,published,waga-index-v1,snap_2026-07-25T06_v1
2026-06-11,Addis Ababa,Addis Ababa,Asko,9.0489,38.6889,vegetables and fruits,Onion,KG,actual,Retail,ETB,,,0,0,,insufficient_data,waga-index-v1,snap_2026-07-25T06_v1
2026-06-11,Addis Ababa,Addis Ababa,Asko,9.0489,38.6889,oil and fats,Cooking oil,L,actual,Retail,ETB,156.83,1.1202,7,5,agent:5|user:2,published,waga-index-v1,snap_2026-07-25T06_v1
2026-06-11,Addis Ababa,Addis Ababa,Saris,8.9797,38.7622,cereals and tubers,Teff (mixed),KG,actual,Retail,ETB,,,0,0,,insufficient_data,waga-index-v1,snap_2026-07-25T06_v1
2026-06-11,Addis Ababa,Addis Ababa,Saris,8.9797,38.7622,cereals and tubers,Wheat,KG,actual,Retail,ETB,58.76,0.4197,7,5,agent:5|user:2,published,waga-index-v1,snap_2026-07-25T06_v1
2026-06-11,Addis Ababa,Addis Ababa,Saris,8.9797,38.7622,cereals and tubers,Maize,KG,actual,Retail,ETB,40.03,0.2859,3,2,agent:2|user:1,published,waga-index-v1,snap_2026-07-25T06_v1
2026-06-11,Addis Ababa,Addis Ababa,Saris,8.9797,38.7622,vegetables and fruits,Onion,KG,actual,Retail,ETB,38.16,0.2726,8,5,agent:6|user:2,published,waga-index-v1,snap_2026-07-25T06_v1
2026-06-11,Addis Ababa,Addis Ababa,Saris,8.9797,38.7622,oil and fats,Cooking oil,L,actual,Retail,ETB,157.37,1.1241,7,5,agent:5|user:2,published,waga-index-v1,snap_2026-07-25T06_v1
2026-06-11,Addis Ababa,Addis Ababa,Akaki,8.8939,38.8069,cereals and tubers,Teff (mixed),KG,actual,Retail,ETB,94.34,0.6739,8,5,agent:6|user:2,published,waga-index-v1,snap_2026-07-25T06_v1
2026-06-11,Addis Ababa,Addis Ababa,Akaki,8.8939,38.8069,cereals and tubers,Wheat,KG,actual,Retail,ETB,58.83,0.4202,3,2,agent:2|user:1,published,waga-index-v1,snap_2026-07-25T06_v1
2026-06-11,Addis Ababa,Addis Ababa,Akaki,8.8939,38.8069,cereals and tubers,Maize,KG,actual,Retail,ETB,39.74,0.2839,5,3,agent:4|user:1,published,waga-index-v1,snap_2026-07-25T06_v1
2026-06-11,Addis Ababa,Addis Ababa,Akaki,8.8939,38.8069,vegetables and fruits,Onion,KG,actual,Retail,ETB,38.74,0.2767,5,3,agent:4|user:1,published,waga-index-v1,snap_2026-07-25T06_v1
2026-06-11,Addis Ababa,Addis Ababa,Akaki,8.8939,38.8069,oil and fats,Cooking oil,L,actual,Retail,ETB,162.51,1.1608,9,6,agent:7|user:2,published,waga-index-v1,snap_2026-07-25T06_v1
2026-06-11,Addis Ababa,Addis Ababa,Kera,8.9994,38.7481,cereals and tubers,Teff (mixed),KG,actual,Retail,ETB,95.46,0.6819,4,3,agent:3|user:1,published,waga-index-v1,snap_2026-07-25T06_v1
2026-06-11,Addis Ababa,Addis Ababa,Kera,8.9994,38.7481,cereals and tubers,Wheat,KG,actual,Retail,ETB,59.41,0.4244,3,2,agent:2|user:1,published,waga-index-v1,snap_2026-07-25T06_v1
2026-06-11,Addis Ababa,Addis Ababa,Kera,8.9994,38.7481,cereals and tubers,Maize,KG,actual,Retail,ETB,41.09,0.2935,5,3,agent:4|user:1,published,waga-index-v1,snap_2026-07-25T06_v1
2026-06-11,Addis Ababa,Addis Ababa,Kera,8.9994,38.7481,vegetables and fruits,Onion,KG,actual,Retail,ETB,39.87,0.2848,4,3,agent:3|user:1,published,waga-index-v1,snap_2026-07-25T06_v1
2026-06-11,Addis Ababa,Addis Ababa,Kera,8.9994,38.7481,oil and fats,Cooking oil,L,actual,Retail,ETB,165.18,1.1799,3,2,agent:2|user:1,published,waga-index-v1,snap_2026-07-25T06_v1
2026-06-11,Addis Ababa,Addis Ababa,Shola Gebeya,9.0244,38.7986,cereals and tubers,Teff (mixed),KG,actual,Retail,ETB,97.97,0.6998,5,3,agent:4|user:1,published,waga-index-v1,snap_2026-07-25T06_v1
2026-06-11,Addis Ababa,Addis Ababa,Shola Gebeya,9.0244,38.7986,cereals and tubers,Wheat,KG,actual,Retail,ETB,62.97,0.4498,7,5,agent:5|user:2,published,waga-index-v1,snap_2026-07-25T06_v1
2026-06-11,Addis Ababa,Addis Ababa,Shola Gebeya,9.0244,38.7986,cereals and tubers,Maize,KG,actual,Retail,ETB,41.89,0.2992,7,5,agent:5|user:2,published,waga-index-v1,snap_2026-07-25T06_v1
2026-06-11,Addis Ababa,Addis Ababa,Shola Gebeya,9.0244,38.7986,vegetables and fruits,Onion,KG,actual,Retail,ETB,42.84,0.3060,8,5,agent:6|user:2,published,waga-index-v1,snap_2026-07-25T06_v1
2026-06-11,Addis Ababa,Addis Ababa,Shola Gebeya,9.0244,38.7986,oil and fats,Cooking oil,L,actual,Retail,ETB,168.98,1.2070,4,3,agent:3|user:1,published,waga-index-v1,snap_2026-07-25T06_v1
2026-06-11,Addis Ababa,Addis Ababa,Piazza,9.0356,38.7522,cereals and tubers,Teff (mixed),KG,actual,Retail,ETB,100.98,0.7213,6,4,agent:4|user:2,published,waga-index-v1,snap_2026-07-25T06_v1
2026-06-11,Addis Ababa,Addis Ababa,Piazza,9.0356,38.7522,cereals and tubers,Wheat,KG,actual,Retail,ETB,63.97,0.4569,9,6,agent:7|user:2,published,waga-index-v1,snap_2026-07-25T06_v1
2026-06-11,Addis Ababa,Addis Ababa,Piazza,9.0356,38.7522,cereals and tubers,Maize,KG,actual,Retail,ETB,42.21,0.3015,3,2,agent:2|user:1,published,waga-index-v1,snap_2026-07-25T06_v1
2026-06-11,Addis Ababa,Addis Ababa,Piazza,9.0356,38.7522,vegetables and fruits,Onion,KG,actual,Retail,ETB,42.71,0.3051,6,4,agent:4|user:2,published,waga-index-v1,snap_2026-07-25T06_v1
2026-06-11,Addis Ababa,Addis Ababa,Piazza,9.0356,38.7522,oil and fats,Cooking oil,L,actual,Retail,ETB,169.46,1.2104,8,5,agent:6|user:2,published,waga-index-v1,snap_2026-07-25T06_v1
2026-06-12,Addis Ababa,Addis Ababa,Merkato,9.0341,38.7395,cereals and tubers,Teff (mixed),KG,actual,Retail,ETB,88.46,0.6319,3,2,agent:2|user:1,published,waga-index-v1,snap_2026-07-25T06_v1
2026-06-12,Addis Ababa,Addis Ababa,Merkato,9.0341,38.7395,cereals and tubers,Wheat,KG,actual,Retail,ETB,52.94,0.3781,3,2,agent:2|user:1,published,waga-index-v1,snap_2026-07-25T06_v1
2026-06-12,Addis Ababa,Addis Ababa,Merkato,9.0341,38.7395,cereals and tubers,Maize,KG,actual,Retail,ETB,35.76,0.2554,7,5,agent:5|user:2,published,waga-index-v1,snap_2026-07-25T06_v1
2026-06-12,Addis Ababa,Addis Ababa,Merkato,9.0341,38.7395,vegetables and fruits,Onion,KG,actual,Retail,ETB,36.84,0.2631,8,5,agent:6|user:2,published,waga-index-v1,snap_2026-07-25T06_v1
2026-06-12,Addis Ababa,Addis Ababa,Merkato,9.0341,38.7395,oil and fats,Cooking oil,L,actual,Retail,ETB,153.38,1.0956,5,3,agent:4|user:1,published,waga-index-v1,snap_2026-07-25T06_v1
2026-06-12,Addis Ababa,Addis Ababa,Ehil Berenda,9.0333,38.7389,cereals and tubers,Teff (mixed),KG,actual,Retail,ETB,82.94,0.5924,8,5,agent:6|user:2,published,waga-index-v1,snap_2026-07-25T06_v1
2026-06-12,Addis Ababa,Addis Ababa,Ehil Berenda,9.0333,38.7389,cereals and tubers,Wheat,KG,actual,Retail,ETB,57.96,0.4140,4,3,agent:3|user:1,published,waga-index-v1,snap_2026-07-25T06_v1
2026-06-12,Addis Ababa,Addis Ababa,Ehil Berenda,9.0333,38.7389,cereals and tubers,Maize,KG,actual,Retail,ETB,,,0,0,,insufficient_data,waga-index-v1,snap_2026-07-25T06_v1
2026-06-12,Addis Ababa,Addis Ababa,Ehil Berenda,9.0333,38.7389,vegetables and fruits,Onion,KG,actual,Retail,ETB,37.49,0.2678,7,5,agent:5|user:2,published,waga-index-v1,snap_2026-07-25T06_v1
2026-06-12,Addis Ababa,Addis Ababa,Ehil Berenda,9.0333,38.7389,oil and fats,Cooking oil,L,actual,Retail,ETB,153.98,1.0999,8,5,agent:6|user:2,published,waga-index-v1,snap_2026-07-25T06_v1
2026-06-12,Addis Ababa,Addis Ababa,Atikilt Tera,9.03,38.745,cereals and tubers,Teff (mixed),KG,actual,Retail,ETB,91.83,0.6559,3,2,agent:2|user:1,published,waga-index-v1,snap_2026-07-25T06_v1
2026-06-12,Addis Ababa,Addis Ababa,Atikilt Tera,9.03,38.745,cereals and tubers,Wheat,KG,actual,Retail,ETB,57.84,0.4131,4,3,agent:3|user:1,published,waga-index-v1,snap_2026-07-25T06_v1
2026-06-12,Addis Ababa,Addis Ababa,Atikilt Tera,9.03,38.745,cereals and tubers,Maize,KG,actual,Retail,ETB,,,1,1,agent:1,insufficient_data,waga-index-v1,snap_2026-07-25T06_v1
2026-06-12,Addis Ababa,Addis Ababa,Atikilt Tera,9.03,38.745,vegetables and fruits,Onion,KG,actual,Retail,ETB,33.85,0.2418,9,6,agent:7|user:2,published,waga-index-v1,snap_2026-07-25T06_v1
2026-06-12,Addis Ababa,Addis Ababa,Atikilt Tera,9.03,38.745,oil and fats,Cooking oil,L,actual,Retail,ETB,148.85,1.0632,7,5,agent:5|user:2,published,waga-index-v1,snap_2026-07-25T06_v1
2026-06-12,Addis Ababa,Addis Ababa,Asko,9.0489,38.6889,cereals and tubers,Teff (mixed),KG,actual,Retail,ETB,93.26,0.6661,5,3,agent:4|user:1,published,waga-index-v1,snap_2026-07-25T06_v1
2026-06-12,Addis Ababa,Addis Ababa,Asko,9.0489,38.6889,cereals and tubers,Wheat,KG,actual,Retail,ETB,59.13,0.4224,7,5,agent:5|user:2,published,waga-index-v1,snap_2026-07-25T06_v1
2026-06-12,Addis Ababa,Addis Ababa,Asko,9.0489,38.6889,cereals and tubers,Maize,KG,actual,Retail,ETB,38.55,0.2754,9,6,agent:7|user:2,published,waga-index-v1,snap_2026-07-25T06_v1
2026-06-12,Addis Ababa,Addis Ababa,Asko,9.0489,38.6889,vegetables and fruits,Onion,KG,actual,Retail,ETB,38.26,0.2733,3,2,agent:2|user:1,published,waga-index-v1,snap_2026-07-25T06_v1
2026-06-12,Addis Ababa,Addis Ababa,Asko,9.0489,38.6889,oil and fats,Cooking oil,L,actual,Retail,ETB,157.41,1.1244,5,3,agent:4|user:1,published,waga-index-v1,snap_2026-07-25T06_v1
2026-06-12,Addis Ababa,Addis Ababa,Saris,8.9797,38.7622,cereals and tubers,Teff (mixed),KG,actual,Retail,ETB,96.53,0.6895,3,2,agent:2|user:1,published,waga-index-v1,snap_2026-07-25T06_v1
2026-06-12,Addis Ababa,Addis Ababa,Saris,8.9797,38.7622,cereals and tubers,Wheat,KG,actual,Retail,ETB,58.37,0.4169,4,3,agent:3|user:1,published,waga-index-v1,snap_2026-07-25T06_v1
2026-06-12,Addis Ababa,Addis Ababa,Saris,8.9797,38.7622,cereals and tubers,Maize,KG,actual,Retail,ETB,40.51,0.2894,4,3,agent:3|user:1,published,waga-index-v1,snap_2026-07-25T06_v1
2026-06-12,Addis Ababa,Addis Ababa,Saris,8.9797,38.7622,vegetables and fruits,Onion,KG,actual,Retail,ETB,38.63,0.2759,7,5,agent:5|user:2,published,waga-index-v1,snap_2026-07-25T06_v1
2026-06-12,Addis Ababa,Addis Ababa,Saris,8.9797,38.7622,oil and fats,Cooking oil,L,actual,Retail,ETB,159.23,1.1374,8,5,agent:6|user:2,published,waga-index-v1,snap_2026-07-25T06_v1
2026-06-12,Addis Ababa,Addis Ababa,Akaki,8.8939,38.8069,cereals and tubers,Teff (mixed),KG,actual,Retail,ETB,94.04,0.6717,7,5,agent:5|user:2,published,waga-index-v1,snap_2026-07-25T06_v1
2026-06-12,Addis Ababa,Addis Ababa,Akaki,8.8939,38.8069,cereals and tubers,Wheat,KG,actual,Retail,ETB,59.29,0.4235,7,5,agent:5|user:2,published,waga-index-v1,snap_2026-07-25T06_v1
2026-06-12,Addis Ababa,Addis Ababa,Akaki,8.8939,38.8069,cereals and tubers,Maize,KG,actual,Retail,ETB,39.48,0.2820,6,4,agent:4|user:2,published,waga-index-v1,snap_2026-07-25T06_v1
2026-06-12,Addis Ababa,Addis Ababa,Akaki,8.8939,38.8069,vegetables and fruits,Onion,KG,actual,Retail,ETB,38.86,0.2776,9,6,agent:7|user:2,published,waga-index-v1,snap_2026-07-25T06_v1
2026-06-12,Addis Ababa,Addis Ababa,Akaki,8.8939,38.8069,oil and fats,Cooking oil,L,actual,Retail,ETB,162.84,1.1631,5,3,agent:4|user:1,published,waga-index-v1,snap_2026-07-25T06_v1
2026-06-12,Addis Ababa,Addis Ababa,Kera,8.9994,38.7481,cereals and tubers,Teff (mixed),KG,actual,Retail,ETB,95.62,0.6830,5,3,agent:4|user:1,published,waga-index-v1,snap_2026-07-25T06_v1
2026-06-12,Addis Ababa,Addis Ababa,Kera,8.9994,38.7481,cereals and tubers,Wheat,KG,actual,Retail,ETB,59.77,0.4269,3,2,agent:2|user:1,published,waga-index-v1,snap_2026-07-25T06_v1
2026-06-12,Addis Ababa,Addis Ababa,Kera,8.9994,38.7481,cereals and tubers,Maize,KG,actual,Retail,ETB,41.50,0.2964,8,5,agent:6|user:2,published,waga-index-v1,snap_2026-07-25T06_v1
2026-06-12,Addis Ababa,Addis Ababa,Kera,8.9994,38.7481,vegetables and fruits,Onion,KG,actual,Retail,ETB,40.07,0.2862,3,2,agent:2|user:1,published,waga-index-v1,snap_2026-07-25T06_v1
2026-06-12,Addis Ababa,Addis Ababa,Kera,8.9994,38.7481,oil and fats,Cooking oil,L,actual,Retail,ETB,164.75,1.1768,9,6,agent:7|user:2,published,waga-index-v1,snap_2026-07-25T06_v1
2026-06-12,Addis Ababa,Addis Ababa,Shola Gebeya,9.0244,38.7986,cereals and tubers,Teff (mixed),KG,actual,Retail,ETB,98.70,0.7050,7,5,agent:5|user:2,published,waga-index-v1,snap_2026-07-25T06_v1
2026-06-12,Addis Ababa,Addis Ababa,Shola Gebeya,9.0244,38.7986,cereals and tubers,Wheat,KG,actual,Retail,ETB,63.37,0.4526,7,5,agent:5|user:2,published,waga-index-v1,snap_2026-07-25T06_v1
2026-06-12,Addis Ababa,Addis Ababa,Shola Gebeya,9.0244,38.7986,cereals and tubers,Maize,KG,actual,Retail,ETB,41.45,0.2961,3,2,agent:2|user:1,published,waga-index-v1,snap_2026-07-25T06_v1
2026-06-12,Addis Ababa,Addis Ababa,Shola Gebeya,9.0244,38.7986,vegetables and fruits,Onion,KG,actual,Retail,ETB,43.34,0.3096,7,5,agent:5|user:2,published,waga-index-v1,snap_2026-07-25T06_v1
2026-06-12,Addis Ababa,Addis Ababa,Shola Gebeya,9.0244,38.7986,oil and fats,Cooking oil,L,actual,Retail,ETB,172.25,1.2304,6,4,agent:4|user:2,published,waga-index-v1,snap_2026-07-25T06_v1
2026-06-12,Addis Ababa,Addis Ababa,Piazza,9.0356,38.7522,cereals and tubers,Teff (mixed),KG,actual,Retail,ETB,101.27,0.7234,8,5,agent:6|user:2,published,waga-index-v1,snap_2026-07-25T06_v1
2026-06-12,Addis Ababa,Addis Ababa,Piazza,9.0356,38.7522,cereals and tubers,Wheat,KG,actual,Retail,ETB,63.90,0.4564,6,4,agent:4|user:2,published,waga-index-v1,snap_2026-07-25T06_v1
2026-06-12,Addis Ababa,Addis Ababa,Piazza,9.0356,38.7522,cereals and tubers,Maize,KG,actual,Retail,ETB,42.17,0.3012,9,6,agent:7|user:2,published,waga-index-v1,snap_2026-07-25T06_v1
2026-06-12,Addis Ababa,Addis Ababa,Piazza,9.0356,38.7522,vegetables and fruits,Onion,KG,actual,Retail,ETB,42.63,0.3045,7,5,agent:5|user:2,published,waga-index-v1,snap_2026-07-25T06_v1
2026-06-12,Addis Ababa,Addis Ababa,Piazza,9.0356,38.7522,oil and fats,Cooking oil,L,actual,Retail,ETB,,,1,1,agent:1,insufficient_data,waga-index-v1,snap_2026-07-25T06_v1
2026-06-13,Addis Ababa,Addis Ababa,Merkato,9.0341,38.7395,cereals and tubers,Teff (mixed),KG,actual,Retail,ETB,88.32,0.6309,9,6,agent:7|user:2,published,waga-index-v1,snap_2026-07-25T06_v1
2026-06-13,Addis Ababa,Addis Ababa,Merkato,9.0341,38.7395,cereals and tubers,Wheat,KG,actual,Retail,ETB,53.17,0.3798,8,5,agent:6|user:2,published,waga-index-v1,snap_2026-07-25T06_v1
2026-06-13,Addis Ababa,Addis Ababa,Merkato,9.0341,38.7395,cereals and tubers,Maize,KG,actual,Retail,ETB,36.24,0.2589,7,5,agent:5|user:2,published,waga-index-v1,snap_2026-07-25T06_v1
2026-06-13,Addis Ababa,Addis Ababa,Merkato,9.0341,38.7395,vegetables and fruits,Onion,KG,actual,Retail,ETB,37.36,0.2669,3,2,agent:2|user:1,published,waga-index-v1,snap_2026-07-25T06_v1
2026-06-13,Addis Ababa,Addis Ababa,Merkato,9.0341,38.7395,oil and fats,Cooking oil,L,actual,Retail,ETB,153.02,1.0930,6,4,agent:4|user:2,published,waga-index-v1,snap_2026-07-25T06_v1
2026-06-13,Addis Ababa,Addis Ababa,Ehil Berenda,9.0333,38.7389,cereals and tubers,Teff (mixed),KG,actual,Retail,ETB,,,1,1,agent:1,insufficient_data,waga-index-v1,snap_2026-07-25T06_v1
2026-06-13,Addis Ababa,Addis Ababa,Ehil Berenda,9.0333,38.7389,cereals and tubers,Wheat,KG,actual,Retail,ETB,57.64,0.4117,9,6,agent:7|user:2,published,waga-index-v1,snap_2026-07-25T06_v1
2026-06-13,Addis Ababa,Addis Ababa,Ehil Berenda,9.0333,38.7389,cereals and tubers,Maize,KG,actual,Retail,ETB,38.30,0.2736,6,4,agent:4|user:2,published,waga-index-v1,snap_2026-07-25T06_v1
2026-06-13,Addis Ababa,Addis Ababa,Ehil Berenda,9.0333,38.7389,vegetables and fruits,Onion,KG,actual,Retail,ETB,37.47,0.2676,7,5,agent:5|user:2,published,waga-index-v1,snap_2026-07-25T06_v1
2026-06-13,Addis Ababa,Addis Ababa,Ehil Berenda,9.0333,38.7389,oil and fats,Cooking oil,L,actual,Retail,ETB,156.03,1.1145,6,4,agent:4|user:2,published,waga-index-v1,snap_2026-07-25T06_v1
2026-06-13,Addis Ababa,Addis Ababa,Atikilt Tera,9.03,38.745,cereals and tubers,Teff (mixed),KG,actual,Retail,ETB,91.54,0.6539,4,3,agent:3|user:1,published,waga-index-v1,snap_2026-07-25T06_v1
2026-06-13,Addis Ababa,Addis Ababa,Atikilt Tera,9.03,38.745,cereals and tubers,Wheat,KG,actual,Retail,ETB,58.76,0.4197,9,6,agent:7|user:2,published,waga-index-v1,snap_2026-07-25T06_v1
2026-06-13,Addis Ababa,Addis Ababa,Atikilt Tera,9.03,38.745,cereals and tubers,Maize,KG,actual,Retail,ETB,38.94,0.2781,8,5,agent:6|user:2,published,waga-index-v1,snap_2026-07-25T06_v1
2026-06-13,Addis Ababa,Addis Ababa,Atikilt Tera,9.03,38.745,vegetables and fruits,Onion,KG,actual,Retail,ETB,33.61,0.2401,5,3,agent:4|user:1,published,waga-index-v1,snap_2026-07-25T06_v1
2026-06-13,Addis Ababa,Addis Ababa,Atikilt Tera,9.03,38.745,oil and fats,Cooking oil,L,actual,Retail,ETB,149.66,1.0690,9,6,agent:7|user:2,published,waga-index-v1,snap_2026-07-25T06_v1
2026-06-13,Addis Ababa,Addis Ababa,Asko,9.0489,38.6889,cereals and tubers,Teff (mixed),KG,actual,Retail,ETB,93.40,0.6671,6,4,agent:4|user:2,published,waga-index-v1,snap_2026-07-25T06_v1
2026-06-13,Addis Ababa,Addis Ababa,Asko,9.0489,38.6889,cereals and tubers,Wheat,KG,actual,Retail,ETB,58.84,0.4203,4,3,agent:3|user:1,published,waga-index-v1,snap_2026-07-25T06_v1
2026-06-13,Addis Ababa,Addis Ababa,Asko,9.0489,38.6889,cereals and tubers,Maize,KG,actual,Retail,ETB,38.64,0.2760,5,3,agent:4|user:1,published,waga-index-v1,snap_2026-07-25T06_v1
2026-06-13,Addis Ababa,Addis Ababa,Asko,9.0489,38.6889,vegetables and fruits,Onion,KG,actual,Retail,ETB,38.10,0.2721,3,2,agent:2|user:1,published,waga-index-v1,snap_2026-07-25T06_v1
2026-06-13,Addis Ababa,Addis Ababa,Asko,9.0489,38.6889,oil and fats,Cooking oil,L,actual,Retail,ETB,156.84,1.1203,5,3,agent:4|user:1,published,waga-index-v1,snap_2026-07-25T06_v1
2026-06-13,Addis Ababa,Addis Ababa,Saris,8.9797,38.7622,cereals and tubers,Teff (mixed),KG,actual,Retail,ETB,95.25,0.6804,9,6,agent:7|user:2,published,waga-index-v1,snap_2026-07-25T06_v1
2026-06-13,Addis Ababa,Addis Ababa,Saris,8.9797,38.7622,cereals and tubers,Wheat,KG,actual,Retail,ETB,59.25,0.4232,8,5,agent:6|user:2,published,waga-index-v1,snap_2026-07-25T06_v1
2026-06-13,Addis Ababa,Addis Ababa,Saris,8.9797,38.7622,cereals and tubers,Maize,KG,actual,Retail,ETB,39.99,0.2856,7,5,agent:5|user:2,published,waga-index-v1,snap_2026-07-25T06_v1
2026-06-13,Addis Ababa,Addis Ababa,Saris,8.9797,38.7622,vegetables and fruits,Onion,KG,actual,Retail,ETB,38.72,0.2766,4,3,agent:3|user:1,published,waga-index-v1,snap_2026-07-25T06_v1
2026-06-13,Addis Ababa,Addis Ababa,Saris,8.9797,38.7622,oil and fats,Cooking oil,L,actual,Retail,ETB,158.50,1.1321,9,6,agent:7|user:2,published,waga-index-v1,snap_2026-07-25T06_v1
2026-06-13,Addis Ababa,Addis Ababa,Akaki,8.8939,38.8069,cereals and tubers,Teff (mixed),KG,actual,Retail,ETB,95.46,0.6819,8,5,agent:6|user:2,published,waga-index-v1,snap_2026-07-25T06_v1
2026-06-13,Addis Ababa,Addis Ababa,Akaki,8.8939,38.8069,cereals and tubers,Wheat,KG,actual,Retail,ETB,58.89,0.4206,6,4,agent:4|user:2,published,waga-index-v1,snap_2026-07-25T06_v1
2026-06-13,Addis Ababa,Addis Ababa,Akaki,8.8939,38.8069,cereals and tubers,Maize,KG,actual,Retail,ETB,39.53,0.2824,7,5,agent:5|user:2,published,waga-index-v1,snap_2026-07-25T06_v1
2026-06-13,Addis Ababa,Addis Ababa,Akaki,8.8939,38.8069,vegetables and fruits,Onion,KG,actual,Retail,ETB,38.90,0.2779,4,3,agent:3|user:1,published,waga-index-v1,snap_2026-07-25T06_v1
2026-06-13,Addis Ababa,Addis Ababa,Akaki,8.8939,38.8069,oil and fats,Cooking oil,L,actual,Retail,ETB,161.64,1.1546,4,3,agent:3|user:1,published,waga-index-v1,snap_2026-07-25T06_v1
2026-06-13,Addis Ababa,Addis Ababa,Kera,8.9994,38.7481,cereals and tubers,Teff (mixed),KG,actual,Retail,ETB,94.64,0.6760,8,5,agent:6|user:2,published,waga-index-v1,snap_2026-07-25T06_v1
2026-06-13,Addis Ababa,Addis Ababa,Kera,8.9994,38.7481,cereals and tubers,Wheat,KG,actual,Retail,ETB,60.12,0.4294,9,6,agent:7|user:2,published,waga-index-v1,snap_2026-07-25T06_v1
2026-06-13,Addis Ababa,Addis Ababa,Kera,8.9994,38.7481,cereals and tubers,Maize,KG,actual,Retail,ETB,41.13,0.2938,6,4,agent:4|user:2,published,waga-index-v1,snap_2026-07-25T06_v1
2026-06-13,Addis Ababa,Addis Ababa,Kera,8.9994,38.7481,vegetables and fruits,Onion,KG,actual,Retail,ETB,40.20,0.2871,5,3,agent:4|user:1,published,waga-index-v1,snap_2026-07-25T06_v1
2026-06-13,Addis Ababa,Addis Ababa,Kera,8.9994,38.7481,oil and fats,Cooking oil,L,actual,Retail,ETB,165.07,1.1791,4,3,agent:3|user:1,published,waga-index-v1,snap_2026-07-25T06_v1
2026-06-13,Addis Ababa,Addis Ababa,Shola Gebeya,9.0244,38.7986,cereals and tubers,Teff (mixed),KG,actual,Retail,ETB,99.98,0.7141,4,3,agent:3|user:1,published,waga-index-v1,snap_2026-07-25T06_v1
2026-06-13,Addis Ababa,Addis Ababa,Shola Gebeya,9.0244,38.7986,cereals and tubers,Wheat,KG,actual,Retail,ETB,,,1,1,agent:1,insufficient_data,waga-index-v1,snap_2026-07-25T06_v1
2026-06-13,Addis Ababa,Addis Ababa,Shola Gebeya,9.0244,38.7986,cereals and tubers,Maize,KG,actual,Retail,ETB,41.41,0.2958,7,5,agent:5|user:2,published,waga-index-v1,snap_2026-07-25T06_v1
2026-06-13,Addis Ababa,Addis Ababa,Shola Gebeya,9.0244,38.7986,vegetables and fruits,Onion,KG,actual,Retail,ETB,,,2,2,agent:2,insufficient_data,waga-index-v1,snap_2026-07-25T06_v1
2026-06-13,Addis Ababa,Addis Ababa,Shola Gebeya,9.0244,38.7986,oil and fats,Cooking oil,L,actual,Retail,ETB,170.61,1.2186,9,6,agent:7|user:2,published,waga-index-v1,snap_2026-07-25T06_v1
2026-06-13,Addis Ababa,Addis Ababa,Piazza,9.0356,38.7522,cereals and tubers,Teff (mixed),KG,actual,Retail,ETB,102.43,0.7316,4,3,agent:3|user:1,published,waga-index-v1,snap_2026-07-25T06_v1
2026-06-13,Addis Ababa,Addis Ababa,Piazza,9.0356,38.7522,cereals and tubers,Wheat,KG,actual,Retail,ETB,62.93,0.4495,5,3,agent:4|user:1,published,waga-index-v1,snap_2026-07-25T06_v1
2026-06-13,Addis Ababa,Addis Ababa,Piazza,9.0356,38.7522,cereals and tubers,Maize,KG,actual,Retail,ETB,42.36,0.3026,5,3,agent:4|user:1,published,waga-index-v1,snap_2026-07-25T06_v1
2026-06-13,Addis Ababa,Addis Ababa,Piazza,9.0356,38.7522,vegetables and fruits,Onion,KG,actual,Retail,ETB,42.71,0.3051,7,5,agent:5|user:2,published,waga-index-v1,snap_2026-07-25T06_v1
2026-06-13,Addis Ababa,Addis Ababa,Piazza,9.0356,38.7522,oil and fats,Cooking oil,L,actual,Retail,ETB,171.62,1.2259,9,6,agent:7|user:2,published,waga-index-v1,snap_2026-07-25T06_v1
2026-06-14,Addis Ababa,Addis Ababa,Merkato,9.0341,38.7395,cereals and tubers,Teff (mixed),KG,actual,Retail,ETB,90.01,0.6429,8,5,agent:6|user:2,published,waga-index-v1,snap_2026-07-25T06_v1
2026-06-14,Addis Ababa,Addis Ababa,Merkato,9.0341,38.7395,cereals and tubers,Wheat,KG,actual,Retail,ETB,53.17,0.3798,6,4,agent:4|user:2,published,waga-index-v1,snap_2026-07-25T06_v1
2026-06-14,Addis Ababa,Addis Ababa,Merkato,9.0341,38.7395,cereals and tubers,Maize,KG,actual,Retail,ETB,36.21,0.2586,8,5,agent:6|user:2,published,waga-index-v1,snap_2026-07-25T06_v1
2026-06-14,Addis Ababa,Addis Ababa,Merkato,9.0341,38.7395,vegetables and fruits,Onion,KG,actual,Retail,ETB,37.33,0.2666,8,5,agent:6|user:2,published,waga-index-v1,snap_2026-07-25T06_v1
2026-06-14,Addis Ababa,Addis Ababa,Merkato,9.0341,38.7395,oil and fats,Cooking oil,L,actual,Retail,ETB,152.57,1.0898,3,2,agent:2|user:1,published,waga-index-v1,snap_2026-07-25T06_v1
2026-06-14,Addis Ababa,Addis Ababa,Ehil Berenda,9.0333,38.7389,cereals and tubers,Teff (mixed),KG,actual,Retail,ETB,84.25,0.6018,4,3,agent:3|user:1,published,waga-index-v1,snap_2026-07-25T06_v1
2026-06-14,Addis Ababa,Addis Ababa,Ehil Berenda,9.0333,38.7389,cereals and tubers,Wheat,KG,actual,Retail,ETB,57.42,0.4101,6,4,agent:4|user:2,published,waga-index-v1,snap_2026-07-25T06_v1
2026-06-14,Addis Ababa,Addis Ababa,Ehil Berenda,9.0333,38.7389,cereals and tubers,Maize,KG,actual,Retail,ETB,39.09,0.2792,5,3,agent:4|user:1,published,waga-index-v1,snap_2026-07-25T06_v1
2026-06-14,Addis Ababa,Addis Ababa,Ehil Berenda,9.0333,38.7389,vegetables and fruits,Onion,KG,actual,Retail,ETB,37.90,0.2707,5,3,agent:4|user:1,published,waga-index-v1,snap_2026-07-25T06_v1
2026-06-14,Addis Ababa,Addis Ababa,Ehil Berenda,9.0333,38.7389,oil and fats,Cooking oil,L,actual,Retail,ETB,157.09,1.1221,5,3,agent:4|user:1,published,waga-index-v1,snap_2026-07-25T06_v1
2026-06-14,Addis Ababa,Addis Ababa,Atikilt Tera,9.03,38.745,cereals and tubers,Teff (mixed),KG,actual,Retail,ETB,91.66,0.6547,4,3,agent:3|user:1,published,waga-index-v1,snap_2026-07-25T06_v1
2026-06-14,Addis Ababa,Addis Ababa,Atikilt Tera,9.03,38.745,cereals and tubers,Wheat,KG,actual,Retail,ETB,58.49,0.4178,4,3,agent:3|user:1,published,waga-index-v1,snap_2026-07-25T06_v1
2026-06-14,Addis Ababa,Addis Ababa,Atikilt Tera,9.03,38.745,cereals and tubers,Maize,KG,actual,Retail,ETB,38.97,0.2784,9,6,agent:7|user:2,published,waga-index-v1,snap_2026-07-25T06_v1
2026-06-14,Addis Ababa,Addis Ababa,Atikilt Tera,9.03,38.745,vegetables and fruits,Onion,KG,actual,Retail,ETB,,,1,1,agent:1,insufficient_data,waga-index-v1,snap_2026-07-25T06_v1
2026-06-14,Addis Ababa,Addis Ababa,Atikilt Tera,9.03,38.745,oil and fats,Cooking oil,L,actual,Retail,ETB,149.82,1.0701,8,5,agent:6|user:2,published,waga-index-v1,snap_2026-07-25T06_v1
2026-06-14,Addis Ababa,Addis Ababa,Asko,9.0489,38.6889,cereals and tubers,Teff (mixed),KG,actual,Retail,ETB,92.70,0.6621,6,4,agent:4|user:2,published,waga-index-v1,snap_2026-07-25T06_v1
2026-06-14,Addis Ababa,Addis Ababa,Asko,9.0489,38.6889,cereals and tubers,Wheat,KG,actual,Retail,ETB,58.58,0.4184,9,6,agent:7|user:2,published,waga-index-v1,snap_2026-07-25T06_v1
2026-06-14,Addis Ababa,Addis Ababa,Asko,9.0489,38.6889,cereals and tubers,Maize,KG,actual,Retail,ETB,39.04,0.2789,4,3,agent:3|user:1,published,waga-index-v1,snap_2026-07-25T06_v1
2026-06-14,Addis Ababa,Addis Ababa,Asko,9.0489,38.6889,vegetables and fruits,Onion,KG,actual,Retail,ETB,38.50,0.2750,4,3,agent:3|user:1,published,waga-index-v1,snap_2026-07-25T06_v1
2026-06-14,Addis Ababa,Addis Ababa,Asko,9.0489,38.6889,oil and fats,Cooking oil,L,actual,Retail,ETB,158.38,1.1313,9,6,agent:7|user:2,published,waga-index-v1,snap_2026-07-25T06_v1
2026-06-14,Addis Ababa,Addis Ababa,Saris,8.9797,38.7622,cereals and tubers,Teff (mixed),KG,actual,Retail,ETB,94.03,0.6716,4,3,agent:3|user:1,published,waga-index-v1,snap_2026-07-25T06_v1
2026-06-14,Addis Ababa,Addis Ababa,Saris,8.9797,38.7622,cereals and tubers,Wheat,KG,actual,Retail,ETB,,,1,1,agent:1,insufficient_data,waga-index-v1,snap_2026-07-25T06_v1
2026-06-14,Addis Ababa,Addis Ababa,Saris,8.9797,38.7622,cereals and tubers,Maize,KG,actual,Retail,ETB,40.36,0.2883,8,5,agent:6|user:2,published,waga-index-v1,snap_2026-07-25T06_v1
2026-06-14,Addis Ababa,Addis Ababa,Saris,8.9797,38.7622,vegetables and fruits,Onion,KG,actual,Retail,ETB,38.67,0.2762,3,2,agent:2|user:1,published,waga-index-v1,snap_2026-07-25T06_v1
2026-06-14,Addis Ababa,Addis Ababa,Saris,8.9797,38.7622,oil and fats,Cooking oil,L,actual,Retail,ETB,158.61,1.1329,3,2,agent:2|user:1,published,waga-index-v1,snap_2026-07-25T06_v1
2026-06-14,Addis Ababa,Addis Ababa,Akaki,8.8939,38.8069,cereals and tubers,Teff (mixed),KG,actual,Retail,ETB,93.73,0.6695,3,2,agent:2|user:1,published,waga-index-v1,snap_2026-07-25T06_v1
2026-06-14,Addis Ababa,Addis Ababa,Akaki,8.8939,38.8069,cereals and tubers,Wheat,KG,actual,Retail,ETB,59.05,0.4218,7,5,agent:5|user:2,published,waga-index-v1,snap_2026-07-25T06_v1
2026-06-14,Addis Ababa,Addis Ababa,Akaki,8.8939,38.8069,cereals and tubers,Maize,KG,actual,Retail,ETB,39.53,0.2824,9,6,agent:7|user:2,published,waga-index-v1,snap_2026-07-25T06_v1
2026-06-14,Addis Ababa,Addis Ababa,Akaki,8.8939,38.8069,vegetables and fruits,Onion,KG,actual,Retail,ETB,38.84,0.2774,8,5,agent:6|user:2,published,waga-index-v1,snap_2026-07-25T06_v1
2026-06-14,Addis Ababa,Addis Ababa,Akaki,8.8939,38.8069,oil and fats,Cooking oil,L,actual,Retail,ETB,161.66,1.1547,9,6,agent:7|user:2,published,waga-index-v1,snap_2026-07-25T06_v1
2026-06-14,Addis Ababa,Addis Ababa,Kera,8.9994,38.7481,cereals and tubers,Teff (mixed),KG,actual,Retail,ETB,95.93,0.6852,5,3,agent:4|user:1,published,waga-index-v1,snap_2026-07-25T06_v1
2026-06-14,Addis Ababa,Addis Ababa,Kera,8.9994,38.7481,cereals and tubers,Wheat,KG,actual,Retail,ETB,60.21,0.4301,8,5,agent:6|user:2,published,waga-index-v1,snap_2026-07-25T06_v1
2026-06-14,Addis Ababa,Addis Ababa,Kera,8.9994,38.7481,cereals and tubers,Maize,KG,actual,Retail,ETB,41.01,0.2929,9,6,agent:7|user:2,published,waga-index-v1,snap_2026-07-25T06_v1
2026-06-14,Addis Ababa,Addis Ababa,Kera,8.9994,38.7481,vegetables and fruits,Onion,KG,actual,Retail,ETB,40.26,0.2876,7,5,agent:5|user:2,published,waga-index-v1,snap_2026-07-25T06_v1
2026-06-14,Addis Ababa,Addis Ababa,Kera,8.9994,38.7481,oil and fats,Cooking oil,L,actual,Retail,ETB,166.49,1.1892,4,3,agent:3|user:1,published,waga-index-v1,snap_2026-07-25T06_v1
2026-06-14,Addis Ababa,Addis Ababa,Shola Gebeya,9.0244,38.7986,cereals and tubers,Teff (mixed),KG,actual,Retail,ETB,99.38,0.7099,6,4,agent:4|user:2,published,waga-index-v1,snap_2026-07-25T06_v1
2026-06-14,Addis Ababa,Addis Ababa,Shola Gebeya,9.0244,38.7986,cereals and tubers,Wheat,KG,actual,Retail,ETB,62.87,0.4491,7,5,agent:5|user:2,published,waga-index-v1,snap_2026-07-25T06_v1
2026-06-14,Addis Ababa,Addis Ababa,Shola Gebeya,9.0244,38.7986,cereals and tubers,Maize,KG,actual,Retail,ETB,41.84,0.2989,6,4,agent:4|user:2,published,waga-index-v1,snap_2026-07-25T06_v1
2026-06-14,Addis Ababa,Addis Ababa,Shola Gebeya,9.0244,38.7986,vegetables and fruits,Onion,KG,actual,Retail,ETB,42.86,0.3061,9,6,agent:7|user:2,published,waga-index-v1,snap_2026-07-25T06_v1
2026-06-14,Addis Ababa,Addis Ababa,Shola Gebeya,9.0244,38.7986,oil and fats,Cooking oil,L,actual,Retail,ETB,172.44,1.2317,5,3,agent:4|user:1,published,waga-index-v1,snap_2026-07-25T06_v1
2026-06-14,Addis Ababa,Addis Ababa,Piazza,9.0356,38.7522,cereals and tubers,Teff (mixed),KG,actual,Retail,ETB,103.26,0.7376,9,6,agent:7|user:2,published,waga-index-v1,snap_2026-07-25T06_v1
2026-06-14,Addis Ababa,Addis Ababa,Piazza,9.0356,38.7522,cereals and tubers,Wheat,KG,actual,Retail,ETB,63.49,0.4535,6,4,agent:4|user:2,published,waga-index-v1,snap_2026-07-25T06_v1
2026-06-14,Addis Ababa,Addis Ababa,Piazza,9.0356,38.7522,cereals and tubers,Maize,KG,actual,Retail,ETB,42.32,0.3023,6,4,agent:4|user:2,published,waga-index-v1,snap_2026-07-25T06_v1
2026-06-14,Addis Ababa,Addis Ababa,Piazza,9.0356,38.7522,vegetables and fruits,Onion,KG,actual,Retail,ETB,,,2,2,agent:2,insufficient_data,waga-index-v1,snap_2026-07-25T06_v1
2026-06-14,Addis Ababa,Addis Ababa,Piazza,9.0356,38.7522,oil and fats,Cooking oil,L,actual,Retail,ETB,171.20,1.2229,4,3,agent:3|user:1,published,waga-index-v1,snap_2026-07-25T06_v1
2026-06-15,Addis Ababa,Addis Ababa,Merkato,9.0341,38.7395,cereals and tubers,Teff (mixed),KG,actual,Retail,ETB,91.10,0.6507,4,3,agent:3|user:1,published,waga-index-v1,snap_2026-07-25T06_v1
2026-06-15,Addis Ababa,Addis Ababa,Merkato,9.0341,38.7395,cereals and tubers,Wheat,KG,actual,Retail,ETB,52.87,0.3776,9,6,agent:7|user:2,published,waga-index-v1,snap_2026-07-25T06_v1
2026-06-15,Addis Ababa,Addis Ababa,Merkato,9.0341,38.7395,cereals and tubers,Maize,KG,actual,Retail,ETB,36.40,0.2600,6,4,agent:4|user:2,published,waga-index-v1,snap_2026-07-25T06_v1
2026-06-15,Addis Ababa,Addis Ababa,Merkato,9.0341,38.7395,vegetables and fruits,Onion,KG,actual,Retail,ETB,,,1,1,agent:1,insufficient_data,waga-index-v1,snap_2026-07-25T06_v1
2026-06-15,Addis Ababa,Addis Ababa,Merkato,9.0341,38.7395,oil and fats,Cooking oil,L,actual,Retail,ETB,153.19,1.0942,4,3,agent:3|user:1,published,waga-index-v1,snap_2026-07-25T06_v1
2026-06-15,Addis Ababa,Addis Ababa,Ehil Berenda,9.0333,38.7389,cereals and tubers,Teff (mixed),KG,actual,Retail,ETB,85.41,0.6101,4,3,agent:3|user:1,published,waga-index-v1,snap_2026-07-25T06_v1
2026-06-15,Addis Ababa,Addis Ababa,Ehil Berenda,9.0333,38.7389,cereals and tubers,Wheat,KG,actual,Retail,ETB,57.66,0.4119,8,5,agent:6|user:2,published,waga-index-v1,snap_2026-07-25T06_v1
2026-06-15,Addis Ababa,Addis Ababa,Ehil Berenda,9.0333,38.7389,cereals and tubers,Maize,KG,actual,Retail,ETB,38.71,0.2765,4,3,agent:3|user:1,published,waga-index-v1,snap_2026-07-25T06_v1
2026-06-15,Addis Ababa,Addis Ababa,Ehil Berenda,9.0333,38.7389,vegetables and fruits,Onion,KG,actual,Retail,ETB,37.73,0.2695,4,3,agent:3|user:1,published,waga-index-v1,snap_2026-07-25T06_v1
2026-06-15,Addis Ababa,Addis Ababa,Ehil Berenda,9.0333,38.7389,oil and fats,Cooking oil,L,actual,Retail,ETB,156.95,1.1211,3,2,agent:2|user:1,published,waga-index-v1,snap_2026-07-25T06_v1
2026-06-15,Addis Ababa,Addis Ababa,Atikilt Tera,9.03,38.745,cereals and tubers,Teff (mixed),KG,actual,Retail,ETB,92.57,0.6612,7,5,agent:5|user:2,published,waga-index-v1,snap_2026-07-25T06_v1
2026-06-15,Addis Ababa,Addis Ababa,Atikilt Tera,9.03,38.745,cereals and tubers,Wheat,KG,actual,Retail,ETB,58.78,0.4199,3,2,agent:2|user:1,published,waga-index-v1,snap_2026-07-25T06_v1
2026-06-15,Addis Ababa,Addis Ababa,Atikilt Tera,9.03,38.745,cereals and tubers,Maize,KG,actual,Retail,ETB,38.92,0.2780,3,2,agent:2|user:1,published,waga-index-v1,snap_2026-07-25T06_v1
2026-06-15,Addis Ababa,Addis Ababa,Atikilt Tera,9.03,38.745,vegetables and fruits,Onion,KG,actual,Retail,ETB,34.21,0.2444,9,6,agent:7|user:2,published,waga-index-v1,snap_2026-07-25T06_v1
2026-06-15,Addis Ababa,Addis Ababa,Atikilt Tera,9.03,38.745,oil and fats,Cooking oil,L,actual,Retail,ETB,151.00,1.0786,8,5,agent:6|user:2,published,waga-index-v1,snap_2026-07-25T06_v1
2026-06-15,Addis Ababa,Addis Ababa,Asko,9.0489,38.6889,cereals and tubers,Teff (mixed),KG,actual,Retail,ETB,92.80,0.6629,9,6,agent:7|user:2,published,waga-index-v1,snap_2026-07-25T06_v1
2026-06-15,Addis Ababa,Addis Ababa,Asko,9.0489,38.6889,cereals and tubers,Wheat,KG,actual,Retail,ETB,58.09,0.4149,7,5,agent:5|user:2,published,waga-index-v1,snap_2026-07-25T06_v1
2026-06-15,Addis Ababa,Addis Ababa,Asko,9.0489,38.6889,cereals and tubers,Maize,KG,actual,Retail,ETB,39.24,0.2803,5,3,agent:4|user:1,published,waga-index-v1,snap_2026-07-25T06_v1
2026-06-15,Addis Ababa,Addis Ababa,Asko,9.0489,38.6889,vegetables and fruits,Onion,KG,actual,Retail,ETB,38.64,0.2760,5,3,agent:4|user:1,published,waga-index-v1,snap_2026-07-25T06_v1
2026-06-15,Addis Ababa,Addis Ababa,Asko,9.0489,38.6889,oil and fats,Cooking oil,L,actual,Retail,ETB,159.03,1.1359,3,2,agent:2|user:1,published,waga-index-v1,snap_2026-07-25T06_v1
2026-06-15,Addis Ababa,Addis Ababa,Saris,8.9797,38.7622,cereals and tubers,Teff (mixed),KG,actual,Retail,ETB,94.15,0.6725,7,5,agent:5|user:2,published,waga-index-v1,snap_2026-07-25T06_v1
2026-06-15,Addis Ababa,Addis Ababa,Saris,8.9797,38.7622,cereals and tubers,Wheat,KG,actual,Retail,ETB,58.97,0.4212,4,3,agent:3|user:1,published,waga-index-v1,snap_2026-07-25T06_v1
2026-06-15,Addis Ababa,Addis Ababa,Saris,8.9797,38.7622,cereals and tubers,Maize,KG,actual,Retail,ETB,39.54,0.2824,6,4,agent:4|user:2,published,waga-index-v1,snap_2026-07-25T06_v1
2026-06-15,Addis Ababa,Addis Ababa,Saris,8.9797,38.7622,vegetables and fruits,Onion,KG,actual,Retail,ETB,38.57,0.2755,7,5,agent:5|user:2,published,waga-index-v1,snap_2026-07-25T06_v1
2026-06-15,Addis Ababa,Addis Ababa,Saris,8.9797,38.7622,oil and fats,Cooking oil,L,actual,Retail,ETB,159.95,1.1425,6,4,agent:4|user:2,published,waga-index-v1,snap_2026-07-25T06_v1
2026-06-15,Addis Ababa,Addis Ababa,Akaki,8.8939,38.8069,cereals and tubers,Teff (mixed),KG,actual,Retail,ETB,,,1,1,agent:1,insufficient_data,waga-index-v1,snap_2026-07-25T06_v1
2026-06-15,Addis Ababa,Addis Ababa,Akaki,8.8939,38.8069,cereals and tubers,Wheat,KG,actual,Retail,ETB,59.34,0.4239,8,5,agent:6|user:2,published,waga-index-v1,snap_2026-07-25T06_v1
2026-06-15,Addis Ababa,Addis Ababa,Akaki,8.8939,38.8069,cereals and tubers,Maize,KG,actual,Retail,ETB,39.51,0.2822,5,3,agent:4|user:1,published,waga-index-v1,snap_2026-07-25T06_v1
2026-06-15,Addis Ababa,Addis Ababa,Akaki,8.8939,38.8069,vegetables and fruits,Onion,KG,actual,Retail,ETB,,,2,2,agent:2,insufficient_data,waga-index-v1,snap_2026-07-25T06_v1
2026-06-15,Addis Ababa,Addis Ababa,Akaki,8.8939,38.8069,oil and fats,Cooking oil,L,actual,Retail,ETB,162.54,1.1610,6,4,agent:4|user:2,published,waga-index-v1,snap_2026-07-25T06_v1
2026-06-15,Addis Ababa,Addis Ababa,Kera,8.9994,38.7481,cereals and tubers,Teff (mixed),KG,actual,Retail,ETB,96.51,0.6894,9,6,agent:7|user:2,published,waga-index-v1,snap_2026-07-25T06_v1
2026-06-15,Addis Ababa,Addis Ababa,Kera,8.9994,38.7481,cereals and tubers,Wheat,KG,actual,Retail,ETB,60.28,0.4306,4,3,agent:3|user:1,published,waga-index-v1,snap_2026-07-25T06_v1
2026-06-15,Addis Ababa,Addis Ababa,Kera,8.9994,38.7481,cereals and tubers,Maize,KG,actual,Retail,ETB,41.13,0.2938,9,6,agent:7|user:2,published,waga-index-v1,snap_2026-07-25T06_v1
2026-06-15,Addis Ababa,Addis Ababa,Kera,8.9994,38.7481,vegetables and fruits,Onion,KG,actual,Retail,ETB,39.90,0.2850,6,4,agent:4|user:2,published,waga-index-v1,snap_2026-07-25T06_v1
2026-06-15,Addis Ababa,Addis Ababa,Kera,8.9994,38.7481,oil and fats,Cooking oil,L,actual,Retail,ETB,166.12,1.1866,6,4,agent:4|user:2,published,waga-index-v1,snap_2026-07-25T06_v1
2026-06-15,Addis Ababa,Addis Ababa,Shola Gebeya,9.0244,38.7986,cereals and tubers,Teff (mixed),KG,actual,Retail,ETB,99.37,0.7098,5,3,agent:4|user:1,published,waga-index-v1,snap_2026-07-25T06_v1
2026-06-15,Addis Ababa,Addis Ababa,Shola Gebeya,9.0244,38.7986,cereals and tubers,Wheat,KG,actual,Retail,ETB,61.93,0.4424,6,4,agent:4|user:2,published,waga-index-v1,snap_2026-07-25T06_v1
2026-06-15,Addis Ababa,Addis Ababa,Shola Gebeya,9.0244,38.7986,cereals and tubers,Maize,KG,actual,Retail,ETB,41.92,0.2994,9,6,agent:7|user:2,published,waga-index-v1,snap_2026-07-25T06_v1
2026-06-15,Addis Ababa,Addis Ababa,Shola Gebeya,9.0244,38.7986,vegetables and fruits,Onion,KG,actual,Retail,ETB,43.17,0.3084,5,3,agent:4|user:1,published,waga-index-v1,snap_2026-07-25T06_v1
2026-06-15,Addis Ababa,Addis Ababa,Shola Gebeya,9.0244,38.7986,oil and fats,Cooking oil,L,actual,Retail,ETB,170.19,1.2156,3,2,agent:2|user:1,published,waga-index-v1,snap_2026-07-25T06_v1
2026-06-15,Addis Ababa,Addis Ababa,Piazza,9.0356,38.7522,cereals and tubers,Teff (mixed),KG,actual,Retail,ETB,103.62,0.7401,6,4,agent:4|user:2,published,waga-index-v1,snap_2026-07-25T06_v1
2026-06-15,Addis Ababa,Addis Ababa,Piazza,9.0356,38.7522,cereals and tubers,Wheat,KG,actual,Retail,ETB,63.26,0.4519,9,6,agent:7|user:2,published,waga-index-v1,snap_2026-07-25T06_v1
2026-06-15,Addis Ababa,Addis Ababa,Piazza,9.0356,38.7522,cereals and tubers,Maize,KG,actual,Retail,ETB,,,0,0,,insufficient_data,waga-index-v1,snap_2026-07-25T06_v1
2026-06-15,Addis Ababa,Addis Ababa,Piazza,9.0356,38.7522,vegetables and fruits,Onion,KG,actual,Retail,ETB,42.32,0.3023,7,5,agent:5|user:2,published,waga-index-v1,snap_2026-07-25T06_v1
2026-06-15,Addis Ababa,Addis Ababa,Piazza,9.0356,38.7522,oil and fats,Cooking oil,L,actual,Retail,ETB,168.80,1.2057,9,6,agent:7|user:2,published,waga-index-v1,snap_2026-07-25T06_v1
2026-06-16,Addis Ababa,Addis Ababa,Merkato,9.0341,38.7395,cereals and tubers,Teff (mixed),KG,actual,Retail,ETB,91.31,0.6522,8,5,agent:6|user:2,published,waga-index-v1,snap_2026-07-25T06_v1
2026-06-16,Addis Ababa,Addis Ababa,Merkato,9.0341,38.7395,cereals and tubers,Wheat,KG,actual,Retail,ETB,52.89,0.3778,4,3,agent:3|user:1,published,waga-index-v1,snap_2026-07-25T06_v1
2026-06-16,Addis Ababa,Addis Ababa,Merkato,9.0341,38.7395,cereals and tubers,Maize,KG,actual,Retail,ETB,,,0,0,,insufficient_data,waga-index-v1,snap_2026-07-25T06_v1
2026-06-16,Addis Ababa,Addis Ababa,Merkato,9.0341,38.7395,vegetables and fruits,Onion,KG,actual,Retail,ETB,36.90,0.2636,9,6,agent:7|user:2,published,waga-index-v1,snap_2026-07-25T06_v1
2026-06-16,Addis Ababa,Addis Ababa,Merkato,9.0341,38.7395,oil and fats,Cooking oil,L,actual,Retail,ETB,155.16,1.1083,6,4,agent:4|user:2,published,waga-index-v1,snap_2026-07-25T06_v1
2026-06-16,Addis Ababa,Addis Ababa,Ehil Berenda,9.0333,38.7389,cereals and tubers,Teff (mixed),KG,actual,Retail,ETB,85.15,0.6082,5,3,agent:4|user:1,published,waga-index-v1,snap_2026-07-25T06_v1
2026-06-16,Addis Ababa,Addis Ababa,Ehil Berenda,9.0333,38.7389,cereals and tubers,Wheat,KG,actual,Retail,ETB,58.39,0.4171,4,3,agent:3|user:1,published,waga-index-v1,snap_2026-07-25T06_v1
2026-06-16,Addis Ababa,Addis Ababa,Ehil Berenda,9.0333,38.7389,cereals and tubers,Maize,KG,actual,Retail,ETB,,,1,1,agent:1,insufficient_data,waga-index-v1,snap_2026-07-25T06_v1
2026-06-16,Addis Ababa,Addis Ababa,Ehil Berenda,9.0333,38.7389,vegetables and fruits,Onion,KG,actual,Retail,ETB,37.91,0.2708,8,5,agent:6|user:2,published,waga-index-v1,snap_2026-07-25T06_v1
2026-06-16,Addis Ababa,Addis Ababa,Ehil Berenda,9.0333,38.7389,oil and fats,Cooking oil,L,actual,Retail,ETB,155.79,1.1128,5,3,agent:4|user:1,published,waga-index-v1,snap_2026-07-25T06_v1
2026-06-16,Addis Ababa,Addis Ababa,Atikilt Tera,9.03,38.745,cereals and tubers,Teff (mixed),KG,actual,Retail,ETB,,,0,0,,insufficient_data,waga-index-v1,snap_2026-07-25T06_v1
2026-06-16,Addis Ababa,Addis Ababa,Atikilt Tera,9.03,38.745,cereals and tubers,Wheat,KG,actual,Retail,ETB,58.26,0.4161,4,3,agent:3|user:1,published,waga-index-v1,snap_2026-07-25T06_v1
2026-06-16,Addis Ababa,Addis Ababa,Atikilt Tera,9.03,38.745,cereals and tubers,Maize,KG,actual,Retail,ETB,,,1,1,agent:1,insufficient_data,waga-index-v1,snap_2026-07-25T06_v1
2026-06-16,Addis Ababa,Addis Ababa,Atikilt Tera,9.03,38.745,vegetables and fruits,Onion,KG,actual,Retail,ETB,34.02,0.2430,7,5,agent:5|user:2,published,waga-index-v1,snap_2026-07-25T06_v1
2026-06-16,Addis Ababa,Addis Ababa,Atikilt Tera,9.03,38.745,oil and fats,Cooking oil,L,actual,Retail,ETB,150.79,1.0771,8,5,agent:6|user:2,published,waga-index-v1,snap_2026-07-25T06_v1
2026-06-16,Addis Ababa,Addis Ababa,Asko,9.0489,38.6889,cereals and tubers,Teff (mixed),KG,actual,Retail,ETB,93.38,0.6670,4,3,agent:3|user:1,published,waga-index-v1,snap_2026-07-25T06_v1
2026-06-16,Addis Ababa,Addis Ababa,Asko,9.0489,38.6889,cereals and tubers,Wheat,KG,actual,Retail,ETB,58.39,0.4171,3,2,agent:2|user:1,published,waga-index-v1,snap_2026-07-25T06_v1
2026-06-16,Addis Ababa,Addis Ababa,Asko,9.0489,38.6889,cereals and tubers,Maize,KG,actual,Retail,ETB,39.25,0.2804,4,3,agent:3|user:1,published,waga-index-v1,snap_2026-07-25T06_v1
2026-06-16,Addis Ababa,Addis Ababa,Asko,9.0489,38.6889,vegetables and fruits,Onion,KG,actual,Retail,ETB,38.52,0.2751,3,2,agent:2|user:1,published,waga-index-v1,snap_2026-07-25T06_v1
2026-06-16,Addis Ababa,Addis Ababa,Asko,9.0489,38.6889,oil and fats,Cooking oil,L,actual,Retail,ETB,160.00,1.1429,5,3,agent:4|user:1,published,waga-index-v1,snap_2026-07-25T06_v1
2026-06-16,Addis Ababa,Addis Ababa,Saris,8.9797,38.7622,cereals and tubers,Teff (mixed),KG,actual,Retail,ETB,93.72,0.6694,9,6,agent:7|user:2,published,waga-index-v1,snap_2026-07-25T06_v1
2026-06-16,Addis Ababa,Addis Ababa,Saris,8.9797,38.7622,cereals and tubers,Wheat,KG,actual,Retail,ETB,59.43,0.4245,7,5,agent:5|user:2,published,waga-index-v1,snap_2026-07-25T06_v1
2026-06-16,Addis Ababa,Addis Ababa,Saris,8.9797,38.7622,cereals and tubers,Maize,KG,actual,Retail,ETB,39.44,0.2817,3,2,agent:2|user:1,published,waga-index-v1,snap_2026-07-25T06_v1
2026-06-16,Addis Ababa,Addis Ababa,Saris,8.9797,38.7622,vegetables and fruits,Onion,KG,actual,Retail,ETB,38.44,0.2746,3,2,agent:2|user:1,published,waga-index-v1,snap_2026-07-25T06_v1
2026-06-16,Addis Ababa,Addis Ababa,Saris,8.9797,38.7622,oil and fats,Cooking oil,L,actual,Retail,ETB,160.65,1.1475,5,3,agent:4|user:1,published,waga-index-v1,snap_2026-07-25T06_v1
2026-06-16,Addis Ababa,Addis Ababa,Akaki,8.8939,38.8069,cereals and tubers,Teff (mixed),KG,actual,Retail,ETB,94.29,0.6735,6,4,agent:4|user:2,published,waga-index-v1,snap_2026-07-25T06_v1
2026-06-16,Addis Ababa,Addis Ababa,Akaki,8.8939,38.8069,cereals and tubers,Wheat,KG,actual,Retail,ETB,59.90,0.4279,7,5,agent:5|user:2,published,waga-index-v1,snap_2026-07-25T06_v1
2026-06-16,Addis Ababa,Addis Ababa,Akaki,8.8939,38.8069,cereals and tubers,Maize,KG,actual,Retail,ETB,39.26,0.2804,4,3,agent:3|user:1,published,waga-index-v1,snap_2026-07-25T06_v1
2026-06-16,Addis Ababa,Addis Ababa,Akaki,8.8939,38.8069,vegetables and fruits,Onion,KG,actual,Retail,ETB,38.35,0.2739,9,6,agent:7|user:2,published,waga-index-v1,snap_2026-07-25T06_v1
2026-06-16,Addis Ababa,Addis Ababa,Akaki,8.8939,38.8069,oil and fats,Cooking oil,L,actual,Retail,ETB,163.56,1.1683,6,4,agent:4|user:2,published,waga-index-v1,snap_2026-07-25T06_v1
2026-06-16,Addis Ababa,Addis Ababa,Kera,8.9994,38.7481,cereals and tubers,Teff (mixed),KG,actual,Retail,ETB,97.24,0.6946,8,5,agent:6|user:2,published,waga-index-v1,snap_2026-07-25T06_v1
2026-06-16,Addis Ababa,Addis Ababa,Kera,8.9994,38.7481,cereals and tubers,Wheat,KG,actual,Retail,ETB,61.07,0.4362,7,5,agent:5|user:2,published,waga-index-v1,snap_2026-07-25T06_v1
2026-06-16,Addis Ababa,Addis Ababa,Kera,8.9994,38.7481,cereals and tubers,Maize,KG,actual,Retail,ETB,41.28,0.2949,3,2,agent:2|user:1,published,waga-index-v1,snap_2026-07-25T06_v1
2026-06-16,Addis Ababa,Addis Ababa,Kera,8.9994,38.7481,vegetables and fruits,Onion,KG,actual,Retail,ETB,40.58,0.2899,7,5,agent:5|user:2,published,waga-index-v1,snap_2026-07-25T06_v1
2026-06-16,Addis Ababa,Addis Ababa,Kera,8.9994,38.7481,oil and fats,Cooking oil,L,actual,Retail,ETB,165.16,1.1797,7,5,agent:5|user:2,published,waga-index-v1,snap_2026-07-25T06_v1
2026-06-16,Addis Ababa,Addis Ababa,Shola Gebeya,9.0244,38.7986,cereals and tubers,Teff (mixed),KG,actual,Retail,ETB,99.13,0.7081,4,3,agent:3|user:1,published,waga-index-v1,snap_2026-07-25T06_v1
2026-06-16,Addis Ababa,Addis Ababa,Shola Gebeya,9.0244,38.7986,cereals and tubers,Wheat,KG,actual,Retail,ETB,62.25,0.4446,4,3,agent:3|user:1,published,waga-index-v1,snap_2026-07-25T06_v1
2026-06-16,Addis Ababa,Addis Ababa,Shola Gebeya,9.0244,38.7986,cereals and tubers,Maize,KG,actual,Retail,ETB,,,2,2,agent:2,insufficient_data,waga-index-v1,snap_2026-07-25T06_v1
2026-06-16,Addis Ababa,Addis Ababa,Shola Gebeya,9.0244,38.7986,vegetables and fruits,Onion,KG,actual,Retail,ETB,42.67,0.3048,8,5,agent:6|user:2,published,waga-index-v1,snap_2026-07-25T06_v1
2026-06-16,Addis Ababa,Addis Ababa,Shola Gebeya,9.0244,38.7986,oil and fats,Cooking oil,L,actual,Retail,ETB,172.75,1.2339,8,5,agent:6|user:2,published,waga-index-v1,snap_2026-07-25T06_v1
2026-06-16,Addis Ababa,Addis Ababa,Piazza,9.0356,38.7522,cereals and tubers,Teff (mixed),KG,actual,Retail,ETB,103.25,0.7375,9,6,agent:7|user:2,published,waga-index-v1,snap_2026-07-25T06_v1
2026-06-16,Addis Ababa,Addis Ababa,Piazza,9.0356,38.7522,cereals and tubers,Wheat,KG,actual,Retail,ETB,64.44,0.4603,6,4,agent:4|user:2,published,waga-index-v1,snap_2026-07-25T06_v1
2026-06-16,Addis Ababa,Addis Ababa,Piazza,9.0356,38.7522,cereals and tubers,Maize,KG,actual,Retail,ETB,,,0,0,,insufficient_data,waga-index-v1,snap_2026-07-25T06_v1
2026-06-16,Addis Ababa,Addis Ababa,Piazza,9.0356,38.7522,vegetables and fruits,Onion,KG,actual,Retail,ETB,42.33,0.3024,6,4,agent:4|user:2,published,waga-index-v1,snap_2026-07-25T06_v1
2026-06-16,Addis Ababa,Addis Ababa,Piazza,9.0356,38.7522,oil and fats,Cooking oil,L,actual,Retail,ETB,172.13,1.2295,3,2,agent:2|user:1,published,waga-index-v1,snap_2026-07-25T06_v1
2026-06-17,Addis Ababa,Addis Ababa,Merkato,9.0341,38.7395,cereals and tubers,Teff (mixed),KG,actual,Retail,ETB,90.46,0.6461,6,4,agent:4|user:2,published,waga-index-v1,snap_2026-07-25T06_v1
2026-06-17,Addis Ababa,Addis Ababa,Merkato,9.0341,38.7395,cereals and tubers,Wheat,KG,actual,Retail,ETB,53.19,0.3799,7,5,agent:5|user:2,published,waga-index-v1,snap_2026-07-25T06_v1
2026-06-17,Addis Ababa,Addis Ababa,Merkato,9.0341,38.7395,cereals and tubers,Maize,KG,actual,Retail,ETB,36.22,0.2587,9,6,agent:7|user:2,published,waga-index-v1,snap_2026-07-25T06_v1
2026-06-17,Addis Ababa,Addis Ababa,Merkato,9.0341,38.7395,vegetables and fruits,Onion,KG,actual,Retail,ETB,37.04,0.2646,5,3,agent:4|user:1,published,waga-index-v1,snap_2026-07-25T06_v1
2026-06-17,Addis Ababa,Addis Ababa,Merkato,9.0341,38.7395,oil and fats,Cooking oil,L,actual,Retail,ETB,152.68,1.0906,7,5,agent:5|user:2,published,waga-index-v1,snap_2026-07-25T06_v1
2026-06-17,Addis Ababa,Addis Ababa,Ehil Berenda,9.0333,38.7389,cereals and tubers,Teff (mixed),KG,actual,Retail,ETB,85.53,0.6109,3,2,agent:2|user:1,published,waga-index-v1,snap_2026-07-25T06_v1
2026-06-17,Addis Ababa,Addis Ababa,Ehil Berenda,9.0333,38.7389,cereals and tubers,Wheat,KG,actual,Retail,ETB,,,0,0,,insufficient_data,waga-index-v1,snap_2026-07-25T06_v1
2026-06-17,Addis Ababa,Addis Ababa,Ehil Berenda,9.0333,38.7389,cereals and tubers,Maize,KG,actual,Retail,ETB,38.59,0.2756,9,6,agent:7|user:2,published,waga-index-v1,snap_2026-07-25T06_v1
2026-06-17,Addis Ababa,Addis Ababa,Ehil Berenda,9.0333,38.7389,vegetables and fruits,Onion,KG,actual,Retail,ETB,38.13,0.2724,3,2,agent:2|user:1,published,waga-index-v1,snap_2026-07-25T06_v1
2026-06-17,Addis Ababa,Addis Ababa,Ehil Berenda,9.0333,38.7389,oil and fats,Cooking oil,L,actual,Retail,ETB,158.43,1.1316,5,3,agent:4|user:1,published,waga-index-v1,snap_2026-07-25T06_v1
2026-06-17,Addis Ababa,Addis Ababa,Atikilt Tera,9.03,38.745,cereals and tubers,Teff (mixed),KG,actual,Retail,ETB,92.17,0.6584,9,6,agent:7|user:2,published,waga-index-v1,snap_2026-07-25T06_v1
2026-06-17,Addis Ababa,Addis Ababa,Atikilt Tera,9.03,38.745,cereals and tubers,Wheat,KG,actual,Retail,ETB,58.27,0.4162,5,3,agent:4|user:1,published,waga-index-v1,snap_2026-07-25T06_v1
2026-06-17,Addis Ababa,Addis Ababa,Atikilt Tera,9.03,38.745,cereals and tubers,Maize,KG,actual,Retail,ETB,38.69,0.2764,4,3,agent:3|user:1,published,waga-index-v1,snap_2026-07-25T06_v1
2026-06-17,Addis Ababa,Addis Ababa,Atikilt Tera,9.03,38.745,vegetables and fruits,Onion,KG,actual,Retail,ETB,33.78,0.2413,8,5,agent:6|user:2,published,waga-index-v1,snap_2026-07-25T06_v1
2026-06-17,Addis Ababa,Addis Ababa,Atikilt Tera,9.03,38.745,oil and fats,Cooking oil,L,actual,Retail,ETB,151.00,1.0786,8,5,agent:6|user:2,published,waga-index-v1,snap_2026-07-25T06_v1
2026-06-17,Addis Ababa,Addis Ababa,Asko,9.0489,38.6889,cereals and tubers,Teff (mixed),KG,actual,Retail,ETB,94.49,0.6749,6,4,agent:4|user:2,published,waga-index-v1,snap_2026-07-25T06_v1
2026-06-17,Addis Ababa,Addis Ababa,Asko,9.0489,38.6889,cereals and tubers,Wheat,KG,actual,Retail,ETB,,,0,0,,insufficient_data,waga-index-v1,snap_2026-07-25T06_v1
2026-06-17,Addis Ababa,Addis Ababa,Asko,9.0489,38.6889,cereals and tubers,Maize,KG,actual,Retail,ETB,39.16,0.2797,3,2,agent:2|user:1,published,waga-index-v1,snap_2026-07-25T06_v1
2026-06-17,Addis Ababa,Addis Ababa,Asko,9.0489,38.6889,vegetables and fruits,Onion,KG,actual,Retail,ETB,38.32,0.2737,7,5,agent:5|user:2,published,waga-index-v1,snap_2026-07-25T06_v1
2026-06-17,Addis Ababa,Addis Ababa,Asko,9.0489,38.6889,oil and fats,Cooking oil,L,actual,Retail,ETB,161.42,1.1530,9,6,agent:7|user:2,published,waga-index-v1,snap_2026-07-25T06_v1
2026-06-17,Addis Ababa,Addis Ababa,Saris,8.9797,38.7622,cereals and tubers,Teff (mixed),KG,actual,Retail,ETB,93.38,0.6670,3,2,agent:2|user:1,published,waga-index-v1,snap_2026-07-25T06_v1
2026-06-17,Addis Ababa,Addis Ababa,Saris,8.9797,38.7622,cereals and tubers,Wheat,KG,actual,Retail,ETB,59.17,0.4226,9,6,agent:7|user:2,published,waga-index-v1,snap_2026-07-25T06_v1
2026-06-17,Addis Ababa,Addis Ababa,Saris,8.9797,38.7622,cereals and tubers,Maize,KG,actual,Retail,ETB,39.59,0.2828,5,3,agent:4|user:1,published,waga-index-v1,snap_2026-07-25T06_v1
2026-06-17,Addis Ababa,Addis Ababa,Saris,8.9797,38.7622,vegetables and fruits,Onion,KG,actual,Retail,ETB,38.01,0.2715,7,5,agent:5|user:2,published,waga-index-v1,snap_2026-07-25T06_v1
2026-06-17,Addis Ababa,Addis Ababa,Saris,8.9797,38.7622,oil and fats,Cooking oil,L,actual,Retail,ETB,162.04,1.1574,9,6,agent:7|user:2,published,waga-index-v1,snap_2026-07-25T06_v1
2026-06-17,Addis Ababa,Addis Ababa,Akaki,8.8939,38.8069,cereals and tubers,Teff (mixed),KG,actual,Retail,ETB,94.83,0.6774,4,3,agent:3|user:1,published,waga-index-v1,snap_2026-07-25T06_v1
2026-06-17,Addis Ababa,Addis Ababa,Akaki,8.8939,38.8069,cereals and tubers,Wheat,KG,actual,Retail,ETB,59.87,0.4276,8,5,agent:6|user:2,published,waga-index-v1,snap_2026-07-25T06_v1
2026-06-17,Addis Ababa,Addis Ababa,Akaki,8.8939,38.8069,cereals and tubers,Maize,KG,actual,Retail,ETB,39.55,0.2825,5,3,agent:4|user:1,published,waga-index-v1,snap_2026-07-25T06_v1
2026-06-17,Addis Ababa,Addis Ababa,Akaki,8.8939,38.8069,vegetables and fruits,Onion,KG,actual,Retail,ETB,38.86,0.2776,8,5,agent:6|user:2,published,waga-index-v1,snap_2026-07-25T06_v1
2026-06-17,Addis Ababa,Addis Ababa,Akaki,8.8939,38.8069,oil and fats,Cooking oil,L,actual,Retail,ETB,,,1,1,agent:1,insufficient_data,waga-index-v1,snap_2026-07-25T06_v1
2026-06-17,Addis Ababa,Addis Ababa,Kera,8.9994,38.7481,cereals and tubers,Teff (mixed),KG,actual,Retail,ETB,97.33,0.6952,9,6,agent:7|user:2,published,waga-index-v1,snap_2026-07-25T06_v1
2026-06-17,Addis Ababa,Addis Ababa,Kera,8.9994,38.7481,cereals and tubers,Wheat,KG,actual,Retail,ETB,62.41,0.4458,3,2,agent:2|user:1,published,waga-index-v1,snap_2026-07-25T06_v1
2026-06-17,Addis Ababa,Addis Ababa,Kera,8.9994,38.7481,cereals and tubers,Maize,KG,actual,Retail,ETB,40.85,0.2918,3,2,agent:2|user:1,published,waga-index-v1,snap_2026-07-25T06_v1
2026-06-17,Addis Ababa,Addis Ababa,Kera,8.9994,38.7481,vegetables and fruits,Onion,KG,actual,Retail,ETB,40.49,0.2892,7,5,agent:5|user:2,published,waga-index-v1,snap_2026-07-25T06_v1
2026-06-17,Addis Ababa,Addis Ababa,Kera,8.9994,38.7481,oil and fats,Cooking oil,L,actual,Retail,ETB,165.81,1.1844,9,6,agent:7|user:2,published,waga-index-v1,snap_2026-07-25T06_v1
2026-06-17,Addis Ababa,Addis Ababa,Shola Gebeya,9.0244,38.7986,cereals and tubers,Teff (mixed),KG,actual,Retail,ETB,,,0,0,,insufficient_data,waga-index-v1,snap_2026-07-25T06_v1
2026-06-17,Addis Ababa,Addis Ababa,Shola Gebeya,9.0244,38.7986,cereals and tubers,Wheat,KG,actual,Retail,ETB,62.23,0.4445,8,5,agent:6|user:2,published,waga-index-v1,snap_2026-07-25T06_v1
2026-06-17,Addis Ababa,Addis Ababa,Shola Gebeya,9.0244,38.7986,cereals and tubers,Maize,KG,actual,Retail,ETB,42.03,0.3002,3,2,agent:2|user:1,published,waga-index-v1,snap_2026-07-25T06_v1
2026-06-17,Addis Ababa,Addis Ababa,Shola Gebeya,9.0244,38.7986,vegetables and fruits,Onion,KG,actual,Retail,ETB,43.51,0.3108,4,3,agent:3|user:1,published,waga-index-v1,snap_2026-07-25T06_v1
2026-06-17,Addis Ababa,Addis Ababa,Shola Gebeya,9.0244,38.7986,oil and fats,Cooking oil,L,actual,Retail,ETB,171.65,1.2261,6,4,agent:4|user:2,published,waga-index-v1,snap_2026-07-25T06_v1
2026-06-17,Addis Ababa,Addis Ababa,Piazza,9.0356,38.7522,cereals and tubers,Teff (mixed),KG,actual,Retail,ETB,102.55,0.7325,3,2,agent:2|user:1,published,waga-index-v1,snap_2026-07-25T06_v1
2026-06-17,Addis Ababa,Addis Ababa,Piazza,9.0356,38.7522,cereals and tubers,Wheat,KG,actual,Retail,ETB,64.13,0.4581,9,6,agent:7|user:2,published,waga-index-v1,snap_2026-07-25T06_v1
2026-06-17,Addis Ababa,Addis Ababa,Piazza,9.0356,38.7522,cereals and tubers,Maize,KG,actual,Retail,ETB,42.51,0.3036,5,3,agent:4|user:1,published,waga-index-v1,snap_2026-07-25T06_v1
2026-06-17,Addis Ababa,Addis Ababa,Piazza,9.0356,38.7522,vegetables and fruits,Onion,KG,actual,Retail,ETB,,,2,2,agent:2,insufficient_data,waga-index-v1,snap_2026-07-25T06_v1
2026-06-17,Addis Ababa,Addis Ababa,Piazza,9.0356,38.7522,oil and fats,Cooking oil,L,actual,Retail,ETB,174.32,1.2451,7,5,agent:5|user:2,published,waga-index-v1,snap_2026-07-25T06_v1
2026-06-18,Addis Ababa,Addis Ababa,Merkato,9.0341,38.7395,cereals and tubers,Teff (mixed),KG,actual,Retail,ETB,89.68,0.6406,3,2,agent:2|user:1,published,waga-index-v1,snap_2026-07-25T06_v1
2026-06-18,Addis Ababa,Addis Ababa,Merkato,9.0341,38.7395,cereals and tubers,Wheat,KG,actual,Retail,ETB,53.28,0.3806,7,5,agent:5|user:2,published,waga-index-v1,snap_2026-07-25T06_v1
2026-06-18,Addis Ababa,Addis Ababa,Merkato,9.0341,38.7395,cereals and tubers,Maize,KG,actual,Retail,ETB,36.06,0.2576,6,4,agent:4|user:2,published,waga-index-v1,snap_2026-07-25T06_v1
2026-06-18,Addis Ababa,Addis Ababa,Merkato,9.0341,38.7395,vegetables and fruits,Onion,KG,actual,Retail,ETB,37.43,0.2674,7,5,agent:5|user:2,published,waga-index-v1,snap_2026-07-25T06_v1
2026-06-18,Addis Ababa,Addis Ababa,Merkato,9.0341,38.7395,oil and fats,Cooking oil,L,actual,Retail,ETB,150.50,1.0750,8,5,agent:6|user:2,published,waga-index-v1,snap_2026-07-25T06_v1
2026-06-18,Addis Ababa,Addis Ababa,Ehil Berenda,9.0333,38.7389,cereals and tubers,Teff (mixed),KG,actual,Retail,ETB,84.47,0.6034,3,2,agent:2|user:1,published,waga-index-v1,snap_2026-07-25T06_v1
2026-06-18,Addis Ababa,Addis Ababa,Ehil Berenda,9.0333,38.7389,cereals and tubers,Wheat,KG,actual,Retail,ETB,57.78,0.4127,9,6,agent:7|user:2,published,waga-index-v1,snap_2026-07-25T06_v1
2026-06-18,Addis Ababa,Addis Ababa,Ehil Berenda,9.0333,38.7389,cereals and tubers,Maize,KG,actual,Retail,ETB,38.84,0.2774,4,3,agent:3|user:1,published,waga-index-v1,snap_2026-07-25T06_v1
2026-06-18,Addis Ababa,Addis Ababa,Ehil Berenda,9.0333,38.7389,vegetables and fruits,Onion,KG,actual,Retail,ETB,38.07,0.2719,3,2,agent:2|user:1,published,waga-index-v1,snap_2026-07-25T06_v1
2026-06-18,Addis Ababa,Addis Ababa,Ehil Berenda,9.0333,38.7389,oil and fats,Cooking oil,L,actual,Retail,ETB,158.52,1.1323,7,5,agent:5|user:2,published,waga-index-v1,snap_2026-07-25T06_v1
2026-06-18,Addis Ababa,Addis Ababa,Atikilt Tera,9.03,38.745,cereals and tubers,Teff (mixed),KG,actual,Retail,ETB,91.63,0.6545,3,2,agent:2|user:1,published,waga-index-v1,snap_2026-07-25T06_v1
2026-06-18,Addis Ababa,Addis Ababa,Atikilt Tera,9.03,38.745,cereals and tubers,Wheat,KG,actual,Retail,ETB,58.42,0.4173,5,3,agent:4|user:1,published,waga-index-v1,snap_2026-07-25T06_v1
2026-06-18,Addis Ababa,Addis Ababa,Atikilt Tera,9.03,38.745,cereals and tubers,Maize,KG,actual,Retail,ETB,38.75,0.2768,5,3,agent:4|user:1,published,waga-index-v1,snap_2026-07-25T06_v1
2026-06-18,Addis Ababa,Addis Ababa,Atikilt Tera,9.03,38.745,vegetables and fruits,Onion,KG,actual,Retail,ETB,33.93,0.2424,4,3,agent:3|user:1,published,waga-index-v1,snap_2026-07-25T06_v1
2026-06-18,Addis Ababa,Addis Ababa,Atikilt Tera,9.03,38.745,oil and fats,Cooking oil,L,actual,Retail,ETB,,,2,2,agent:2,insufficient_data,waga-index-v1,snap_2026-07-25T06_v1
2026-06-18,Addis Ababa,Addis Ababa,Asko,9.0489,38.6889,cereals and tubers,Teff (mixed),KG,actual,Retail,ETB,94.37,0.6741,4,3,agent:3|user:1,published,waga-index-v1,snap_2026-07-25T06_v1
2026-06-18,Addis Ababa,Addis Ababa,Asko,9.0489,38.6889,cereals and tubers,Wheat,KG,actual,Retail,ETB,59.16,0.4226,8,5,agent:6|user:2,published,waga-index-v1,snap_2026-07-25T06_v1
2026-06-18,Addis Ababa,Addis Ababa,Asko,9.0489,38.6889,cereals and tubers,Maize,KG,actual,Retail,ETB,38.60,0.2757,3,2,agent:2|user:1,published,waga-index-v1,snap_2026-07-25T06_v1
2026-06-18,Addis Ababa,Addis Ababa,Asko,9.0489,38.6889,vegetables and fruits,Onion,KG,actual,Retail,ETB,39.17,0.2798,5,3,agent:4|user:1,published,waga-index-v1,snap_2026-07-25T06_v1
2026-06-18,Addis Ababa,Addis Ababa,Asko,9.0489,38.6889,oil and fats,Cooking oil,L,actual,Retail,ETB,159.77,1.1412,6,4,agent:4|user:2,published,waga-index-v1,snap_2026-07-25T06_v1
2026-06-18,Addis Ababa,Addis Ababa,Saris,8.9797,38.7622,cereals and tubers,Teff (mixed),KG,actual,Retail,ETB,93.52,0.6680,9,6,agent:7|user:2,published,waga-index-v1,snap_2026-07-25T06_v1
2026-06-18,Addis Ababa,Addis Ababa,Saris,8.9797,38.7622,cereals and tubers,Wheat,KG,actual,Retail,ETB,59.04,0.4217,7,5,agent:5|user:2,published,waga-index-v1,snap_2026-07-25T06_v1
2026-06-18,Addis Ababa,Addis Ababa,Saris,8.9797,38.7622,cereals and tubers,Maize,KG,actual,Retail,ETB,,,2,2,agent:2,insufficient_data,waga-index-v1,snap_2026-07-25T06_v1
2026-06-18,Addis Ababa,Addis Ababa,Saris,8.9797,38.7622,vegetables and fruits,Onion,KG,actual,Retail,ETB,38.62,0.2759,6,4,agent:4|user:2,published,waga-index-v1,snap_2026-07-25T06_v1
2026-06-18,Addis Ababa,Addis Ababa,Saris,8.9797,38.7622,oil and fats,Cooking oil,L,actual,Retail,ETB,161.85,1.1561,7,5,agent:5|user:2,published,waga-index-v1,snap_2026-07-25T06_v1
2026-06-18,Addis Ababa,Addis Ababa,Akaki,8.8939,38.8069,cereals and tubers,Teff (mixed),KG,actual,Retail,ETB,94.02,0.6716,4,3,agent:3|user:1,published,waga-index-v1,snap_2026-07-25T06_v1
2026-06-18,Addis Ababa,Addis Ababa,Akaki,8.8939,38.8069,cereals and tubers,Wheat,KG,actual,Retail,ETB,60.56,0.4326,6,4,agent:4|user:2,published,waga-index-v1,snap_2026-07-25T06_v1
2026-06-18,Addis Ababa,Addis Ababa,Akaki,8.8939,38.8069,cereals and tubers,Maize,KG,actual,Retail,ETB,,,0,0,,insufficient_data,waga-index-v1,snap_2026-07-25T06_v1
2026-06-18,Addis Ababa,Addis Ababa,Akaki,8.8939,38.8069,vegetables and fruits,Onion,KG,actual,Retail,ETB,38.90,0.2779,5,3,agent:4|user:1,published,waga-index-v1,snap_2026-07-25T06_v1
2026-06-18,Addis Ababa,Addis Ababa,Akaki,8.8939,38.8069,oil and fats,Cooking oil,L,actual,Retail,ETB,163.29,1.1664,3,2,agent:2|user:1,published,waga-index-v1,snap_2026-07-25T06_v1
2026-06-18,Addis Ababa,Addis Ababa,Kera,8.9994,38.7481,cereals and tubers,Teff (mixed),KG,actual,Retail,ETB,98.28,0.7020,3,2,agent:2|user:1,published,waga-index-v1,snap_2026-07-25T06_v1
2026-06-18,Addis Ababa,Addis Ababa,Kera,8.9994,38.7481,cereals and tubers,Wheat,KG,actual,Retail,ETB,61.91,0.4422,8,5,agent:6|user:2,published,waga-index-v1,snap_2026-07-25T06_v1
2026-06-18,Addis Ababa,Addis Ababa,Kera,8.9994,38.7481,cereals and tubers,Maize,KG,actual,Retail,ETB,40.53,0.2895,5,3,agent:4|user:1,published,waga-index-v1,snap_2026-07-25T06_v1
2026-06-18,Addis Ababa,Addis Ababa,Kera,8.9994,38.7481,vegetables and fruits,Onion,KG,actual,Retail,ETB,40.47,0.2891,6,4,agent:4|user:2,published,waga-index-v1,snap_2026-07-25T06_v1
2026-06-18,Addis Ababa,Addis Ababa,Kera,8.9994,38.7481,oil and fats,Cooking oil,L,actual,Retail,ETB,,,2,2,agent:2,insufficient_data,waga-index-v1,snap_2026-07-25T06_v1
2026-06-18,Addis Ababa,Addis Ababa,Shola Gebeya,9.0244,38.7986,cereals and tubers,Teff (mixed),KG,actual,Retail,ETB,100.62,0.7187,9,6,agent:7|user:2,published,waga-index-v1,snap_2026-07-25T06_v1
2026-06-18,Addis Ababa,Addis Ababa,Shola Gebeya,9.0244,38.7986,cereals and tubers,Wheat,KG,actual,Retail,ETB,62.77,0.4484,7,5,agent:5|user:2,published,waga-index-v1,snap_2026-07-25T06_v1
2026-06-18,Addis Ababa,Addis Ababa,Shola Gebeya,9.0244,38.7986,cereals and tubers,Maize,KG,actual,Retail,ETB,41.51,0.2965,7,5,agent:5|user:2,published,waga-index-v1,snap_2026-07-25T06_v1
2026-06-18,Addis Ababa,Addis Ababa,Shola Gebeya,9.0244,38.7986,vegetables and fruits,Onion,KG,actual,Retail,ETB,43.21,0.3086,4,3,agent:3|user:1,published,waga-index-v1,snap_2026-07-25T06_v1
2026-06-18,Addis Ababa,Addis Ababa,Shola Gebeya,9.0244,38.7986,oil and fats,Cooking oil,L,actual,Retail,ETB,170.20,1.2157,9,6,agent:7|user:2,published,waga-index-v1,snap_2026-07-25T06_v1
2026-06-18,Addis Ababa,Addis Ababa,Piazza,9.0356,38.7522,cereals and tubers,Teff (mixed),KG,actual,Retail,ETB,102.01,0.7286,6,4,agent:4|user:2,published,waga-index-v1,snap_2026-07-25T06_v1
2026-06-18,Addis Ababa,Addis Ababa,Piazza,9.0356,38.7522,cereals and tubers,Wheat,KG,actual,Retail,ETB,64.36,0.4597,3,2,agent:2|user:1,published,waga-index-v1,snap_2026-07-25T06_v1
2026-06-18,Addis Ababa,Addis Ababa,Piazza,9.0356,38.7522,cereals and tubers,Maize,KG,actual,Retail,ETB,42.95,0.3068,6,4,agent:4|user:2,published,waga-index-v1,snap_2026-07-25T06_v1
2026-06-18,Addis Ababa,Addis Ababa,Piazza,9.0356,38.7522,vegetables and fruits,Onion,KG,actual,Retail,ETB,,,0,0,,insufficient_data,waga-index-v1,snap_2026-07-25T06_v1
2026-06-18,Addis Ababa,Addis Ababa,Piazza,9.0356,38.7522,oil and fats,Cooking oil,L,actual,Retail,ETB,173.92,1.2423,5,3,agent:4|user:1,published,waga-index-v1,snap_2026-07-25T06_v1
2026-06-19,Addis Ababa,Addis Ababa,Merkato,9.0341,38.7395,cereals and tubers,Teff (mixed),KG,actual,Retail,ETB,91.24,0.6517,9,6,agent:7|user:2,published,waga-index-v1,snap_2026-07-25T06_v1
2026-06-19,Addis Ababa,Addis Ababa,Merkato,9.0341,38.7395,cereals and tubers,Wheat,KG,actual,Retail,ETB,54.00,0.3857,6,4,agent:4|user:2,published,waga-index-v1,snap_2026-07-25T06_v1
2026-06-19,Addis Ababa,Addis Ababa,Merkato,9.0341,38.7395,cereals and tubers,Maize,KG,actual,Retail,ETB,,,2,2,agent:2,insufficient_data,waga-index-v1,snap_2026-07-25T06_v1
2026-06-19,Addis Ababa,Addis Ababa,Merkato,9.0341,38.7395,vegetables and fruits,Onion,KG,actual,Retail,ETB,37.77,0.2698,8,5,agent:6|user:2,published,waga-index-v1,snap_2026-07-25T06_v1
2026-06-19,Addis Ababa,Addis Ababa,Merkato,9.0341,38.7395,oil and fats,Cooking oil,L,actual,Retail,ETB,150.64,1.0760,3,2,agent:2|user:1,published,waga-index-v1,snap_2026-07-25T06_v1
2026-06-19,Addis Ababa,Addis Ababa,Ehil Berenda,9.0333,38.7389,cereals and tubers,Teff (mixed),KG,actual,Retail,ETB,86.05,0.6146,8,5,agent:6|user:2,published,waga-index-v1,snap_2026-07-25T06_v1
2026-06-19,Addis Ababa,Addis Ababa,Ehil Berenda,9.0333,38.7389,cereals and tubers,Wheat,KG,actual,Retail,ETB,57.71,0.4122,7,5,agent:5|user:2,published,waga-index-v1,snap_2026-07-25T06_v1
2026-06-19,Addis Ababa,Addis Ababa,Ehil Berenda,9.0333,38.7389,cereals and tubers,Maize,KG,actual,Retail,ETB,38.40,0.2743,7,5,agent:5|user:2,published,waga-index-v1,snap_2026-07-25T06_v1
2026-06-19,Addis Ababa,Addis Ababa,Ehil Berenda,9.0333,38.7389,vegetables and fruits,Onion,KG,actual,Retail,ETB,38.51,0.2751,3,2,agent:2|user:1,published,waga-index-v1,snap_2026-07-25T06_v1
2026-06-19,Addis Ababa,Addis Ababa,Ehil Berenda,9.0333,38.7389,oil and fats,Cooking oil,L,actual,Retail,ETB,158.67,1.1334,8,5,agent:6|user:2,published,waga-index-v1,snap_2026-07-25T06_v1
2026-06-19,Addis Ababa,Addis Ababa,Atikilt Tera,9.03,38.745,cereals and tubers,Teff (mixed),KG,actual,Retail,ETB,91.57,0.6541,6,4,agent:4|user:2,published,waga-index-v1,snap_2026-07-25T06_v1
2026-06-19,Addis Ababa,Addis Ababa,Atikilt Tera,9.03,38.745,cereals and tubers,Wheat,KG,actual,Retail,ETB,,,2,2,agent:2,insufficient_data,waga-index-v1,snap_2026-07-25T06_v1
2026-06-19,Addis Ababa,Addis Ababa,Atikilt Tera,9.03,38.745,cereals and tubers,Maize,KG,actual,Retail,ETB,,,2,2,agent:2,insufficient_data,waga-index-v1,snap_2026-07-25T06_v1
2026-06-19,Addis Ababa,Addis Ababa,Atikilt Tera,9.03,38.745,vegetables and fruits,Onion,KG,actual,Retail,ETB,34.49,0.2464,5,3,agent:4|user:1,published,waga-index-v1,snap_2026-07-25T06_v1
2026-06-19,Addis Ababa,Addis Ababa,Atikilt Tera,9.03,38.745,oil and fats,Cooking oil,L,actual,Retail,ETB,152.29,1.0878,5,3,agent:4|user:1,published,waga-index-v1,snap_2026-07-25T06_v1
2026-06-19,Addis Ababa,Addis Ababa,Asko,9.0489,38.6889,cereals and tubers,Teff (mixed),KG,actual,Retail,ETB,93.58,0.6684,3,2,agent:2|user:1,published,waga-index-v1,snap_2026-07-25T06_v1
2026-06-19,Addis Ababa,Addis Ababa,Asko,9.0489,38.6889,cereals and tubers,Wheat,KG,actual,Retail,ETB,59.12,0.4223,5,3,agent:4|user:1,published,waga-index-v1,snap_2026-07-25T06_v1
2026-06-19,Addis Ababa,Addis Ababa,Asko,9.0489,38.6889,cereals and tubers,Maize,KG,actual,Retail,ETB,38.41,0.2744,8,5,agent:6|user:2,published,waga-index-v1,snap_2026-07-25T06_v1
2026-06-19,Addis Ababa,Addis Ababa,Asko,9.0489,38.6889,vegetables and fruits,Onion,KG,actual,Retail,ETB,39.16,0.2797,8,5,agent:6|user:2,published,waga-index-v1,snap_2026-07-25T06_v1
2026-06-19,Addis Ababa,Addis Ababa,Asko,9.0489,38.6889,oil and fats,Cooking oil,L,actual,Retail,ETB,160.39,1.1456,8,5,agent:6|user:2,published,waga-index-v1,snap_2026-07-25T06_v1
2026-06-19,Addis Ababa,Addis Ababa,Saris,8.9797,38.7622,cereals and tubers,Teff (mixed),KG,actual,Retail,ETB,93.89,0.6706,8,5,agent:6|user:2,published,waga-index-v1,snap_2026-07-25T06_v1
2026-06-19,Addis Ababa,Addis Ababa,Saris,8.9797,38.7622,cereals and tubers,Wheat,KG,actual,Retail,ETB,58.41,0.4172,7,5,agent:5|user:2,published,waga-index-v1,snap_2026-07-25T06_v1
2026-06-19,Addis Ababa,Addis Ababa,Saris,8.9797,38.7622,cereals and tubers,Maize,KG,actual,Retail,ETB,39.59,0.2828,9,6,agent:7|user:2,published,waga-index-v1,snap_2026-07-25T06_v1
2026-06-19,Addis Ababa,Addis Ababa,Saris,8.9797,38.7622,vegetables and fruits,Onion,KG,actual,Retail,ETB,39.02,0.2787,3,2,agent:2|user:1,published,waga-index-v1,snap_2026-07-25T06_v1
2026-06-19,Addis Ababa,Addis Ababa,Saris,8.9797,38.7622,oil and fats,Cooking oil,L,actual,Retail,ETB,162.82,1.1630,7,5,agent:5|user:2,published,waga-index-v1,snap_2026-07-25T06_v1
2026-06-19,Addis Ababa,Addis Ababa,Akaki,8.8939,38.8069,cereals and tubers,Teff (mixed),KG,actual,Retail,ETB,93.56,0.6683,7,5,agent:5|user:2,published,waga-index-v1,snap_2026-07-25T06_v1
2026-06-19,Addis Ababa,Addis Ababa,Akaki,8.8939,38.8069,cereals and tubers,Wheat,KG,actual,Retail,ETB,61.57,0.4398,7,5,agent:5|user:2,published,waga-index-v1,snap_2026-07-25T06_v1
2026-06-19,Addis Ababa,Addis Ababa,Akaki,8.8939,38.8069,cereals and tubers,Maize,KG,actual,Retail,ETB,40.06,0.2861,5,3,agent:4|user:1,published,waga-index-v1,snap_2026-07-25T06_v1
2026-06-19,Addis Ababa,Addis Ababa,Akaki,8.8939,38.8069,vegetables and fruits,Onion,KG,actual,Retail,ETB,39.30,0.2807,7,5,agent:5|user:2,published,waga-index-v1,snap_2026-07-25T06_v1
2026-06-19,Addis Ababa,Addis Ababa,Akaki,8.8939,38.8069,oil and fats,Cooking oil,L,actual,Retail,ETB,162.54,1.1610,9,6,agent:7|user:2,published,waga-index-v1,snap_2026-07-25T06_v1
2026-06-19,Addis Ababa,Addis Ababa,Kera,8.9994,38.7481,cereals and tubers,Teff (mixed),KG,actual,Retail,ETB,98.74,0.7053,6,4,agent:4|user:2,published,waga-index-v1,snap_2026-07-25T06_v1
2026-06-19,Addis Ababa,Addis Ababa,Kera,8.9994,38.7481,cereals and tubers,Wheat,KG,actual,Retail,ETB,,,0,0,,insufficient_data,waga-index-v1,snap_2026-07-25T06_v1
2026-06-19,Addis Ababa,Addis Ababa,Kera,8.9994,38.7481,cereals and tubers,Maize,KG,actual,Retail,ETB,41.05,0.2932,4,3,agent:3|user:1,published,waga-index-v1,snap_2026-07-25T06_v1
2026-06-19,Addis Ababa,Addis Ababa,Kera,8.9994,38.7481,vegetables and fruits,Onion,KG,actual,Retail,ETB,,,1,1,agent:1,insufficient_data,waga-index-v1,snap_2026-07-25T06_v1
2026-06-19,Addis Ababa,Addis Ababa,Kera,8.9994,38.7481,oil and fats,Cooking oil,L,actual,Retail,ETB,167.30,1.1950,3,2,agent:2|user:1,published,waga-index-v1,snap_2026-07-25T06_v1
2026-06-19,Addis Ababa,Addis Ababa,Shola Gebeya,9.0244,38.7986,cereals and tubers,Teff (mixed),KG,actual,Retail,ETB,100.92,0.7209,7,5,agent:5|user:2,published,waga-index-v1,snap_2026-07-25T06_v1
2026-06-19,Addis Ababa,Addis Ababa,Shola Gebeya,9.0244,38.7986,cereals and tubers,Wheat,KG,actual,Retail,ETB,62.68,0.4477,9,6,agent:7|user:2,published,waga-index-v1,snap_2026-07-25T06_v1
2026-06-19,Addis Ababa,Addis Ababa,Shola Gebeya,9.0244,38.7986,cereals and tubers,Maize,KG,actual,Retail,ETB,41.68,0.2977,6,4,agent:4|user:2,published,waga-index-v1,snap_2026-07-25T06_v1
2026-06-19,Addis Ababa,Addis Ababa,Shola Gebeya,9.0244,38.7986,vegetables and fruits,Onion,KG,actual,Retail,ETB,43.69,0.3121,7,5,agent:5|user:2,published,waga-index-v1,snap_2026-07-25T06_v1
2026-06-19,Addis Ababa,Addis Ababa,Shola Gebeya,9.0244,38.7986,oil and fats,Cooking oil,L,actual,Retail,ETB,,,2,2,agent:2,insufficient_data,waga-index-v1,snap_2026-07-25T06_v1
2026-06-19,Addis Ababa,Addis Ababa,Piazza,9.0356,38.7522,cereals and tubers,Teff (mixed),KG,actual,Retail,ETB,101.93,0.7281,8,5,agent:6|user:2,published,waga-index-v1,snap_2026-07-25T06_v1
2026-06-19,Addis Ababa,Addis Ababa,Piazza,9.0356,38.7522,cereals and tubers,Wheat,KG,actual,Retail,ETB,64.40,0.4600,6,4,agent:4|user:2,published,waga-index-v1,snap_2026-07-25T06_v1
2026-06-19,Addis Ababa,Addis Ababa,Piazza,9.0356,38.7522,cereals and tubers,Maize,KG,actual,Retail,ETB,43.20,0.3086,3,2,agent:2|user:1,published,waga-index-v1,snap_2026-07-25T06_v1
2026-06-19,Addis Ababa,Addis Ababa,Piazza,9.0356,38.7522,vegetables and fruits,Onion,KG,actual,Retail,ETB,42.90,0.3064,8,5,agent:6|user:2,published,waga-index-v1,snap_2026-07-25T06_v1
2026-06-19,Addis Ababa,Addis Ababa,Piazza,9.0356,38.7522,oil and fats,Cooking oil,L,actual,Retail,ETB,175.68,1.2549,7,5,agent:5|user:2,published,waga-index-v1,snap_2026-07-25T06_v1
2026-06-20,Addis Ababa,Addis Ababa,Merkato,9.0341,38.7395,cereals and tubers,Teff (mixed),KG,actual,Retail,ETB,90.00,0.6429,4,3,agent:3|user:1,published,waga-index-v1,snap_2026-07-25T06_v1
2026-06-20,Addis Ababa,Addis Ababa,Merkato,9.0341,38.7395,cereals and tubers,Wheat,KG,actual,Retail,ETB,53.77,0.3841,4,3,agent:3|user:1,published,waga-index-v1,snap_2026-07-25T06_v1
2026-06-20,Addis Ababa,Addis Ababa,Merkato,9.0341,38.7395,cereals and tubers,Maize,KG,actual,Retail,ETB,36.02,0.2573,6,4,agent:4|user:2,published,waga-index-v1,snap_2026-07-25T06_v1
2026-06-20,Addis Ababa,Addis Ababa,Merkato,9.0341,38.7395,vegetables and fruits,Onion,KG,actual,Retail,ETB,38.04,0.2717,6,4,agent:4|user:2,published,waga-index-v1,snap_2026-07-25T06_v1
2026-06-20,Addis Ababa,Addis Ababa,Merkato,9.0341,38.7395,oil and fats,Cooking oil,L,actual,Retail,ETB,151.02,1.0787,3,2,agent:2|user:1,published,waga-index-v1,snap_2026-07-25T06_v1
2026-06-20,Addis Ababa,Addis Ababa,Ehil Berenda,9.0333,38.7389,cereals and tubers,Teff (mixed),KG,actual,Retail,ETB,84.95,0.6068,8,5,agent:6|user:2,published,waga-index-v1,snap_2026-07-25T06_v1
2026-06-20,Addis Ababa,Addis Ababa,Ehil Berenda,9.0333,38.7389,cereals and tubers,Wheat,KG,actual,Retail,ETB,57.58,0.4113,7,5,agent:5|user:2,published,waga-index-v1,snap_2026-07-25T06_v1
2026-06-20,Addis Ababa,Addis Ababa,Ehil Berenda,9.0333,38.7389,cereals and tubers,Maize,KG,actual,Retail,ETB,38.90,0.2779,8,5,agent:6|user:2,published,waga-index-v1,snap_2026-07-25T06_v1
2026-06-20,Addis Ababa,Addis Ababa,Ehil Berenda,9.0333,38.7389,vegetables and fruits,Onion,KG,actual,Retail,ETB,38.45,0.2746,9,6,agent:7|user:2,published,waga-index-v1,snap_2026-07-25T06_v1
2026-06-20,Addis Ababa,Addis Ababa,Ehil Berenda,9.0333,38.7389,oil and fats,Cooking oil,L,actual,Retail,ETB,158.78,1.1341,3,2,agent:2|user:1,published,waga-index-v1,snap_2026-07-25T06_v1
2026-06-20,Addis Ababa,Addis Ababa,Atikilt Tera,9.03,38.745,cereals and tubers,Teff (mixed),KG,actual,Retail,ETB,91.22,0.6516,9,6,agent:7|user:2,published,waga-index-v1,snap_2026-07-25T06_v1
2026-06-20,Addis Ababa,Addis Ababa,Atikilt Tera,9.03,38.745,cereals and tubers,Wheat,KG,actual,Retail,ETB,59.23,0.4231,3,2,agent:2|user:1,published,waga-index-v1,snap_2026-07-25T06_v1
2026-06-20,Addis Ababa,Addis Ababa,Atikilt Tera,9.03,38.745,cereals and tubers,Maize,KG,actual,Retail,ETB,39.38,0.2813,3,2,agent:2|user:1,published,waga-index-v1,snap_2026-07-25T06_v1
2026-06-20,Addis Ababa,Addis Ababa,Atikilt Tera,9.03,38.745,vegetables and fruits,Onion,KG,actual,Retail,ETB,34.17,0.2441,5,3,agent:4|user:1,published,waga-index-v1,snap_2026-07-25T06_v1
2026-06-20,Addis Ababa,Addis Ababa,Atikilt Tera,9.03,38.745,oil and fats,Cooking oil,L,actual,Retail,ETB,150.85,1.0775,6,4,agent:4|user:2,published,waga-index-v1,snap_2026-07-25T06_v1
2026-06-20,Addis Ababa,Addis Ababa,Asko,9.0489,38.6889,cereals and tubers,Teff (mixed),KG,actual,Retail,ETB,93.87,0.6705,8,5,agent:6|user:2,published,waga-index-v1,snap_2026-07-25T06_v1
2026-06-20,Addis Ababa,Addis Ababa,Asko,9.0489,38.6889,cereals and tubers,Wheat,KG,actual,Retail,ETB,59.34,0.4239,3,2,agent:2|user:1,published,waga-index-v1,snap_2026-07-25T06_v1
2026-06-20,Addis Ababa,Addis Ababa,Asko,9.0489,38.6889,cereals and tubers,Maize,KG,actual,Retail,ETB,38.72,0.2766,8,5,agent:6|user:2,published,waga-index-v1,snap_2026-07-25T06_v1
2026-06-20,Addis Ababa,Addis Ababa,Asko,9.0489,38.6889,vegetables and fruits,Onion,KG,actual,Retail,ETB,39.21,0.2801,5,3,agent:4|user:1,published,waga-index-v1,snap_2026-07-25T06_v1
2026-06-20,Addis Ababa,Addis Ababa,Asko,9.0489,38.6889,oil and fats,Cooking oil,L,actual,Retail,ETB,160.95,1.1496,3,2,agent:2|user:1,published,waga-index-v1,snap_2026-07-25T06_v1
2026-06-20,Addis Ababa,Addis Ababa,Saris,8.9797,38.7622,cereals and tubers,Teff (mixed),KG,actual,Retail,ETB,96.04,0.6860,9,6,agent:7|user:2,published,waga-index-v1,snap_2026-07-25T06_v1
2026-06-20,Addis Ababa,Addis Ababa,Saris,8.9797,38.7622,cereals and tubers,Wheat,KG,actual,Retail,ETB,59.25,0.4232,8,5,agent:6|user:2,published,waga-index-v1,snap_2026-07-25T06_v1
2026-06-20,Addis Ababa,Addis Ababa,Saris,8.9797,38.7622,cereals and tubers,Maize,KG,actual,Retail,ETB,39.60,0.2829,4,3,agent:3|user:1,published,waga-index-v1,snap_2026-07-25T06_v1
2026-06-20,Addis Ababa,Addis Ababa,Saris,8.9797,38.7622,vegetables and fruits,Onion,KG,actual,Retail,ETB,39.74,0.2839,6,4,agent:4|user:2,published,waga-index-v1,snap_2026-07-25T06_v1
2026-06-20,Addis Ababa,Addis Ababa,Saris,8.9797,38.7622,oil and fats,Cooking oil,L,actual,Retail,ETB,161.70,1.1550,7,5,agent:5|user:2,published,waga-index-v1,snap_2026-07-25T06_v1
2026-06-20,Addis Ababa,Addis Ababa,Akaki,8.8939,38.8069,cereals and tubers,Teff (mixed),KG,actual,Retail,ETB,93.59,0.6685,3,2,agent:2|user:1,published,waga-index-v1,snap_2026-07-25T06_v1
2026-06-20,Addis Ababa,Addis Ababa,Akaki,8.8939,38.8069,cereals and tubers,Wheat,KG,actual,Retail,ETB,60.27,0.4305,5,3,agent:4|user:1,published,waga-index-v1,snap_2026-07-25T06_v1
2026-06-20,Addis Ababa,Addis Ababa,Akaki,8.8939,38.8069,cereals and tubers,Maize,KG,actual,Retail,ETB,40.34,0.2881,4,3,agent:3|user:1,published,waga-index-v1,snap_2026-07-25T06_v1
2026-06-20,Addis Ababa,Addis Ababa,Akaki,8.8939,38.8069,vegetables and fruits,Onion,KG,actual,Retail,ETB,,,0,0,,insufficient_data,waga-index-v1,snap_2026-07-25T06_v1
2026-06-20,Addis Ababa,Addis Ababa,Akaki,8.8939,38.8069,oil and fats,Cooking oil,L,actual,Retail,ETB,162.54,1.1610,3,2,agent:2|user:1,published,waga-index-v1,snap_2026-07-25T06_v1
2026-06-20,Addis Ababa,Addis Ababa,Kera,8.9994,38.7481,cereals and tubers,Teff (mixed),KG,actual,Retail,ETB,97.45,0.6961,7,5,agent:5|user:2,published,waga-index-v1,snap_2026-07-25T06_v1
2026-06-20,Addis Ababa,Addis Ababa,Kera,8.9994,38.7481,cereals and tubers,Wheat,KG,actual,Retail,ETB,60.59,0.4328,9,6,agent:7|user:2,published,waga-index-v1,snap_2026-07-25T06_v1
2026-06-20,Addis Ababa,Addis Ababa,Kera,8.9994,38.7481,cereals and tubers,Maize,KG,actual,Retail,ETB,41.33,0.2952,4,3,agent:3|user:1,published,waga-index-v1,snap_2026-07-25T06_v1
2026-06-20,Addis Ababa,Addis Ababa,Kera,8.9994,38.7481,vegetables and fruits,Onion,KG,actual,Retail,ETB,40.81,0.2915,6,4,agent:4|user:2,published,waga-index-v1,snap_2026-07-25T06_v1
2026-06-20,Addis Ababa,Addis Ababa,Kera,8.9994,38.7481,oil and fats,Cooking oil,L,actual,Retail,ETB,167.84,1.1989,6,4,agent:4|user:2,published,waga-index-v1,snap_2026-07-25T06_v1
2026-06-20,Addis Ababa,Addis Ababa,Shola Gebeya,9.0244,38.7986,cereals and tubers,Teff (mixed),KG,actual,Retail,ETB,101.20,0.7229,8,5,agent:6|user:2,published,waga-index-v1,snap_2026-07-25T06_v1
2026-06-20,Addis Ababa,Addis Ababa,Shola Gebeya,9.0244,38.7986,cereals and tubers,Wheat,KG,actual,Retail,ETB,62.87,0.4491,3,2,agent:2|user:1,published,waga-index-v1,snap_2026-07-25T06_v1
2026-06-20,Addis Ababa,Addis Ababa,Shola Gebeya,9.0244,38.7986,cereals and tubers,Maize,KG,actual,Retail,ETB,41.51,0.2965,9,6,agent:7|user:2,published,waga-index-v1,snap_2026-07-25T06_v1
2026-06-20,Addis Ababa,Addis Ababa,Shola Gebeya,9.0244,38.7986,vegetables and fruits,Onion,KG,actual,Retail,ETB,43.64,0.3117,9,6,agent:7|user:2,published,waga-index-v1,snap_2026-07-25T06_v1
2026-06-20,Addis Ababa,Addis Ababa,Shola Gebeya,9.0244,38.7986,oil and fats,Cooking oil,L,actual,Retail,ETB,169.30,1.2093,9,6,agent:7|user:2,published,waga-index-v1,snap_2026-07-25T06_v1
2026-06-20,Addis Ababa,Addis Ababa,Piazza,9.0356,38.7522,cereals and tubers,Teff (mixed),KG,actual,Retail,ETB,103.14,0.7367,3,2,agent:2|user:1,published,waga-index-v1,snap_2026-07-25T06_v1
2026-06-20,Addis Ababa,Addis Ababa,Piazza,9.0356,38.7522,cereals and tubers,Wheat,KG,actual,Retail,ETB,65.06,0.4647,5,3,agent:4|user:1,published,waga-index-v1,snap_2026-07-25T06_v1
2026-06-20,Addis Ababa,Addis Ababa,Piazza,9.0356,38.7522,cereals and tubers,Maize,KG,actual,Retail,ETB,43.28,0.3091,3,2,agent:2|user:1,published,waga-index-v1,snap_2026-07-25T06_v1
2026-06-20,Addis Ababa,Addis Ababa,Piazza,9.0356,38.7522,vegetables and fruits,Onion,KG,actual,Retail,ETB,42.67,0.3048,4,3,agent:3|user:1,published,waga-index-v1,snap_2026-07-25T06_v1
2026-06-20,Addis Ababa,Addis Ababa,Piazza,9.0356,38.7522,oil and fats,Cooking oil,L,actual,Retail,ETB,174.67,1.2476,7,5,agent:5|user:2,published,waga-index-v1,snap_2026-07-25T06_v1
2026-06-21,Addis Ababa,Addis Ababa,Merkato,9.0341,38.7395,cereals and tubers,Teff (mixed),KG,actual,Retail,ETB,91.84,0.6560,6,4,agent:4|user:2,published,waga-index-v1,snap_2026-07-25T06_v1
2026-06-21,Addis Ababa,Addis Ababa,Merkato,9.0341,38.7395,cereals and tubers,Wheat,KG,actual,Retail,ETB,53.74,0.3839,3,2,agent:2|user:1,published,waga-index-v1,snap_2026-07-25T06_v1
2026-06-21,Addis Ababa,Addis Ababa,Merkato,9.0341,38.7395,cereals and tubers,Maize,KG,actual,Retail,ETB,36.15,0.2582,4,3,agent:3|user:1,published,waga-index-v1,snap_2026-07-25T06_v1
2026-06-21,Addis Ababa,Addis Ababa,Merkato,9.0341,38.7395,vegetables and fruits,Onion,KG,actual,Retail,ETB,38.67,0.2762,4,3,agent:3|user:1,published,waga-index-v1,snap_2026-07-25T06_v1
2026-06-21,Addis Ababa,Addis Ababa,Merkato,9.0341,38.7395,oil and fats,Cooking oil,L,actual,Retail,ETB,151.95,1.0854,4,3,agent:3|user:1,published,waga-index-v1,snap_2026-07-25T06_v1
2026-06-21,Addis Ababa,Addis Ababa,Ehil Berenda,9.0333,38.7389,cereals and tubers,Teff (mixed),KG,actual,Retail,ETB,85.35,0.6096,5,3,agent:4|user:1,published,waga-index-v1,snap_2026-07-25T06_v1
2026-06-21,Addis Ababa,Addis Ababa,Ehil Berenda,9.0333,38.7389,cereals and tubers,Wheat,KG,actual,Retail,ETB,57.71,0.4122,3,2,agent:2|user:1,published,waga-index-v1,snap_2026-07-25T06_v1
2026-06-21,Addis Ababa,Addis Ababa,Ehil Berenda,9.0333,38.7389,cereals and tubers,Maize,KG,actual,Retail,ETB,38.71,0.2765,6,4,agent:4|user:2,published,waga-index-v1,snap_2026-07-25T06_v1
2026-06-21,Addis Ababa,Addis Ababa,Ehil Berenda,9.0333,38.7389,vegetables and fruits,Onion,KG,actual,Retail,ETB,38.51,0.2751,7,5,agent:5|user:2,published,waga-index-v1,snap_2026-07-25T06_v1
2026-06-21,Addis Ababa,Addis Ababa,Ehil Berenda,9.0333,38.7389,oil and fats,Cooking oil,L,actual,Retail,ETB,158.12,1.1294,6,4,agent:4|user:2,published,waga-index-v1,snap_2026-07-25T06_v1
2026-06-21,Addis Ababa,Addis Ababa,Atikilt Tera,9.03,38.745,cereals and tubers,Teff (mixed),KG,actual,Retail,ETB,91.86,0.6561,5,3,agent:4|user:1,published,waga-index-v1,snap_2026-07-25T06_v1
2026-06-21,Addis Ababa,Addis Ababa,Atikilt Tera,9.03,38.745,cereals and tubers,Wheat,KG,actual,Retail,ETB,59.28,0.4234,7,5,agent:5|user:2,published,waga-index-v1,snap_2026-07-25T06_v1
2026-06-21,Addis Ababa,Addis Ababa,Atikilt Tera,9.03,38.745,cereals and tubers,Maize,KG,actual,Retail,ETB,39.03,0.2788,7,5,agent:5|user:2,published,waga-index-v1,snap_2026-07-25T06_v1
2026-06-21,Addis Ababa,Addis Ababa,Atikilt Tera,9.03,38.745,vegetables and fruits,Onion,KG,actual,Retail,ETB,34.20,0.2443,6,4,agent:4|user:2,published,waga-index-v1,snap_2026-07-25T06_v1
2026-06-21,Addis Ababa,Addis Ababa,Atikilt Tera,9.03,38.745,oil and fats,Cooking oil,L,actual,Retail,ETB,150.60,1.0757,9,6,agent:7|user:2,published,waga-index-v1,snap_2026-07-25T06_v1
2026-06-21,Addis Ababa,Addis Ababa,Asko,9.0489,38.6889,cereals and tubers,Teff (mixed),KG,actual,Retail,ETB,93.78,0.6699,8,5,agent:6|user:2,published,waga-index-v1,snap_2026-07-25T06_v1
2026-06-21,Addis Ababa,Addis Ababa,Asko,9.0489,38.6889,cereals and tubers,Wheat,KG,actual,Retail,ETB,58.62,0.4187,6,4,agent:4|user:2,published,waga-index-v1,snap_2026-07-25T06_v1
2026-06-21,Addis Ababa,Addis Ababa,Asko,9.0489,38.6889,cereals and tubers,Maize,KG,actual,Retail,ETB,38.92,0.2780,3,2,agent:2|user:1,published,waga-index-v1,snap_2026-07-25T06_v1
2026-06-21,Addis Ababa,Addis Ababa,Asko,9.0489,38.6889,vegetables and fruits,Onion,KG,actual,Retail,ETB,39.52,0.2823,4,3,agent:3|user:1,published,waga-index-v1,snap_2026-07-25T06_v1
2026-06-21,Addis Ababa,Addis Ababa,Asko,9.0489,38.6889,oil and fats,Cooking oil,L,actual,Retail,ETB,161.62,1.1544,5,3,agent:4|user:1,published,waga-index-v1,snap_2026-07-25T06_v1
2026-06-21,Addis Ababa,Addis Ababa,Saris,8.9797,38.7622,cereals and tubers,Teff (mixed),KG,actual,Retail,ETB,95.52,0.6823,7,5,agent:5|user:2,published,waga-index-v1,snap_2026-07-25T06_v1
2026-06-21,Addis Ababa,Addis Ababa,Saris,8.9797,38.7622,cereals and tubers,Wheat,KG,actual,Retail,ETB,59.44,0.4246,8,5,agent:6|user:2,published,waga-index-v1,snap_2026-07-25T06_v1
2026-06-21,Addis Ababa,Addis Ababa,Saris,8.9797,38.7622,cereals and tubers,Maize,KG,actual,Retail,ETB,40.20,0.2871,3,2,agent:2|user:1,published,waga-index-v1,snap_2026-07-25T06_v1
2026-06-21,Addis Ababa,Addis Ababa,Saris,8.9797,38.7622,vegetables and fruits,Onion,KG,actual,Retail,ETB,39.94,0.2853,5,3,agent:4|user:1,published,waga-index-v1,snap_2026-07-25T06_v1
2026-06-21,Addis Ababa,Addis Ababa,Saris,8.9797,38.7622,oil and fats,Cooking oil,L,actual,Retail,ETB,163.51,1.1679,4,3,agent:3|user:1,published,waga-index-v1,snap_2026-07-25T06_v1
2026-06-21,Addis Ababa,Addis Ababa,Akaki,8.8939,38.8069,cereals and tubers,Teff (mixed),KG,actual,Retail,ETB,93.95,0.6711,5,3,agent:4|user:1,published,waga-index-v1,snap_2026-07-25T06_v1
2026-06-21,Addis Ababa,Addis Ababa,Akaki,8.8939,38.8069,cereals and tubers,Wheat,KG,actual,Retail,ETB,60.29,0.4306,5,3,agent:4|user:1,published,waga-index-v1,snap_2026-07-25T06_v1
2026-06-21,Addis Ababa,Addis Ababa,Akaki,8.8939,38.8069,cereals and tubers,Maize,KG,actual,Retail,ETB,40.48,0.2891,8,5,agent:6|user:2,published,waga-index-v1,snap_2026-07-25T06_v1
2026-06-21,Addis Ababa,Addis Ababa,Akaki,8.8939,38.8069,vegetables and fruits,Onion,KG,actual,Retail,ETB,39.49,0.2821,5,3,agent:4|user:1,published,waga-index-v1,snap_2026-07-25T06_v1
2026-06-21,Addis Ababa,Addis Ababa,Akaki,8.8939,38.8069,oil and fats,Cooking oil,L,actual,Retail,ETB,163.10,1.1650,5,3,agent:4|user:1,published,waga-index-v1,snap_2026-07-25T06_v1
2026-06-21,Addis Ababa,Addis Ababa,Kera,8.9994,38.7481,cereals and tubers,Teff (mixed),KG,actual,Retail,ETB,98.01,0.7001,9,6,agent:7|user:2,published,waga-index-v1,snap_2026-07-25T06_v1
2026-06-21,Addis Ababa,Addis Ababa,Kera,8.9994,38.7481,cereals and tubers,Wheat,KG,actual,Retail,ETB,60.41,0.4315,7,5,agent:5|user:2,published,waga-index-v1,snap_2026-07-25T06_v1
2026-06-21,Addis Ababa,Addis Ababa,Kera,8.9994,38.7481,cereals and tubers,Maize,KG,actual,Retail,ETB,41.34,0.2953,5,3,agent:4|user:1,published,waga-index-v1,snap_2026-07-25T06_v1
2026-06-21,Addis Ababa,Addis Ababa,Kera,8.9994,38.7481,vegetables and fruits,Onion,KG,actual,Retail,ETB,40.83,0.2916,4,3,agent:3|user:1,published,waga-index-v1,snap_2026-07-25T06_v1
2026-06-21,Addis Ababa,Addis Ababa,Kera,8.9994,38.7481,oil and fats,Cooking oil,L,actual,Retail,ETB,168.20,1.2014,3,2,agent:2|user:1,published,waga-index-v1,snap_2026-07-25T06_v1
2026-06-21,Addis Ababa,Addis Ababa,Shola Gebeya,9.0244,38.7986,cereals and tubers,Teff (mixed),KG,actual,Retail,ETB,,,2,2,agent:2,insufficient_data,waga-index-v1,snap_2026-07-25T06_v1
2026-06-21,Addis Ababa,Addis Ababa,Shola Gebeya,9.0244,38.7986,cereals and tubers,Wheat,KG,actual,Retail,ETB,62.69,0.4478,5,3,agent:4|user:1,published,waga-index-v1,snap_2026-07-25T06_v1
2026-06-21,Addis Ababa,Addis Ababa,Shola Gebeya,9.0244,38.7986,cereals and tubers,Maize,KG,actual,Retail,ETB,42.00,0.3000,5,3,agent:4|user:1,published,waga-index-v1,snap_2026-07-25T06_v1
2026-06-21,Addis Ababa,Addis Ababa,Shola Gebeya,9.0244,38.7986,vegetables and fruits,Onion,KG,actual,Retail,ETB,44.12,0.3151,5,3,agent:4|user:1,published,waga-index-v1,snap_2026-07-25T06_v1
2026-06-21,Addis Ababa,Addis Ababa,Shola Gebeya,9.0244,38.7986,oil and fats,Cooking oil,L,actual,Retail,ETB,169.76,1.2126,7,5,agent:5|user:2,published,waga-index-v1,snap_2026-07-25T06_v1
2026-06-21,Addis Ababa,Addis Ababa,Piazza,9.0356,38.7522,cereals and tubers,Teff (mixed),KG,actual,Retail,ETB,103.65,0.7404,5,3,agent:4|user:1,published,waga-index-v1,snap_2026-07-25T06_v1
2026-06-21,Addis Ababa,Addis Ababa,Piazza,9.0356,38.7522,cereals and tubers,Wheat,KG,actual,Retail,ETB,65.07,0.4648,6,4,agent:4|user:2,published,waga-index-v1,snap_2026-07-25T06_v1
2026-06-21,Addis Ababa,Addis Ababa,Piazza,9.0356,38.7522,cereals and tubers,Maize,KG,actual,Retail,ETB,43.15,0.3082,6,4,agent:4|user:2,published,waga-index-v1,snap_2026-07-25T06_v1
2026-06-21,Addis Ababa,Addis Ababa,Piazza,9.0356,38.7522,vegetables and fruits,Onion,KG,actual,Retail,ETB,43.12,0.3080,8,5,agent:6|user:2,published,waga-index-v1,snap_2026-07-25T06_v1
2026-06-21,Addis Ababa,Addis Ababa,Piazza,9.0356,38.7522,oil and fats,Cooking oil,L,actual,Retail,ETB,172.86,1.2347,8,5,agent:6|user:2,published,waga-index-v1,snap_2026-07-25T06_v1
2026-06-22,Addis Ababa,Addis Ababa,Merkato,9.0341,38.7395,cereals and tubers,Teff (mixed),KG,actual,Retail,ETB,91.72,0.6551,6,4,agent:4|user:2,published,waga-index-v1,snap_2026-07-25T06_v1
2026-06-22,Addis Ababa,Addis Ababa,Merkato,9.0341,38.7395,cereals and tubers,Wheat,KG,actual,Retail,ETB,53.27,0.3805,9,6,agent:7|user:2,published,waga-index-v1,snap_2026-07-25T06_v1
2026-06-22,Addis Ababa,Addis Ababa,Merkato,9.0341,38.7395,cereals and tubers,Maize,KG,actual,Retail,ETB,36.30,0.2593,6,4,agent:4|user:2,published,waga-index-v1,snap_2026-07-25T06_v1
2026-06-22,Addis Ababa,Addis Ababa,Merkato,9.0341,38.7395,vegetables and fruits,Onion,KG,actual,Retail,ETB,38.74,0.2767,9,6,agent:7|user:2,published,waga-index-v1,snap_2026-07-25T06_v1
2026-06-22,Addis Ababa,Addis Ababa,Merkato,9.0341,38.7395,oil and fats,Cooking oil,L,actual,Retail,ETB,155.09,1.1078,5,3,agent:4|user:1,published,waga-index-v1,snap_2026-07-25T06_v1
2026-06-22,Addis Ababa,Addis Ababa,Ehil Berenda,9.0333,38.7389,cereals and tubers,Teff (mixed),KG,actual,Retail,ETB,85.58,0.6113,4,3,agent:3|user:1,published,waga-index-v1,snap_2026-07-25T06_v1
2026-06-22,Addis Ababa,Addis Ababa,Ehil Berenda,9.0333,38.7389,cereals and tubers,Wheat,KG,actual,Retail,ETB,58.40,0.4171,5,3,agent:4|user:1,published,waga-index-v1,snap_2026-07-25T06_v1
2026-06-22,Addis Ababa,Addis Ababa,Ehil Berenda,9.0333,38.7389,cereals and tubers,Maize,KG,actual,Retail,ETB,38.57,0.2755,4,3,agent:3|user:1,published,waga-index-v1,snap_2026-07-25T06_v1
2026-06-22,Addis Ababa,Addis Ababa,Ehil Berenda,9.0333,38.7389,vegetables and fruits,Onion,KG,actual,Retail,ETB,38.69,0.2764,7,5,agent:5|user:2,published,waga-index-v1,snap_2026-07-25T06_v1
2026-06-22,Addis Ababa,Addis Ababa,Ehil Berenda,9.0333,38.7389,oil and fats,Cooking oil,L,actual,Retail,ETB,158.08,1.1291,4,3,agent:3|user:1,published,waga-index-v1,snap_2026-07-25T06_v1
2026-06-22,Addis Ababa,Addis Ababa,Atikilt Tera,9.03,38.745,cereals and tubers,Teff (mixed),KG,actual,Retail,ETB,,,0,0,,insufficient_data,waga-index-v1,snap_2026-07-25T06_v1
2026-06-22,Addis Ababa,Addis Ababa,Atikilt Tera,9.03,38.745,cereals and tubers,Wheat,KG,actual,Retail,ETB,58.83,0.4202,8,5,agent:6|user:2,published,waga-index-v1,snap_2026-07-25T06_v1
2026-06-22,Addis Ababa,Addis Ababa,Atikilt Tera,9.03,38.745,cereals and tubers,Maize,KG,actual,Retail,ETB,38.64,0.2760,3,2,agent:2|user:1,published,waga-index-v1,snap_2026-07-25T06_v1
2026-06-22,Addis Ababa,Addis Ababa,Atikilt Tera,9.03,38.745,vegetables and fruits,Onion,KG,actual,Retail,ETB,34.46,0.2461,9,6,agent:7|user:2,published,waga-index-v1,snap_2026-07-25T06_v1
2026-06-22,Addis Ababa,Addis Ababa,Atikilt Tera,9.03,38.745,oil and fats,Cooking oil,L,actual,Retail,ETB,151.80,1.0843,7,5,agent:5|user:2,published,waga-index-v1,snap_2026-07-25T06_v1
2026-06-22,Addis Ababa,Addis Ababa,Asko,9.0489,38.6889,cereals and tubers,Teff (mixed),KG,actual,Retail,ETB,93.32,0.6666,9,6,agent:7|user:2,published,waga-index-v1,snap_2026-07-25T06_v1
2026-06-22,Addis Ababa,Addis Ababa,Asko,9.0489,38.6889,cereals and tubers,Wheat,KG,actual,Retail,ETB,58.42,0.4173,3,2,agent:2|user:1,published,waga-index-v1,snap_2026-07-25T06_v1
2026-06-22,Addis Ababa,Addis Ababa,Asko,9.0489,38.6889,cereals and tubers,Maize,KG,actual,Retail,ETB,38.80,0.2771,9,6,agent:7|user:2,published,waga-index-v1,snap_2026-07-25T06_v1
2026-06-22,Addis Ababa,Addis Ababa,Asko,9.0489,38.6889,vegetables and fruits,Onion,KG,actual,Retail,ETB,39.96,0.2854,6,4,agent:4|user:2,published,waga-index-v1,snap_2026-07-25T06_v1
2026-06-22,Addis Ababa,Addis Ababa,Asko,9.0489,38.6889,oil and fats,Cooking oil,L,actual,Retail,ETB,162.63,1.1616,3,2,agent:2|user:1,published,waga-index-v1,snap_2026-07-25T06_v1
2026-06-22,Addis Ababa,Addis Ababa,Saris,8.9797,38.7622,cereals and tubers,Teff (mixed),KG,actual,Retail,ETB,95.37,0.6812,9,6,agent:7|user:2,published,waga-index-v1,snap_2026-07-25T06_v1
2026-06-22,Addis Ababa,Addis Ababa,Saris,8.9797,38.7622,cereals and tubers,Wheat,KG,actual,Retail,ETB,,,0,0,,insufficient_data,waga-index-v1,snap_2026-07-25T06_v1
2026-06-22,Addis Ababa,Addis Ababa,Saris,8.9797,38.7622,cereals and tubers,Maize,KG,actual,Retail,ETB,40.19,0.2871,5,3,agent:4|user:1,published,waga-index-v1,snap_2026-07-25T06_v1
2026-06-22,Addis Ababa,Addis Ababa,Saris,8.9797,38.7622,vegetables and fruits,Onion,KG,actual,Retail,ETB,39.25,0.2804,4,3,agent:3|user:1,published,waga-index-v1,snap_2026-07-25T06_v1
2026-06-22,Addis Ababa,Addis Ababa,Saris,8.9797,38.7622,oil and fats,Cooking oil,L,actual,Retail,ETB,162.63,1.1616,7,5,agent:5|user:2,published,waga-index-v1,snap_2026-07-25T06_v1
2026-06-22,Addis Ababa,Addis Ababa,Akaki,8.8939,38.8069,cereals and tubers,Teff (mixed),KG,actual,Retail,ETB,94.42,0.6744,8,5,agent:6|user:2,published,waga-index-v1,snap_2026-07-25T06_v1
2026-06-22,Addis Ababa,Addis Ababa,Akaki,8.8939,38.8069,cereals and tubers,Wheat,KG,actual,Retail,ETB,59.84,0.4274,3,2,agent:2|user:1,published,waga-index-v1,snap_2026-07-25T06_v1
2026-06-22,Addis Ababa,Addis Ababa,Akaki,8.8939,38.8069,cereals and tubers,Maize,KG,actual,Retail,ETB,40.63,0.2902,8,5,agent:6|user:2,published,waga-index-v1,snap_2026-07-25T06_v1
2026-06-22,Addis Ababa,Addis Ababa,Akaki,8.8939,38.8069,vegetables and fruits,Onion,KG,actual,Retail,ETB,,,2,2,agent:2,insufficient_data,waga-index-v1,snap_2026-07-25T06_v1
2026-06-22,Addis Ababa,Addis Ababa,Akaki,8.8939,38.8069,oil and fats,Cooking oil,L,actual,Retail,ETB,163.60,1.1686,3,2,agent:2|user:1,published,waga-index-v1,snap_2026-07-25T06_v1
2026-06-22,Addis Ababa,Addis Ababa,Kera,8.9994,38.7481,cereals and tubers,Teff (mixed),KG,actual,Retail,ETB,,,0,0,,insufficient_data,waga-index-v1,snap_2026-07-25T06_v1
2026-06-22,Addis Ababa,Addis Ababa,Kera,8.9994,38.7481,cereals and tubers,Wheat,KG,actual,Retail,ETB,60.26,0.4304,9,6,agent:7|user:2,published,waga-index-v1,snap_2026-07-25T06_v1
2026-06-22,Addis Ababa,Addis Ababa,Kera,8.9994,38.7481,cereals and tubers,Maize,KG,actual,Retail,ETB,41.43,0.2959,4,3,agent:3|user:1,published,waga-index-v1,snap_2026-07-25T06_v1
2026-06-22,Addis Ababa,Addis Ababa,Kera,8.9994,38.7481,vegetables and fruits,Onion,KG,actual,Retail,ETB,40.99,0.2928,9,6,agent:7|user:2,published,waga-index-v1,snap_2026-07-25T06_v1
2026-06-22,Addis Ababa,Addis Ababa,Kera,8.9994,38.7481,oil and fats,Cooking oil,L,actual,Retail,ETB,168.99,1.2071,7,5,agent:5|user:2,published,waga-index-v1,snap_2026-07-25T06_v1
2026-06-22,Addis Ababa,Addis Ababa,Shola Gebeya,9.0244,38.7986,cereals and tubers,Teff (mixed),KG,actual,Retail,ETB,100.67,0.7191,9,6,agent:7|user:2,published,waga-index-v1,snap_2026-07-25T06_v1
2026-06-22,Addis Ababa,Addis Ababa,Shola Gebeya,9.0244,38.7986,cereals and tubers,Wheat,KG,actual,Retail,ETB,62.94,0.4496,4,3,agent:3|user:1,published,waga-index-v1,snap_2026-07-25T06_v1
2026-06-22,Addis Ababa,Addis Ababa,Shola Gebeya,9.0244,38.7986,cereals and tubers,Maize,KG,actual,Retail,ETB,41.44,0.2960,4,3,agent:3|user:1,published,waga-index-v1,snap_2026-07-25T06_v1
2026-06-22,Addis Ababa,Addis Ababa,Shola Gebeya,9.0244,38.7986,vegetables and fruits,Onion,KG,actual,Retail,ETB,43.49,0.3106,8,5,agent:6|user:2,published,waga-index-v1,snap_2026-07-25T06_v1
2026-06-22,Addis Ababa,Addis Ababa,Shola Gebeya,9.0244,38.7986,oil and fats,Cooking oil,L,actual,Retail,ETB,172.67,1.2334,7,5,agent:5|user:2,published,waga-index-v1,snap_2026-07-25T06_v1
2026-06-22,Addis Ababa,Addis Ababa,Piazza,9.0356,38.7522,cereals and tubers,Teff (mixed),KG,actual,Retail,ETB,103.98,0.7427,9,6,agent:7|user:2,published,waga-index-v1,snap_2026-07-25T06_v1
2026-06-22,Addis Ababa,Addis Ababa,Piazza,9.0356,38.7522,cereals and tubers,Wheat,KG,actual,Retail,ETB,63.84,0.4560,6,4,agent:4|user:2,published,waga-index-v1,snap_2026-07-25T06_v1
2026-06-22,Addis Ababa,Addis Ababa,Piazza,9.0356,38.7522,cereals and tubers,Maize,KG,actual,Retail,ETB,43.12,0.3080,9,6,agent:7|user:2,published,waga-index-v1,snap_2026-07-25T06_v1
2026-06-22,Addis Ababa,Addis Ababa,Piazza,9.0356,38.7522,vegetables and fruits,Onion,KG,actual,Retail,ETB,42.73,0.3052,6,4,agent:4|user:2,published,waga-index-v1,snap_2026-07-25T06_v1
2026-06-22,Addis Ababa,Addis Ababa,Piazza,9.0356,38.7522,oil and fats,Cooking oil,L,actual,Retail,ETB,172.85,1.2346,4,3,agent:3|user:1,published,waga-index-v1,snap_2026-07-25T06_v1
2026-06-23,Addis Ababa,Addis Ababa,Merkato,9.0341,38.7395,cereals and tubers,Teff (mixed),KG,actual,Retail,ETB,91.78,0.6556,8,5,agent:6|user:2,published,waga-index-v1,snap_2026-07-25T06_v1
2026-06-23,Addis Ababa,Addis Ababa,Merkato,9.0341,38.7395,cereals and tubers,Wheat,KG,actual,Retail,ETB,52.92,0.3780,7,5,agent:5|user:2,published,waga-index-v1,snap_2026-07-25T06_v1
2026-06-23,Addis Ababa,Addis Ababa,Merkato,9.0341,38.7395,cereals and tubers,Maize,KG,actual,Retail,ETB,36.15,0.2582,8,5,agent:6|user:2,published,waga-index-v1,snap_2026-07-25T06_v1
2026-06-23,Addis Ababa,Addis Ababa,Merkato,9.0341,38.7395,vegetables and fruits,Onion,KG,actual,Retail,ETB,,,1,1,agent:1,insufficient_data,waga-index-v1,snap_2026-07-25T06_v1
2026-06-23,Addis Ababa,Addis Ababa,Merkato,9.0341,38.7395,oil and fats,Cooking oil,L,actual,Retail,ETB,155.04,1.1074,8,5,agent:6|user:2,published,waga-index-v1,snap_2026-07-25T06_v1
2026-06-23,Addis Ababa,Addis Ababa,Ehil Berenda,9.0333,38.7389,cereals and tubers,Teff (mixed),KG,actual,Retail,ETB,85.11,0.6079,4,3,agent:3|user:1,published,waga-index-v1,snap_2026-07-25T06_v1
2026-06-23,Addis Ababa,Addis Ababa,Ehil Berenda,9.0333,38.7389,cereals and tubers,Wheat,KG,actual,Retail,ETB,57.88,0.4134,7,5,agent:5|user:2,published,waga-index-v1,snap_2026-07-25T06_v1
2026-06-23,Addis Ababa,Addis Ababa,Ehil Berenda,9.0333,38.7389,cereals and tubers,Maize,KG,actual,Retail,ETB,38.63,0.2759,7,5,agent:5|user:2,published,waga-index-v1,snap_2026-07-25T06_v1
2026-06-23,Addis Ababa,Addis Ababa,Ehil Berenda,9.0333,38.7389,vegetables and fruits,Onion,KG,actual,Retail,ETB,38.67,0.2762,6,4,agent:4|user:2,published,waga-index-v1,snap_2026-07-25T06_v1
2026-06-23,Addis Ababa,Addis Ababa,Ehil Berenda,9.0333,38.7389,oil and fats,Cooking oil,L,actual,Retail,ETB,158.83,1.1345,7,5,agent:5|user:2,published,waga-index-v1,snap_2026-07-25T06_v1
2026-06-23,Addis Ababa,Addis Ababa,Atikilt Tera,9.03,38.745,cereals and tubers,Teff (mixed),KG,actual,Retail,ETB,92.31,0.6594,9,6,agent:7|user:2,published,waga-index-v1,snap_2026-07-25T06_v1
2026-06-23,Addis Ababa,Addis Ababa,Atikilt Tera,9.03,38.745,cereals and tubers,Wheat,KG,actual,Retail,ETB,58.66,0.4190,9,6,agent:7|user:2,published,waga-index-v1,snap_2026-07-25T06_v1
2026-06-23,Addis Ababa,Addis Ababa,Atikilt Tera,9.03,38.745,cereals and tubers,Maize,KG,actual,Retail,ETB,38.09,0.2721,4,3,agent:3|user:1,published,waga-index-v1,snap_2026-07-25T06_v1
2026-06-23,Addis Ababa,Addis Ababa,Atikilt Tera,9.03,38.745,vegetables and fruits,Onion,KG,actual,Retail,ETB,34.68,0.2477,3,2,agent:2|user:1,published,waga-index-v1,snap_2026-07-25T06_v1
2026-06-23,Addis Ababa,Addis Ababa,Atikilt Tera,9.03,38.745,oil and fats,Cooking oil,L,actual,Retail,ETB,151.60,1.0829,9,6,agent:7|user:2,published,waga-index-v1,snap_2026-07-25T06_v1
2026-06-23,Addis Ababa,Addis Ababa,Asko,9.0489,38.6889,cereals and tubers,Teff (mixed),KG,actual,Retail,ETB,94.27,0.6734,3,2,agent:2|user:1,published,waga-index-v1,snap_2026-07-25T06_v1
2026-06-23,Addis Ababa,Addis Ababa,Asko,9.0489,38.6889,cereals and tubers,Wheat,KG,actual,Retail,ETB,58.16,0.4154,6,4,agent:4|user:2,published,waga-index-v1,snap_2026-07-25T06_v1
2026-06-23,Addis Ababa,Addis Ababa,Asko,9.0489,38.6889,cereals and tubers,Maize,KG,actual,Retail,ETB,38.95,0.2782,9,6,agent:7|user:2,published,waga-index-v1,snap_2026-07-25T06_v1
2026-06-23,Addis Ababa,Addis Ababa,Asko,9.0489,38.6889,vegetables and fruits,Onion,KG,actual,Retail,ETB,39.80,0.2843,5,3,agent:4|user:1,published,waga-index-v1,snap_2026-07-25T06_v1
2026-06-23,Addis Ababa,Addis Ababa,Asko,9.0489,38.6889,oil and fats,Cooking oil,L,actual,Retail,ETB,161.90,1.1564,6,4,agent:4|user:2,published,waga-index-v1,snap_2026-07-25T06_v1
2026-06-23,Addis Ababa,Addis Ababa,Saris,8.9797,38.7622,cereals and tubers,Teff (mixed),KG,actual,Retail,ETB,96.39,0.6885,6,4,agent:4|user:2,published,waga-index-v1,snap_2026-07-25T06_v1
2026-06-23,Addis Ababa,Addis Ababa,Saris,8.9797,38.7622,cereals and tubers,Wheat,KG,actual,Retail,ETB,,,2,2,agent:2,insufficient_data,waga-index-v1,snap_2026-07-25T06_v1
2026-06-23,Addis Ababa,Addis Ababa,Saris,8.9797,38.7622,cereals and tubers,Maize,KG,actual,Retail,ETB,41.11,0.2936,3,2,agent:2|user:1,published,waga-index-v1,snap_2026-07-25T06_v1
2026-06-23,Addis Ababa,Addis Ababa,Saris,8.9797,38.7622,vegetables and fruits,Onion,KG,actual,Retail,ETB,39.92,0.2851,3,2,agent:2|user:1,published,waga-index-v1,snap_2026-07-25T06_v1
2026-06-23,Addis Ababa,Addis Ababa,Saris,8.9797,38.7622,oil and fats,Cooking oil,L,actual,Retail,ETB,163.56,1.1683,4,3,agent:3|user:1,published,waga-index-v1,snap_2026-07-25T06_v1
2026-06-23,Addis Ababa,Addis Ababa,Akaki,8.8939,38.8069,cereals and tubers,Teff (mixed),KG,actual,Retail,ETB,95.20,0.6800,9,6,agent:7|user:2,published,waga-index-v1,snap_2026-07-25T06_v1
2026-06-23,Addis Ababa,Addis Ababa,Akaki,8.8939,38.8069,cereals and tubers,Wheat,KG,actual,Retail,ETB,59.70,0.4264,3,2,agent:2|user:1,published,waga-index-v1,snap_2026-07-25T06_v1
2026-06-23,Addis Ababa,Addis Ababa,Akaki,8.8939,38.8069,cereals and tubers,Maize,KG,actual,Retail,ETB,40.83,0.2916,6,4,agent:4|user:2,published,waga-index-v1,snap_2026-07-25T06_v1
2026-06-23,Addis Ababa,Addis Ababa,Akaki,8.8939,38.8069,vegetables and fruits,Onion,KG,actual,Retail,ETB,40.25,0.2875,6,4,agent:4|user:2,published,waga-index-v1,snap_2026-07-25T06_v1
2026-06-23,Addis Ababa,Addis Ababa,Akaki,8.8939,38.8069,oil and fats,Cooking oil,L,actual,Retail,ETB,164.19,1.1728,5,3,agent:4|user:1,published,waga-index-v1,snap_2026-07-25T06_v1
2026-06-23,Addis Ababa,Addis Ababa,Kera,8.9994,38.7481,cereals and tubers,Teff (mixed),KG,actual,Retail,ETB,97.48,0.6963,4,3,agent:3|user:1,published,waga-index-v1,snap_2026-07-25T06_v1
2026-06-23,Addis Ababa,Addis Ababa,Kera,8.9994,38.7481,cereals and tubers,Wheat,KG,actual,Retail,ETB,60.25,0.4304,9,6,agent:7|user:2,published,waga-index-v1,snap_2026-07-25T06_v1
2026-06-23,Addis Ababa,Addis Ababa,Kera,8.9994,38.7481,cereals and tubers,Maize,KG,actual,Retail,ETB,41.36,0.2954,4,3,agent:3|user:1,published,waga-index-v1,snap_2026-07-25T06_v1
2026-06-23,Addis Ababa,Addis Ababa,Kera,8.9994,38.7481,vegetables and fruits,Onion,KG,actual,Retail,ETB,40.77,0.2912,5,3,agent:4|user:1,published,waga-index-v1,snap_2026-07-25T06_v1
2026-06-23,Addis Ababa,Addis Ababa,Kera,8.9994,38.7481,oil and fats,Cooking oil,L,actual,Retail,ETB,167.80,1.1986,7,5,agent:5|user:2,published,waga-index-v1,snap_2026-07-25T06_v1
2026-06-23,Addis Ababa,Addis Ababa,Shola Gebeya,9.0244,38.7986,cereals and tubers,Teff (mixed),KG,actual,Retail,ETB,99.32,0.7094,8,5,agent:6|user:2,published,waga-index-v1,snap_2026-07-25T06_v1
2026-06-23,Addis Ababa,Addis Ababa,Shola Gebeya,9.0244,38.7986,cereals and tubers,Wheat,KG,actual,Retail,ETB,63.54,0.4539,3,2,agent:2|user:1,published,waga-index-v1,snap_2026-07-25T06_v1
2026-06-23,Addis Ababa,Addis Ababa,Shola Gebeya,9.0244,38.7986,cereals and tubers,Maize,KG,actual,Retail,ETB,41.63,0.2974,8,5,agent:6|user:2,published,waga-index-v1,snap_2026-07-25T06_v1
2026-06-23,Addis Ababa,Addis Ababa,Shola Gebeya,9.0244,38.7986,vegetables and fruits,Onion,KG,actual,Retail,ETB,43.96,0.3140,7,5,agent:5|user:2,published,waga-index-v1,snap_2026-07-25T06_v1
2026-06-23,Addis Ababa,Addis Ababa,Shola Gebeya,9.0244,38.7986,oil and fats,Cooking oil,L,actual,Retail,ETB,175.04,1.2503,5,3,agent:4|user:1,published,waga-index-v1,snap_2026-07-25T06_v1
2026-06-23,Addis Ababa,Addis Ababa,Piazza,9.0356,38.7522,cereals and tubers,Teff (mixed),KG,actual,Retail,ETB,102.78,0.7341,4,3,agent:3|user:1,published,waga-index-v1,snap_2026-07-25T06_v1
2026-06-23,Addis Ababa,Addis Ababa,Piazza,9.0356,38.7522,cereals and tubers,Wheat,KG,actual,Retail,ETB,64.39,0.4599,4,3,agent:3|user:1,published,waga-index-v1,snap_2026-07-25T06_v1
2026-06-23,Addis Ababa,Addis Ababa,Piazza,9.0356,38.7522,cereals and tubers,Maize,KG,actual,Retail,ETB,43.39,0.3099,7,5,agent:5|user:2,published,waga-index-v1,snap_2026-07-25T06_v1
2026-06-23,Addis Ababa,Addis Ababa,Piazza,9.0356,38.7522,vegetables and fruits,Onion,KG,actual,Retail,ETB,43.23,0.3088,5,3,agent:4|user:1,published,waga-index-v1,snap_2026-07-25T06_v1
2026-06-23,Addis Ababa,Addis Ababa,Piazza,9.0356,38.7522,oil and fats,Cooking oil,L,actual,Retail,ETB,175.70,1.2550,4,3,agent:3|user:1,published,waga-index-v1,snap_2026-07-25T06_v1
2026-06-24,Addis Ababa,Addis Ababa,Merkato,9.0341,38.7395,cereals and tubers,Teff (mixed),KG,actual,Retail,ETB,91.45,0.6532,7,5,agent:5|user:2,published,waga-index-v1,snap_2026-07-25T06_v1
2026-06-24,Addis Ababa,Addis Ababa,Merkato,9.0341,38.7395,cereals and tubers,Wheat,KG,actual,Retail,ETB,53.73,0.3838,9,6,agent:7|user:2,published,waga-index-v1,snap_2026-07-25T06_v1
2026-06-24,Addis Ababa,Addis Ababa,Merkato,9.0341,38.7395,cereals and tubers,Maize,KG,actual,Retail,ETB,36.21,0.2586,9,6,agent:7|user:2,published,waga-index-v1,snap_2026-07-25T06_v1
2026-06-24,Addis Ababa,Addis Ababa,Merkato,9.0341,38.7395,vegetables and fruits,Onion,KG,actual,Retail,ETB,38.61,0.2758,3,2,agent:2|user:1,published,waga-index-v1,snap_2026-07-25T06_v1
2026-06-24,Addis Ababa,Addis Ababa,Merkato,9.0341,38.7395,oil and fats,Cooking oil,L,actual,Retail,ETB,155.85,1.1132,7,5,agent:5|user:2,published,waga-index-v1,snap_2026-07-25T06_v1
2026-06-24,Addis Ababa,Addis Ababa,Ehil Berenda,9.0333,38.7389,cereals and tubers,Teff (mixed),KG,actual,Retail,ETB,85.96,0.6140,8,5,agent:6|user:2,published,waga-index-v1,snap_2026-07-25T06_v1
2026-06-24,Addis Ababa,Addis Ababa,Ehil Berenda,9.0333,38.7389,cereals and tubers,Wheat,KG,actual,Retail,ETB,,,0,0,,insufficient_data,waga-index-v1,snap_2026-07-25T06_v1
2026-06-24,Addis Ababa,Addis Ababa,Ehil Berenda,9.0333,38.7389,cereals and tubers,Maize,KG,actual,Retail,ETB,39.05,0.2789,3,2,agent:2|user:1,published,waga-index-v1,snap_2026-07-25T06_v1
2026-06-24,Addis Ababa,Addis Ababa,Ehil Berenda,9.0333,38.7389,vegetables and fruits,Onion,KG,actual,Retail,ETB,38.62,0.2759,5,3,agent:4|user:1,published,waga-index-v1,snap_2026-07-25T06_v1
2026-06-24,Addis Ababa,Addis Ababa,Ehil Berenda,9.0333,38.7389,oil and fats,Cooking oil,L,actual,Retail,ETB,158.84,1.1346,4,3,agent:3|user:1,published,waga-index-v1,snap_2026-07-25T06_v1
2026-06-24,Addis Ababa,Addis Ababa,Atikilt Tera,9.03,38.745,cereals and tubers,Teff (mixed),KG,actual,Retail,ETB,93.09,0.6649,6,4,agent:4|user:2,published,waga-index-v1,snap_2026-07-25T06_v1
2026-06-24,Addis Ababa,Addis Ababa,Atikilt Tera,9.03,38.745,cereals and tubers,Wheat,KG,actual,Retail,ETB,58.58,0.4184,3,2,agent:2|user:1,published,waga-index-v1,snap_2026-07-25T06_v1
2026-06-24,Addis Ababa,Addis Ababa,Atikilt Tera,9.03,38.745,cereals and tubers,Maize,KG,actual,Retail,ETB,38.17,0.2726,9,6,agent:7|user:2,published,waga-index-v1,snap_2026-07-25T06_v1
2026-06-24,Addis Ababa,Addis Ababa,Atikilt Tera,9.03,38.745,vegetables and fruits,Onion,KG,actual,Retail,ETB,34.95,0.2496,4,3,agent:3|user:1,published,waga-index-v1,snap_2026-07-25T06_v1
2026-06-24,Addis Ababa,Addis Ababa,Atikilt Tera,9.03,38.745,oil and fats,Cooking oil,L,actual,Retail,ETB,151.48,1.0820,6,4,agent:4|user:2,published,waga-index-v1,snap_2026-07-25T06_v1
2026-06-24,Addis Ababa,Addis Ababa,Asko,9.0489,38.6889,cereals and tubers,Teff (mixed),KG,actual,Retail,ETB,94.51,0.6751,4,3,agent:3|user:1,published,waga-index-v1,snap_2026-07-25T06_v1
2026-06-24,Addis Ababa,Addis Ababa,Asko,9.0489,38.6889,cereals and tubers,Wheat,KG,actual,Retail,ETB,58.93,0.4209,4,3,agent:3|user:1,published,waga-index-v1,snap_2026-07-25T06_v1
2026-06-24,Addis Ababa,Addis Ababa,Asko,9.0489,38.6889,cereals and tubers,Maize,KG,actual,Retail,ETB,,,1,1,agent:1,insufficient_data,waga-index-v1,snap_2026-07-25T06_v1
2026-06-24,Addis Ababa,Addis Ababa,Asko,9.0489,38.6889,vegetables and fruits,Onion,KG,actual,Retail,ETB,39.12,0.2794,9,6,agent:7|user:2,published,waga-index-v1,snap_2026-07-25T06_v1
2026-06-24,Addis Ababa,Addis Ababa,Asko,9.0489,38.6889,oil and fats,Cooking oil,L,actual,Retail,ETB,162.17,1.1584,5,3,agent:4|user:1,published,waga-index-v1,snap_2026-07-25T06_v1
2026-06-24,Addis Ababa,Addis Ababa,Saris,8.9797,38.7622,cereals and tubers,Teff (mixed),KG,actual,Retail,ETB,96.51,0.6894,8,5,agent:6|user:2,published,waga-index-v1,snap_2026-07-25T06_v1
2026-06-24,Addis Ababa,Addis Ababa,Saris,8.9797,38.7622,cereals and tubers,Wheat,KG,actual,Retail,ETB,59.83,0.4274,8,5,agent:6|user:2,published,waga-index-v1,snap_2026-07-25T06_v1
2026-06-24,Addis Ababa,Addis Ababa,Saris,8.9797,38.7622,cereals and tubers,Maize,KG,actual,Retail,ETB,40.87,0.2919,8,5,agent:6|user:2,published,waga-index-v1,snap_2026-07-25T06_v1
2026-06-24,Addis Ababa,Addis Ababa,Saris,8.9797,38.7622,vegetables and fruits,Onion,KG,actual,Retail,ETB,39.86,0.2847,9,6,agent:7|user:2,published,waga-index-v1,snap_2026-07-25T06_v1
2026-06-24,Addis Ababa,Addis Ababa,Saris,8.9797,38.7622,oil and fats,Cooking oil,L,actual,Retail,ETB,162.95,1.1639,5,3,agent:4|user:1,published,waga-index-v1,snap_2026-07-25T06_v1
2026-06-24,Addis Ababa,Addis Ababa,Akaki,8.8939,38.8069,cereals and tubers,Teff (mixed),KG,actual,Retail,ETB,94.79,0.6771,4,3,agent:3|user:1,published,waga-index-v1,snap_2026-07-25T06_v1
2026-06-24,Addis Ababa,Addis Ababa,Akaki,8.8939,38.8069,cereals and tubers,Wheat,KG,actual,Retail,ETB,59.24,0.4231,4,3,agent:3|user:1,published,waga-index-v1,snap_2026-07-25T06_v1
2026-06-24,Addis Ababa,Addis Ababa,Akaki,8.8939,38.8069,cereals and tubers,Maize,KG,actual,Retail,ETB,40.67,0.2905,6,4,agent:4|user:2,published,waga-index-v1,snap_2026-07-25T06_v1
2026-06-24,Addis Ababa,Addis Ababa,Akaki,8.8939,38.8069,vegetables and fruits,Onion,KG,actual,Retail,ETB,40.06,0.2861,9,6,agent:7|user:2,published,waga-index-v1,snap_2026-07-25T06_v1
2026-06-24,Addis Ababa,Addis Ababa,Akaki,8.8939,38.8069,oil and fats,Cooking oil,L,actual,Retail,ETB,165.04,1.1789,8,5,agent:6|user:2,published,waga-index-v1,snap_2026-07-25T06_v1
2026-06-24,Addis Ababa,Addis Ababa,Kera,8.9994,38.7481,cereals and tubers,Teff (mixed),KG,actual,Retail,ETB,97.91,0.6994,9,6,agent:7|user:2,published,waga-index-v1,snap_2026-07-25T06_v1
2026-06-24,Addis Ababa,Addis Ababa,Kera,8.9994,38.7481,cereals and tubers,Wheat,KG,actual,Retail,ETB,61.28,0.4377,5,3,agent:4|user:1,published,waga-index-v1,snap_2026-07-25T06_v1
2026-06-24,Addis Ababa,Addis Ababa,Kera,8.9994,38.7481,cereals and tubers,Maize,KG,actual,Retail,ETB,41.49,0.2964,8,5,agent:6|user:2,published,waga-index-v1,snap_2026-07-25T06_v1
2026-06-24,Addis Ababa,Addis Ababa,Kera,8.9994,38.7481,vegetables and fruits,Onion,KG,actual,Retail,ETB,40.48,0.2891,9,6,agent:7|user:2,published,waga-index-v1,snap_2026-07-25T06_v1
2026-06-24,Addis Ababa,Addis Ababa,Kera,8.9994,38.7481,oil and fats,Cooking oil,L,actual,Retail,ETB,,,2,2,agent:2,insufficient_data,waga-index-v1,snap_2026-07-25T06_v1
2026-06-24,Addis Ababa,Addis Ababa,Shola Gebeya,9.0244,38.7986,cereals and tubers,Teff (mixed),KG,actual,Retail,ETB,99.90,0.7136,6,4,agent:4|user:2,published,waga-index-v1,snap_2026-07-25T06_v1
2026-06-24,Addis Ababa,Addis Ababa,Shola Gebeya,9.0244,38.7986,cereals and tubers,Wheat,KG,actual,Retail,ETB,64.37,0.4598,9,6,agent:7|user:2,published,waga-index-v1,snap_2026-07-25T06_v1
2026-06-24,Addis Ababa,Addis Ababa,Shola Gebeya,9.0244,38.7986,cereals and tubers,Maize,KG,actual,Retail,ETB,42.29,0.3021,6,4,agent:4|user:2,published,waga-index-v1,snap_2026-07-25T06_v1
2026-06-24,Addis Ababa,Addis Ababa,Shola Gebeya,9.0244,38.7986,vegetables and fruits,Onion,KG,actual,Retail,ETB,43.71,0.3122,6,4,agent:4|user:2,published,waga-index-v1,snap_2026-07-25T06_v1
2026-06-24,Addis Ababa,Addis Ababa,Shola Gebeya,9.0244,38.7986,oil and fats,Cooking oil,L,actual,Retail,ETB,173.71,1.2408,6,4,agent:4|user:2,published,waga-index-v1,snap_2026-07-25T06_v1
2026-06-24,Addis Ababa,Addis Ababa,Piazza,9.0356,38.7522,cereals and tubers,Teff (mixed),KG,actual,Retail,ETB,104.26,0.7447,5,3,agent:4|user:1,published,waga-index-v1,snap_2026-07-25T06_v1
2026-06-24,Addis Ababa,Addis Ababa,Piazza,9.0356,38.7522,cereals and tubers,Wheat,KG,actual,Retail,ETB,64.75,0.4625,5,3,agent:4|user:1,published,waga-index-v1,snap_2026-07-25T06_v1
2026-06-24,Addis Ababa,Addis Ababa,Piazza,9.0356,38.7522,cereals and tubers,Maize,KG,actual,Retail,ETB,42.24,0.3017,6,4,agent:4|user:2,published,waga-index-v1,snap_2026-07-25T06_v1
2026-06-24,Addis Ababa,Addis Ababa,Piazza,9.0356,38.7522,vegetables and fruits,Onion,KG,actual,Retail,ETB,43.87,0.3134,9,6,agent:7|user:2,published,waga-index-v1,snap_2026-07-25T06_v1
2026-06-24,Addis Ababa,Addis Ababa,Piazza,9.0356,38.7522,oil and fats,Cooking oil,L,actual,Retail,ETB,,,2,2,agent:2,insufficient_data,waga-index-v1,snap_2026-07-25T06_v1
2026-06-25,Addis Ababa,Addis Ababa,Merkato,9.0341,38.7395,cereals and tubers,Teff (mixed),KG,actual,Retail,ETB,91.21,0.6515,5,3,agent:4|user:1,published,waga-index-v1,snap_2026-07-25T06_v1
2026-06-25,Addis Ababa,Addis Ababa,Merkato,9.0341,38.7395,cereals and tubers,Wheat,KG,actual,Retail,ETB,54.34,0.3881,7,5,agent:5|user:2,published,waga-index-v1,snap_2026-07-25T06_v1
2026-06-25,Addis Ababa,Addis Ababa,Merkato,9.0341,38.7395,cereals and tubers,Maize,KG,actual,Retail,ETB,,,2,2,agent:2,insufficient_data,waga-index-v1,snap_2026-07-25T06_v1
2026-06-25,Addis Ababa,Addis Ababa,Merkato,9.0341,38.7395,vegetables and fruits,Onion,KG,actual,Retail,ETB,38.87,0.2776,9,6,agent:7|user:2,published,waga-index-v1,snap_2026-07-25T06_v1
2026-06-25,Addis Ababa,Addis Ababa,Merkato,9.0341,38.7395,oil and fats,Cooking oil,L,actual,Retail,ETB,156.62,1.1187,6,4,agent:4|user:2,published,waga-index-v1,snap_2026-07-25T06_v1
2026-06-25,Addis Ababa,Addis Ababa,Ehil Berenda,9.0333,38.7389,cereals and tubers,Teff (mixed),KG,actual,Retail,ETB,,,0,0,,insufficient_data,waga-index-v1,snap_2026-07-25T06_v1
2026-06-25,Addis Ababa,Addis Ababa,Ehil Berenda,9.0333,38.7389,cereals and tubers,Wheat,KG,actual,Retail,ETB,,,2,2,agent:2,insufficient_data,waga-index-v1,snap_2026-07-25T06_v1
2026-06-25,Addis Ababa,Addis Ababa,Ehil Berenda,9.0333,38.7389,cereals and tubers,Maize,KG,actual,Retail,ETB,38.77,0.2769,3,2,agent:2|user:1,published,waga-index-v1,snap_2026-07-25T06_v1
2026-06-25,Addis Ababa,Addis Ababa,Ehil Berenda,9.0333,38.7389,vegetables and fruits,Onion,KG,actual,Retail,ETB,38.59,0.2756,7,5,agent:5|user:2,published,waga-index-v1,snap_2026-07-25T06_v1
2026-06-25,Addis Ababa,Addis Ababa,Ehil Berenda,9.0333,38.7389,oil and fats,Cooking oil,L,actual,Retail,ETB,157.45,1.1246,7,5,agent:5|user:2,published,waga-index-v1,snap_2026-07-25T06_v1
2026-06-25,Addis Ababa,Addis Ababa,Atikilt Tera,9.03,38.745,cereals and tubers,Teff (mixed),KG,actual,Retail,ETB,93.30,0.6664,5,3,agent:4|user:1,published,waga-index-v1,snap_2026-07-25T06_v1
2026-06-25,Addis Ababa,Addis Ababa,Atikilt Tera,9.03,38.745,cereals and tubers,Wheat,KG,actual,Retail,ETB,58.74,0.4196,8,5,agent:6|user:2,published,waga-index-v1,snap_2026-07-25T06_v1
2026-06-25,Addis Ababa,Addis Ababa,Atikilt Tera,9.03,38.745,cereals and tubers,Maize,KG,actual,Retail,ETB,,,0,0,,insufficient_data,waga-index-v1,snap_2026-07-25T06_v1
2026-06-25,Addis Ababa,Addis Ababa,Atikilt Tera,9.03,38.745,vegetables and fruits,Onion,KG,actual,Retail,ETB,35.34,0.2524,3,2,agent:2|user:1,published,waga-index-v1,snap_2026-07-25T06_v1
2026-06-25,Addis Ababa,Addis Ababa,Atikilt Tera,9.03,38.745,oil and fats,Cooking oil,L,actual,Retail,ETB,150.05,1.0718,6,4,agent:4|user:2,published,waga-index-v1,snap_2026-07-25T06_v1
2026-06-25,Addis Ababa,Addis Ababa,Asko,9.0489,38.6889,cereals and tubers,Teff (mixed),KG,actual,Retail,ETB,,,0,0,,insufficient_data,waga-index-v1,snap_2026-07-25T06_v1
2026-06-25,Addis Ababa,Addis Ababa,Asko,9.0489,38.6889,cereals and tubers,Wheat,KG,actual,Retail,ETB,59.26,0.4233,6,4,agent:4|user:2,published,waga-index-v1,snap_2026-07-25T06_v1
2026-06-25,Addis Ababa,Addis Ababa,Asko,9.0489,38.6889,cereals and tubers,Maize,KG,actual,Retail,ETB,39.09,0.2792,9,6,agent:7|user:2,published,waga-index-v1,snap_2026-07-25T06_v1
2026-06-25,Addis Ababa,Addis Ababa,Asko,9.0489,38.6889,vegetables and fruits,Onion,KG,actual,Retail,ETB,39.50,0.2821,3,2,agent:2|user:1,published,waga-index-v1,snap_2026-07-25T06_v1
2026-06-25,Addis Ababa,Addis Ababa,Asko,9.0489,38.6889,oil and fats,Cooking oil,L,actual,Retail,ETB,163.20,1.1657,5,3,agent:4|user:1,published,waga-index-v1,snap_2026-07-25T06_v1
2026-06-25,Addis Ababa,Addis Ababa,Saris,8.9797,38.7622,cereals and tubers,Teff (mixed),KG,actual,Retail,ETB,96.37,0.6884,6,4,agent:4|user:2,published,waga-index-v1,snap_2026-07-25T06_v1
2026-06-25,Addis Ababa,Addis Ababa,Saris,8.9797,38.7622,cereals and tubers,Wheat,KG,actual,Retail,ETB,59.88,0.4277,5,3,agent:4|user:1,published,waga-index-v1,snap_2026-07-25T06_v1
2026-06-25,Addis Ababa,Addis Ababa,Saris,8.9797,38.7622,cereals and tubers,Maize,KG,actual,Retail,ETB,40.63,0.2902,6,4,agent:4|user:2,published,waga-index-v1,snap_2026-07-25T06_v1
2026-06-25,Addis Ababa,Addis Ababa,Saris,8.9797,38.7622,vegetables and fruits,Onion,KG,actual,Retail,ETB,,,1,1,agent:1,insufficient_data,waga-index-v1,snap_2026-07-25T06_v1
2026-06-25,Addis Ababa,Addis Ababa,Saris,8.9797,38.7622,oil and fats,Cooking oil,L,actual,Retail,ETB,162.59,1.1614,8,5,agent:6|user:2,published,waga-index-v1,snap_2026-07-25T06_v1
2026-06-25,Addis Ababa,Addis Ababa,Akaki,8.8939,38.8069,cereals and tubers,Teff (mixed),KG,actual,Retail,ETB,96.28,0.6877,8,5,agent:6|user:2,published,waga-index-v1,snap_2026-07-25T06_v1
2026-06-25,Addis Ababa,Addis Ababa,Akaki,8.8939,38.8069,cereals and tubers,Wheat,KG,actual,Retail,ETB,59.64,0.4260,3,2,agent:2|user:1,published,waga-index-v1,snap_2026-07-25T06_v1
2026-06-25,Addis Ababa,Addis Ababa,Akaki,8.8939,38.8069,cereals and tubers,Maize,KG,actual,Retail,ETB,41.04,0.2931,8,5,agent:6|user:2,published,waga-index-v1,snap_2026-07-25T06_v1
2026-06-25,Addis Ababa,Addis Ababa,Akaki,8.8939,38.8069,vegetables and fruits,Onion,KG,actual,Retail,ETB,40.42,0.2887,6,4,agent:4|user:2,published,waga-index-v1,snap_2026-07-25T06_v1
2026-06-25,Addis Ababa,Addis Ababa,Akaki,8.8939,38.8069,oil and fats,Cooking oil,L,actual,Retail,ETB,164.63,1.1759,8,5,agent:6|user:2,published,waga-index-v1,snap_2026-07-25T06_v1
2026-06-25,Addis Ababa,Addis Ababa,Kera,8.9994,38.7481,cereals and tubers,Teff (mixed),KG,actual,Retail,ETB,96.77,0.6912,5,3,agent:4|user:1,published,waga-index-v1,snap_2026-07-25T06_v1
2026-06-25,Addis Ababa,Addis Ababa,Kera,8.9994,38.7481,cereals and tubers,Wheat,KG,actual,Retail,ETB,,,1,1,agent:1,insufficient_data,waga-index-v1,snap_2026-07-25T06_v1
2026-06-25,Addis Ababa,Addis Ababa,Kera,8.9994,38.7481,cereals and tubers,Maize,KG,actual,Retail,ETB,41.33,0.2952,8,5,agent:6|user:2,published,waga-index-v1,snap_2026-07-25T06_v1
2026-06-25,Addis Ababa,Addis Ababa,Kera,8.9994,38.7481,vegetables and fruits,Onion,KG,actual,Retail,ETB,40.40,0.2886,6,4,agent:4|user:2,published,waga-index-v1,snap_2026-07-25T06_v1
2026-06-25,Addis Ababa,Addis Ababa,Kera,8.9994,38.7481,oil and fats,Cooking oil,L,actual,Retail,ETB,170.52,1.2180,6,4,agent:4|user:2,published,waga-index-v1,snap_2026-07-25T06_v1
2026-06-25,Addis Ababa,Addis Ababa,Shola Gebeya,9.0244,38.7986,cereals and tubers,Teff (mixed),KG,actual,Retail,ETB,100.37,0.7169,5,3,agent:4|user:1,published,waga-index-v1,snap_2026-07-25T06_v1
2026-06-25,Addis Ababa,Addis Ababa,Shola Gebeya,9.0244,38.7986,cereals and tubers,Wheat,KG,actual,Retail,ETB,64.29,0.4592,4,3,agent:3|user:1,published,waga-index-v1,snap_2026-07-25T06_v1
2026-06-25,Addis Ababa,Addis Ababa,Shola Gebeya,9.0244,38.7986,cereals and tubers,Maize,KG,actual,Retail,ETB,,,0,0,,insufficient_data,waga-index-v1,snap_2026-07-25T06_v1
2026-06-25,Addis Ababa,Addis Ababa,Shola Gebeya,9.0244,38.7986,vegetables and fruits,Onion,KG,actual,Retail,ETB,44.04,0.3146,4,3,agent:3|user:1,published,waga-index-v1,snap_2026-07-25T06_v1
2026-06-25,Addis Ababa,Addis Ababa,Shola Gebeya,9.0244,38.7986,oil and fats,Cooking oil,L,actual,Retail,ETB,170.49,1.2178,6,4,agent:4|user:2,published,waga-index-v1,snap_2026-07-25T06_v1
2026-06-25,Addis Ababa,Addis Ababa,Piazza,9.0356,38.7522,cereals and tubers,Teff (mixed),KG,actual,Retail,ETB,,,0,0,,insufficient_data,waga-index-v1,snap_2026-07-25T06_v1
2026-06-25,Addis Ababa,Addis Ababa,Piazza,9.0356,38.7522,cereals and tubers,Wheat,KG,actual,Retail,ETB,65.86,0.4704,6,4,agent:4|user:2,published,waga-index-v1,snap_2026-07-25T06_v1
2026-06-25,Addis Ababa,Addis Ababa,Piazza,9.0356,38.7522,cereals and tubers,Maize,KG,actual,Retail,ETB,41.88,0.2991,7,5,agent:5|user:2,published,waga-index-v1,snap_2026-07-25T06_v1
2026-06-25,Addis Ababa,Addis Ababa,Piazza,9.0356,38.7522,vegetables and fruits,Onion,KG,actual,Retail,ETB,43.98,0.3141,3,2,agent:2|user:1,published,waga-index-v1,snap_2026-07-25T06_v1
2026-06-25,Addis Ababa,Addis Ababa,Piazza,9.0356,38.7522,oil and fats,Cooking oil,L,actual,Retail,ETB,176.38,1.2599,8,5,agent:6|user:2,published,waga-index-v1,snap_2026-07-25T06_v1
2026-06-26,Addis Ababa,Addis Ababa,Merkato,9.0341,38.7395,cereals and tubers,Teff (mixed),KG,actual,Retail,ETB,92.00,0.6571,9,6,agent:7|user:2,published,waga-index-v1,snap_2026-07-25T06_v1
2026-06-26,Addis Ababa,Addis Ababa,Merkato,9.0341,38.7395,cereals and tubers,Wheat,KG,actual,Retail,ETB,54.73,0.3909,6,4,agent:4|user:2,published,waga-index-v1,snap_2026-07-25T06_v1
2026-06-26,Addis Ababa,Addis Ababa,Merkato,9.0341,38.7395,cereals and tubers,Maize,KG,actual,Retail,ETB,36.38,0.2599,7,5,agent:5|user:2,published,waga-index-v1,snap_2026-07-25T06_v1
2026-06-26,Addis Ababa,Addis Ababa,Merkato,9.0341,38.7395,vegetables and fruits,Onion,KG,actual,Retail,ETB,38.97,0.2784,4,3,agent:3|user:1,published,waga-index-v1,snap_2026-07-25T06_v1
2026-06-26,Addis Ababa,Addis Ababa,Merkato,9.0341,38.7395,oil and fats,Cooking oil,L,actual,Retail,ETB,157.38,1.1241,9,6,agent:7|user:2,published,waga-index-v1,snap_2026-07-25T06_v1
2026-06-26,Addis Ababa,Addis Ababa,Ehil Berenda,9.0333,38.7389,cereals and tubers,Teff (mixed),KG,actual,Retail,ETB,85.46,0.6104,8,5,agent:6|user:2,published,waga-index-v1,snap_2026-07-25T06_v1
2026-06-26,Addis Ababa,Addis Ababa,Ehil Berenda,9.0333,38.7389,cereals and tubers,Wheat,KG,actual,Retail,ETB,57.16,0.4083,6,4,agent:4|user:2,published,waga-index-v1,snap_2026-07-25T06_v1
2026-06-26,Addis Ababa,Addis Ababa,Ehil Berenda,9.0333,38.7389,cereals and tubers,Maize,KG,actual,Retail,ETB,38.59,0.2756,6,4,agent:4|user:2,published,waga-index-v1,snap_2026-07-25T06_v1
2026-06-26,Addis Ababa,Addis Ababa,Ehil Berenda,9.0333,38.7389,vegetables and fruits,Onion,KG,actual,Retail,ETB,,,1,1,agent:1,insufficient_data,waga-index-v1,snap_2026-07-25T06_v1
2026-06-26,Addis Ababa,Addis Ababa,Ehil Berenda,9.0333,38.7389,oil and fats,Cooking oil,L,actual,Retail,ETB,157.76,1.1269,6,4,agent:4|user:2,published,waga-index-v1,snap_2026-07-25T06_v1
2026-06-26,Addis Ababa,Addis Ababa,Atikilt Tera,9.03,38.745,cereals and tubers,Teff (mixed),KG,actual,Retail,ETB,93.52,0.6680,4,3,agent:3|user:1,published,waga-index-v1,snap_2026-07-25T06_v1
2026-06-26,Addis Ababa,Addis Ababa,Atikilt Tera,9.03,38.745,cereals and tubers,Wheat,KG,actual,Retail,ETB,,,1,1,agent:1,insufficient_data,waga-index-v1,snap_2026-07-25T06_v1
2026-06-26,Addis Ababa,Addis Ababa,Atikilt Tera,9.03,38.745,cereals and tubers,Maize,KG,actual,Retail,ETB,39.28,0.2806,4,3,agent:3|user:1,published,waga-index-v1,snap_2026-07-25T06_v1
2026-06-26,Addis Ababa,Addis Ababa,Atikilt Tera,9.03,38.745,vegetables and fruits,Onion,KG,actual,Retail,ETB,35.95,0.2568,8,5,agent:6|user:2,published,waga-index-v1,snap_2026-07-25T06_v1
2026-06-26,Addis Ababa,Addis Ababa,Atikilt Tera,9.03,38.745,oil and fats,Cooking oil,L,actual,Retail,ETB,150.46,1.0747,5,3,agent:4|user:1,published,waga-index-v1,snap_2026-07-25T06_v1
2026-06-26,Addis Ababa,Addis Ababa,Asko,9.0489,38.6889,cereals and tubers,Teff (mixed),KG,actual,Retail,ETB,95.39,0.6814,5,3,agent:4|user:1,published,waga-index-v1,snap_2026-07-25T06_v1
2026-06-26,Addis Ababa,Addis Ababa,Asko,9.0489,38.6889,cereals and tubers,Wheat,KG,actual,Retail,ETB,59.49,0.4249,3,2,agent:2|user:1,published,waga-index-v1,snap_2026-07-25T06_v1
2026-06-26,Addis Ababa,Addis Ababa,Asko,9.0489,38.6889,cereals and tubers,Maize,KG,actual,Retail,ETB,39.48,0.2820,9,6,agent:7|user:2,published,waga-index-v1,snap_2026-07-25T06_v1
2026-06-26,Addis Ababa,Addis Ababa,Asko,9.0489,38.6889,vegetables and fruits,Onion,KG,actual,Retail,ETB,40.19,0.2871,6,4,agent:4|user:2,published,waga-index-v1,snap_2026-07-25T06_v1
2026-06-26,Addis Ababa,Addis Ababa,Asko,9.0489,38.6889,oil and fats,Cooking oil,L,actual,Retail,ETB,162.26,1.1590,8,5,agent:6|user:2,published,waga-index-v1,snap_2026-07-25T06_v1
2026-06-26,Addis Ababa,Addis Ababa,Saris,8.9797,38.7622,cereals and tubers,Teff (mixed),KG,actual,Retail,ETB,97.37,0.6955,8,5,agent:6|user:2,published,waga-index-v1,snap_2026-07-25T06_v1
2026-06-26,Addis Ababa,Addis Ababa,Saris,8.9797,38.7622,cereals and tubers,Wheat,KG,actual,Retail,ETB,61.11,0.4365,3,2,agent:2|user:1,published,waga-index-v1,snap_2026-07-25T06_v1
2026-06-26,Addis Ababa,Addis Ababa,Saris,8.9797,38.7622,cereals and tubers,Maize,KG,actual,Retail,ETB,40.90,0.2921,5,3,agent:4|user:1,published,waga-index-v1,snap_2026-07-25T06_v1
2026-06-26,Addis Ababa,Addis Ababa,Saris,8.9797,38.7622,vegetables and fruits,Onion,KG,actual,Retail,ETB,40.26,0.2876,5,3,agent:4|user:1,published,waga-index-v1,snap_2026-07-25T06_v1
2026-06-26,Addis Ababa,Addis Ababa,Saris,8.9797,38.7622,oil and fats,Cooking oil,L,actual,Retail,ETB,164.06,1.1719,3,2,agent:2|user:1,published,waga-index-v1,snap_2026-07-25T06_v1
2026-06-26,Addis Ababa,Addis Ababa,Akaki,8.8939,38.8069,cereals and tubers,Teff (mixed),KG,actual,Retail,ETB,95.89,0.6849,8,5,agent:6|user:2,published,waga-index-v1,snap_2026-07-25T06_v1
2026-06-26,Addis Ababa,Addis Ababa,Akaki,8.8939,38.8069,cereals and tubers,Wheat,KG,actual,Retail,ETB,,,2,2,agent:2,insufficient_data,waga-index-v1,snap_2026-07-25T06_v1
2026-06-26,Addis Ababa,Addis Ababa,Akaki,8.8939,38.8069,cereals and tubers,Maize,KG,actual,Retail,ETB,40.61,0.2901,6,4,agent:4|user:2,published,waga-index-v1,snap_2026-07-25T06_v1
2026-06-26,Addis Ababa,Addis Ababa,Akaki,8.8939,38.8069,vegetables and fruits,Onion,KG,actual,Retail,ETB,40.91,0.2922,5,3,agent:4|user:1,published,waga-index-v1,snap_2026-07-25T06_v1
2026-06-26,Addis Ababa,Addis Ababa,Akaki,8.8939,38.8069,oil and fats,Cooking oil,L,actual,Retail,ETB,164.55,1.1754,3,2,agent:2|user:1,published,waga-index-v1,snap_2026-07-25T06_v1
2026-06-26,Addis Ababa,Addis Ababa,Kera,8.9994,38.7481,cereals and tubers,Teff (mixed),KG,actual,Retail,ETB,,,0,0,,insufficient_data,waga-index-v1,snap_2026-07-25T06_v1
2026-06-26,Addis Ababa,Addis Ababa,Kera,8.9994,38.7481,cereals and tubers,Wheat,KG,actual,Retail,ETB,61.66,0.4404,7,5,agent:5|user:2,published,waga-index-v1,snap_2026-07-25T06_v1
2026-06-26,Addis Ababa,Addis Ababa,Kera,8.9994,38.7481,cereals and tubers,Maize,KG,actual,Retail,ETB,41.80,0.2986,3,2,agent:2|user:1,published,waga-index-v1,snap_2026-07-25T06_v1
2026-06-26,Addis Ababa,Addis Ababa,Kera,8.9994,38.7481,vegetables and fruits,Onion,KG,actual,Retail,ETB,40.96,0.2926,8,5,agent:6|user:2,published,waga-index-v1,snap_2026-07-25T06_v1
2026-06-26,Addis Ababa,Addis Ababa,Kera,8.9994,38.7481,oil and fats,Cooking oil,L,actual,Retail,ETB,173.28,1.2377,7,5,agent:5|user:2,published,waga-index-v1,snap_2026-07-25T06_v1
2026-06-26,Addis Ababa,Addis Ababa,Shola Gebeya,9.0244,38.7986,cereals and tubers,Teff (mixed),KG,actual,Retail,ETB,100.58,0.7184,4,3,agent:3|user:1,published,waga-index-v1,snap_2026-07-25T06_v1
2026-06-26,Addis Ababa,Addis Ababa,Shola Gebeya,9.0244,38.7986,cereals and tubers,Wheat,KG,actual,Retail,ETB,64.69,0.4621,3,2,agent:2|user:1,published,waga-index-v1,snap_2026-07-25T06_v1
2026-06-26,Addis Ababa,Addis Ababa,Shola Gebeya,9.0244,38.7986,cereals and tubers,Maize,KG,actual,Retail,ETB,43.50,0.3107,6,4,agent:4|user:2,published,waga-index-v1,snap_2026-07-25T06_v1
2026-06-26,Addis Ababa,Addis Ababa,Shola Gebeya,9.0244,38.7986,vegetables and fruits,Onion,KG,actual,Retail,ETB,44.87,0.3205,7,5,agent:5|user:2,published,waga-index-v1,snap_2026-07-25T06_v1
2026-06-26,Addis Ababa,Addis Ababa,Shola Gebeya,9.0244,38.7986,oil and fats,Cooking oil,L,actual,Retail,ETB,171.59,1.2256,5,3,agent:4|user:1,published,waga-index-v1,snap_2026-07-25T06_v1
2026-06-26,Addis Ababa,Addis Ababa,Piazza,9.0356,38.7522,cereals and tubers,Teff (mixed),KG,actual,Retail,ETB,,,1,1,agent:1,insufficient_data,waga-index-v1,snap_2026-07-25T06_v1
2026-06-26,Addis Ababa,Addis Ababa,Piazza,9.0356,38.7522,cereals and tubers,Wheat,KG,actual,Retail,ETB,66.24,0.4731,4,3,agent:3|user:1,published,waga-index-v1,snap_2026-07-25T06_v1
2026-06-26,Addis Ababa,Addis Ababa,Piazza,9.0356,38.7522,cereals and tubers,Maize,KG,actual,Retail,ETB,42.91,0.3065,9,6,agent:7|user:2,published,waga-index-v1,snap_2026-07-25T06_v1
2026-06-26,Addis Ababa,Addis Ababa,Piazza,9.0356,38.7522,vegetables and fruits,Onion,KG,actual,Retail,ETB,43.86,0.3133,3,2,agent:2|user:1,published,waga-index-v1,snap_2026-07-25T06_v1
2026-06-26,Addis Ababa,Addis Ababa,Piazza,9.0356,38.7522,oil and fats,Cooking oil,L,actual,Retail,ETB,177.72,1.2694,3,2,agent:2|user:1,published,waga-index-v1,snap_2026-07-25T06_v1
2026-06-27,Addis Ababa,Addis Ababa,Merkato,9.0341,38.7395,cereals and tubers,Teff (mixed),KG,actual,Retail,ETB,92.93,0.6638,9,6,agent:7|user:2,published,waga-index-v1,snap_2026-07-25T06_v1
2026-06-27,Addis Ababa,Addis Ababa,Merkato,9.0341,38.7395,cereals and tubers,Wheat,KG,actual,Retail,ETB,54.66,0.3904,3,2,agent:2|user:1,published,waga-index-v1,snap_2026-07-25T06_v1
2026-06-27,Addis Ababa,Addis Ababa,Merkato,9.0341,38.7395,cereals and tubers,Maize,KG,actual,Retail,ETB,36.64,0.2617,5,3,agent:4|user:1,published,waga-index-v1,snap_2026-07-25T06_v1
2026-06-27,Addis Ababa,Addis Ababa,Merkato,9.0341,38.7395,vegetables and fruits,Onion,KG,actual,Retail,ETB,39.17,0.2798,7,5,agent:5|user:2,published,waga-index-v1,snap_2026-07-25T06_v1
2026-06-27,Addis Ababa,Addis Ababa,Merkato,9.0341,38.7395,oil and fats,Cooking oil,L,actual,Retail,ETB,158.29,1.1306,4,3,agent:3|user:1,published,waga-index-v1,snap_2026-07-25T06_v1
2026-06-27,Addis Ababa,Addis Ababa,Ehil Berenda,9.0333,38.7389,cereals and tubers,Teff (mixed),KG,actual,Retail,ETB,,,0,0,,insufficient_data,waga-index-v1,snap_2026-07-25T06_v1
2026-06-27,Addis Ababa,Addis Ababa,Ehil Berenda,9.0333,38.7389,cereals and tubers,Wheat,KG,actual,Retail,ETB,58.10,0.4150,6,4,agent:4|user:2,published,waga-index-v1,snap_2026-07-25T06_v1
2026-06-27,Addis Ababa,Addis Ababa,Ehil Berenda,9.0333,38.7389,cereals and tubers,Maize,KG,actual,Retail,ETB,39.03,0.2788,6,4,agent:4|user:2,published,waga-index-v1,snap_2026-07-25T06_v1
2026-06-27,Addis Ababa,Addis Ababa,Ehil Berenda,9.0333,38.7389,vegetables and fruits,Onion,KG,actual,Retail,ETB,39.43,0.2816,3,2,agent:2|user:1,published,waga-index-v1,snap_2026-07-25T06_v1
2026-06-27,Addis Ababa,Addis Ababa,Ehil Berenda,9.0333,38.7389,oil and fats,Cooking oil,L,actual,Retail,ETB,160.81,1.1486,5,3,agent:4|user:1,published,waga-index-v1,snap_2026-07-25T06_v1
2026-06-27,Addis Ababa,Addis Ababa,Atikilt Tera,9.03,38.745,cereals and tubers,Teff (mixed),KG,actual,Retail,ETB,93.46,0.6676,5,3,agent:4|user:1,published,waga-index-v1,snap_2026-07-25T06_v1
2026-06-27,Addis Ababa,Addis Ababa,Atikilt Tera,9.03,38.745,cereals and tubers,Wheat,KG,actual,Retail,ETB,59.43,0.4245,8,5,agent:6|user:2,published,waga-index-v1,snap_2026-07-25T06_v1
2026-06-27,Addis Ababa,Addis Ababa,Atikilt Tera,9.03,38.745,cereals and tubers,Maize,KG,actual,Retail,ETB,,,2,2,agent:2,insufficient_data,waga-index-v1,snap_2026-07-25T06_v1
2026-06-27,Addis Ababa,Addis Ababa,Atikilt Tera,9.03,38.745,vegetables and fruits,Onion,KG,actual,Retail,ETB,36.51,0.2608,6,4,agent:4|user:2,published,waga-index-v1,snap_2026-07-25T06_v1
2026-06-27,Addis Ababa,Addis Ababa,Atikilt Tera,9.03,38.745,oil and fats,Cooking oil,L,actual,Retail,ETB,152.89,1.0921,5,3,agent:4|user:1,published,waga-index-v1,snap_2026-07-25T06_v1
2026-06-27,Addis Ababa,Addis Ababa,Asko,9.0489,38.6889,cereals and tubers,Teff (mixed),KG,actual,Retail,ETB,96.14,0.6867,3,2,agent:2|user:1,published,waga-index-v1,snap_2026-07-25T06_v1
2026-06-27,Addis Ababa,Addis Ababa,Asko,9.0489,38.6889,cereals and tubers,Wheat,KG,actual,Retail,ETB,,,2,2,agent:2,insufficient_data,waga-index-v1,snap_2026-07-25T06_v1
2026-06-27,Addis Ababa,Addis Ababa,Asko,9.0489,38.6889,cereals and tubers,Maize,KG,actual,Retail,ETB,39.26,0.2804,8,5,agent:6|user:2,published,waga-index-v1,snap_2026-07-25T06_v1
2026-06-27,Addis Ababa,Addis Ababa,Asko,9.0489,38.6889,vegetables and fruits,Onion,KG,actual,Retail,ETB,40.68,0.2906,3,2,agent:2|user:1,published,waga-index-v1,snap_2026-07-25T06_v1
2026-06-27,Addis Ababa,Addis Ababa,Asko,9.0489,38.6889,oil and fats,Cooking oil,L,actual,Retail,ETB,165.61,1.1829,3,2,agent:2|user:1,published,waga-index-v1,snap_2026-07-25T06_v1
2026-06-27,Addis Ababa,Addis Ababa,Saris,8.9797,38.7622,cereals and tubers,Teff (mixed),KG,actual,Retail,ETB,98.47,0.7034,7,5,agent:5|user:2,published,waga-index-v1,snap_2026-07-25T06_v1
2026-06-27,Addis Ababa,Addis Ababa,Saris,8.9797,38.7622,cereals and tubers,Wheat,KG,actual,Retail,ETB,61.80,0.4414,7,5,agent:5|user:2,published,waga-index-v1,snap_2026-07-25T06_v1
2026-06-27,Addis Ababa,Addis Ababa,Saris,8.9797,38.7622,cereals and tubers,Maize,KG,actual,Retail,ETB,41.05,0.2932,8,5,agent:6|user:2,published,waga-index-v1,snap_2026-07-25T06_v1
2026-06-27,Addis Ababa,Addis Ababa,Saris,8.9797,38.7622,vegetables and fruits,Onion,KG,actual,Retail,ETB,40.96,0.2926,7,5,agent:5|user:2,published,waga-index-v1,snap_2026-07-25T06_v1
2026-06-27,Addis Ababa,Addis Ababa,Saris,8.9797,38.7622,oil and fats,Cooking oil,L,actual,Retail,ETB,164.58,1.1756,5,3,agent:4|user:1,published,waga-index-v1,snap_2026-07-25T06_v1
2026-06-27,Addis Ababa,Addis Ababa,Akaki,8.8939,38.8069,cereals and tubers,Teff (mixed),KG,actual,Retail,ETB,96.02,0.6859,4,3,agent:3|user:1,published,waga-index-v1,snap_2026-07-25T06_v1
2026-06-27,Addis Ababa,Addis Ababa,Akaki,8.8939,38.8069,cereals and tubers,Wheat,KG,actual,Retail,ETB,61.72,0.4409,5,3,agent:4|user:1,published,waga-index-v1,snap_2026-07-25T06_v1
2026-06-27,Addis Ababa,Addis Ababa,Akaki,8.8939,38.8069,cereals and tubers,Maize,KG,actual,Retail,ETB,41.00,0.2929,3,2,agent:2|user:1,published,waga-index-v1,snap_2026-07-25T06_v1
2026-06-27,Addis Ababa,Addis Ababa,Akaki,8.8939,38.8069,vegetables and fruits,Onion,KG,actual,Retail,ETB,41.11,0.2936,4,3,agent:3|user:1,published,waga-index-v1,snap_2026-07-25T06_v1
2026-06-27,Addis Ababa,Addis Ababa,Akaki,8.8939,38.8069,oil and fats,Cooking oil,L,actual,Retail,ETB,166.33,1.1881,5,3,agent:4|user:1,published,waga-index-v1,snap_2026-07-25T06_v1
2026-06-27,Addis Ababa,Addis Ababa,Kera,8.9994,38.7481,cereals and tubers,Teff (mixed),KG,actual,Retail,ETB,,,0,0,,insufficient_data,waga-index-v1,snap_2026-07-25T06_v1
2026-06-27,Addis Ababa,Addis Ababa,Kera,8.9994,38.7481,cereals and tubers,Wheat,KG,actual,Retail,ETB,,,1,1,agent:1,insufficient_data,waga-index-v1,snap_2026-07-25T06_v1
2026-06-27,Addis Ababa,Addis Ababa,Kera,8.9994,38.7481,cereals and tubers,Maize,KG,actual,Retail,ETB,41.73,0.2981,4,3,agent:3|user:1,published,waga-index-v1,snap_2026-07-25T06_v1
2026-06-27,Addis Ababa,Addis Ababa,Kera,8.9994,38.7481,vegetables and fruits,Onion,KG,actual,Retail,ETB,42.33,0.3024,6,4,agent:4|user:2,published,waga-index-v1,snap_2026-07-25T06_v1
2026-06-27,Addis Ababa,Addis Ababa,Kera,8.9994,38.7481,oil and fats,Cooking oil,L,actual,Retail,ETB,174.69,1.2478,4,3,agent:3|user:1,published,waga-index-v1,snap_2026-07-25T06_v1
2026-06-27,Addis Ababa,Addis Ababa,Shola Gebeya,9.0244,38.7986,cereals and tubers,Teff (mixed),KG,actual,Retail,ETB,100.91,0.7208,5,3,agent:4|user:1,published,waga-index-v1,snap_2026-07-25T06_v1
2026-06-27,Addis Ababa,Addis Ababa,Shola Gebeya,9.0244,38.7986,cereals and tubers,Wheat,KG,actual,Retail,ETB,65.53,0.4681,3,2,agent:2|user:1,published,waga-index-v1,snap_2026-07-25T06_v1
2026-06-27,Addis Ababa,Addis Ababa,Shola Gebeya,9.0244,38.7986,cereals and tubers,Maize,KG,actual,Retail,ETB,44.03,0.3145,7,5,agent:5|user:2,published,waga-index-v1,snap_2026-07-25T06_v1
2026-06-27,Addis Ababa,Addis Ababa,Shola Gebeya,9.0244,38.7986,vegetables and fruits,Onion,KG,actual,Retail,ETB,45.61,0.3258,7,5,agent:5|user:2,published,waga-index-v1,snap_2026-07-25T06_v1
2026-06-27,Addis Ababa,Addis Ababa,Shola Gebeya,9.0244,38.7986,oil and fats,Cooking oil,L,actual,Retail,ETB,172.28,1.2306,5,3,agent:4|user:1,published,waga-index-v1,snap_2026-07-25T06_v1
2026-06-27,Addis Ababa,Addis Ababa,Piazza,9.0356,38.7522,cereals and tubers,Teff (mixed),KG,actual,Retail,ETB,104.05,0.7432,3,2,agent:2|user:1,published,waga-index-v1,snap_2026-07-25T06_v1
2026-06-27,Addis Ababa,Addis Ababa,Piazza,9.0356,38.7522,cereals and tubers,Wheat,KG,actual,Retail,ETB,,,1,1,agent:1,insufficient_data,waga-index-v1,snap_2026-07-25T06_v1
2026-06-27,Addis Ababa,Addis Ababa,Piazza,9.0356,38.7522,cereals and tubers,Maize,KG,actual,Retail,ETB,43.03,0.3074,6,4,agent:4|user:2,published,waga-index-v1,snap_2026-07-25T06_v1
2026-06-27,Addis Ababa,Addis Ababa,Piazza,9.0356,38.7522,vegetables and fruits,Onion,KG,actual,Retail,ETB,,,1,1,agent:1,insufficient_data,waga-index-v1,snap_2026-07-25T06_v1
2026-06-27,Addis Ababa,Addis Ababa,Piazza,9.0356,38.7522,oil and fats,Cooking oil,L,actual,Retail,ETB,179.05,1.2789,6,4,agent:4|user:2,published,waga-index-v1,snap_2026-07-25T06_v1
2026-06-28,Addis Ababa,Addis Ababa,Merkato,9.0341,38.7395,cereals and tubers,Teff (mixed),KG,actual,Retail,ETB,91.72,0.6551,7,5,agent:5|user:2,published,waga-index-v1,snap_2026-07-25T06_v1
2026-06-28,Addis Ababa,Addis Ababa,Merkato,9.0341,38.7395,cereals and tubers,Wheat,KG,actual,Retail,ETB,55.46,0.3961,9,6,agent:7|user:2,published,waga-index-v1,snap_2026-07-25T06_v1
2026-06-28,Addis Ababa,Addis Ababa,Merkato,9.0341,38.7395,cereals and tubers,Maize,KG,actual,Retail,ETB,36.51,0.2608,8,5,agent:6|user:2,published,waga-index-v1,snap_2026-07-25T06_v1
2026-06-28,Addis Ababa,Addis Ababa,Merkato,9.0341,38.7395,vegetables and fruits,Onion,KG,actual,Retail,ETB,39.57,0.2826,8,5,agent:6|user:2,published,waga-index-v1,snap_2026-07-25T06_v1
2026-06-28,Addis Ababa,Addis Ababa,Merkato,9.0341,38.7395,oil and fats,Cooking oil,L,actual,Retail,ETB,159.86,1.1419,5,3,agent:4|user:1,published,waga-index-v1,snap_2026-07-25T06_v1
2026-06-28,Addis Ababa,Addis Ababa,Ehil Berenda,9.0333,38.7389,cereals and tubers,Teff (mixed),KG,actual,Retail,ETB,87.94,0.6281,9,6,agent:7|user:2,published,waga-index-v1,snap_2026-07-25T06_v1
2026-06-28,Addis Ababa,Addis Ababa,Ehil Berenda,9.0333,38.7389,cereals and tubers,Wheat,KG,actual,Retail,ETB,58.48,0.4177,3,2,agent:2|user:1,published,waga-index-v1,snap_2026-07-25T06_v1
2026-06-28,Addis Ababa,Addis Ababa,Ehil Berenda,9.0333,38.7389,cereals and tubers,Maize,KG,actual,Retail,ETB,39.07,0.2791,6,4,agent:4|user:2,published,waga-index-v1,snap_2026-07-25T06_v1
2026-06-28,Addis Ababa,Addis Ababa,Ehil Berenda,9.0333,38.7389,vegetables and fruits,Onion,KG,actual,Retail,ETB,,,1,1,agent:1,insufficient_data,waga-index-v1,snap_2026-07-25T06_v1
2026-06-28,Addis Ababa,Addis Ababa,Ehil Berenda,9.0333,38.7389,oil and fats,Cooking oil,L,actual,Retail,ETB,158.90,1.1350,4,3,agent:3|user:1,published,waga-index-v1,snap_2026-07-25T06_v1
2026-06-28,Addis Ababa,Addis Ababa,Atikilt Tera,9.03,38.745,cereals and tubers,Teff (mixed),KG,actual,Retail,ETB,95.22,0.6801,4,3,agent:3|user:1,published,waga-index-v1,snap_2026-07-25T06_v1
2026-06-28,Addis Ababa,Addis Ababa,Atikilt Tera,9.03,38.745,cereals and tubers,Wheat,KG,actual,Retail,ETB,58.67,0.4191,8,5,agent:6|user:2,published,waga-index-v1,snap_2026-07-25T06_v1
2026-06-28,Addis Ababa,Addis Ababa,Atikilt Tera,9.03,38.745,cereals and tubers,Maize,KG,actual,Retail,ETB,39.50,0.2821,3,2,agent:2|user:1,published,waga-index-v1,snap_2026-07-25T06_v1
2026-06-28,Addis Ababa,Addis Ababa,Atikilt Tera,9.03,38.745,vegetables and fruits,Onion,KG,actual,Retail,ETB,37.05,0.2646,5,3,agent:4|user:1,published,waga-index-v1,snap_2026-07-25T06_v1
2026-06-28,Addis Ababa,Addis Ababa,Atikilt Tera,9.03,38.745,oil and fats,Cooking oil,L,actual,Retail,ETB,152.39,1.0885,8,5,agent:6|user:2,published,waga-index-v1,snap_2026-07-25T06_v1
2026-06-28,Addis Ababa,Addis Ababa,Asko,9.0489,38.6889,cereals and tubers,Teff (mixed),KG,actual,Retail,ETB,97.10,0.6936,9,6,agent:7|user:2,published,waga-index-v1,snap_2026-07-25T06_v1
2026-06-28,Addis Ababa,Addis Ababa,Asko,9.0489,38.6889,cereals and tubers,Wheat,KG,actual,Retail,ETB,59.48,0.4249,3,2,agent:2|user:1,published,waga-index-v1,snap_2026-07-25T06_v1
2026-06-28,Addis Ababa,Addis Ababa,Asko,9.0489,38.6889,cereals and tubers,Maize,KG,actual,Retail,ETB,39.65,0.2832,9,6,agent:7|user:2,published,waga-index-v1,snap_2026-07-25T06_v1
2026-06-28,Addis Ababa,Addis Ababa,Asko,9.0489,38.6889,vegetables and fruits,Onion,KG,actual,Retail,ETB,41.64,0.2974,3,2,agent:2|user:1,published,waga-index-v1,snap_2026-07-25T06_v1
2026-06-28,Addis Ababa,Addis Ababa,Asko,9.0489,38.6889,oil and fats,Cooking oil,L,actual,Retail,ETB,166.77,1.1912,5,3,agent:4|user:1,published,waga-index-v1,snap_2026-07-25T06_v1
2026-06-28,Addis Ababa,Addis Ababa,Saris,8.9797,38.7622,cereals and tubers,Teff (mixed),KG,actual,Retail,ETB,97.96,0.6997,9,6,agent:7|user:2,published,waga-index-v1,snap_2026-07-25T06_v1
2026-06-28,Addis Ababa,Addis Ababa,Saris,8.9797,38.7622,cereals and tubers,Wheat,KG,actual,Retail,ETB,61.20,0.4371,8,5,agent:6|user:2,published,waga-index-v1,snap_2026-07-25T06_v1
2026-06-28,Addis Ababa,Addis Ababa,Saris,8.9797,38.7622,cereals and tubers,Maize,KG,actual,Retail,ETB,40.69,0.2906,5,3,agent:4|user:1,published,waga-index-v1,snap_2026-07-25T06_v1
2026-06-28,Addis Ababa,Addis Ababa,Saris,8.9797,38.7622,vegetables and fruits,Onion,KG,actual,Retail,ETB,40.77,0.2912,7,5,agent:5|user:2,published,waga-index-v1,snap_2026-07-25T06_v1
2026-06-28,Addis Ababa,Addis Ababa,Saris,8.9797,38.7622,oil and fats,Cooking oil,L,actual,Retail,ETB,163.82,1.1701,3,2,agent:2|user:1,published,waga-index-v1,snap_2026-07-25T06_v1
2026-06-28,Addis Ababa,Addis Ababa,Akaki,8.8939,38.8069,cereals and tubers,Teff (mixed),KG,actual,Retail,ETB,96.57,0.6898,4,3,agent:3|user:1,published,waga-index-v1,snap_2026-07-25T06_v1
2026-06-28,Addis Ababa,Addis Ababa,Akaki,8.8939,38.8069,cereals and tubers,Wheat,KG,actual,Retail,ETB,61.41,0.4386,5,3,agent:4|user:1,published,waga-index-v1,snap_2026-07-25T06_v1
2026-06-28,Addis Ababa,Addis Ababa,Akaki,8.8939,38.8069,cereals and tubers,Maize,KG,actual,Retail,ETB,41.12,0.2937,7,5,agent:5|user:2,published,waga-index-v1,snap_2026-07-25T06_v1
2026-06-28,Addis Ababa,Addis Ababa,Akaki,8.8939,38.8069,vegetables and fruits,Onion,KG,actual,Retail,ETB,42.09,0.3006,8,5,agent:6|user:2,published,waga-index-v1,snap_2026-07-25T06_v1
2026-06-28,Addis Ababa,Addis Ababa,Akaki,8.8939,38.8069,oil and fats,Cooking oil,L,actual,Retail,ETB,,,2,2,agent:2,insufficient_data,waga-index-v1,snap_2026-07-25T06_v1
2026-06-28,Addis Ababa,Addis Ababa,Kera,8.9994,38.7481,cereals and tubers,Teff (mixed),KG,actual,Retail,ETB,99.21,0.7086,6,4,agent:4|user:2,published,waga-index-v1,snap_2026-07-25T06_v1
2026-06-28,Addis Ababa,Addis Ababa,Kera,8.9994,38.7481,cereals and tubers,Wheat,KG,actual,Retail,ETB,63.02,0.4501,3,2,agent:2|user:1,published,waga-index-v1,snap_2026-07-25T06_v1
2026-06-28,Addis Ababa,Addis Ababa,Kera,8.9994,38.7481,cereals and tubers,Maize,KG,actual,Retail,ETB,41.66,0.2976,8,5,agent:6|user:2,published,waga-index-v1,snap_2026-07-25T06_v1
2026-06-28,Addis Ababa,Addis Ababa,Kera,8.9994,38.7481,vegetables and fruits,Onion,KG,actual,Retail,ETB,42.58,0.3041,3,2,agent:2|user:1,published,waga-index-v1,snap_2026-07-25T06_v1
2026-06-28,Addis Ababa,Addis Ababa,Kera,8.9994,38.7481,oil and fats,Cooking oil,L,actual,Retail,ETB,175.98,1.2570,9,6,agent:7|user:2,published,waga-index-v1,snap_2026-07-25T06_v1
2026-06-28,Addis Ababa,Addis Ababa,Shola Gebeya,9.0244,38.7986,cereals and tubers,Teff (mixed),KG,actual,Retail,ETB,100.89,0.7206,3,2,agent:2|user:1,published,waga-index-v1,snap_2026-07-25T06_v1
2026-06-28,Addis Ababa,Addis Ababa,Shola Gebeya,9.0244,38.7986,cereals and tubers,Wheat,KG,actual,Retail,ETB,66.69,0.4764,3,2,agent:2|user:1,published,waga-index-v1,snap_2026-07-25T06_v1
2026-06-28,Addis Ababa,Addis Ababa,Shola Gebeya,9.0244,38.7986,cereals and tubers,Maize,KG,actual,Retail,ETB,43.56,0.3111,3,2,agent:2|user:1,published,waga-index-v1,snap_2026-07-25T06_v1
2026-06-28,Addis Ababa,Addis Ababa,Shola Gebeya,9.0244,38.7986,vegetables and fruits,Onion,KG,actual,Retail,ETB,46.21,0.3301,9,6,agent:7|user:2,published,waga-index-v1,snap_2026-07-25T06_v1
2026-06-28,Addis Ababa,Addis Ababa,Shola Gebeya,9.0244,38.7986,oil and fats,Cooking oil,L,actual,Retail,ETB,173.03,1.2359,9,6,agent:7|user:2,published,waga-index-v1,snap_2026-07-25T06_v1
2026-06-28,Addis Ababa,Addis Ababa,Piazza,9.0356,38.7522,cereals and tubers,Teff (mixed),KG,actual,Retail,ETB,106.03,0.7574,9,6,agent:7|user:2,published,waga-index-v1,snap_2026-07-25T06_v1
2026-06-28,Addis Ababa,Addis Ababa,Piazza,9.0356,38.7522,cereals and tubers,Wheat,KG,actual,Retail,ETB,65.60,0.4686,5,3,agent:4|user:1,published,waga-index-v1,snap_2026-07-25T06_v1
2026-06-28,Addis Ababa,Addis Ababa,Piazza,9.0356,38.7522,cereals and tubers,Maize,KG,actual,Retail,ETB,43.33,0.3095,6,4,agent:4|user:2,published,waga-index-v1,snap_2026-07-25T06_v1
2026-06-28,Addis Ababa,Addis Ababa,Piazza,9.0356,38.7522,vegetables and fruits,Onion,KG,actual,Retail,ETB,44.96,0.3211,3,2,agent:2|user:1,published,waga-index-v1,snap_2026-07-25T06_v1
2026-06-28,Addis Ababa,Addis Ababa,Piazza,9.0356,38.7522,oil and fats,Cooking oil,L,actual,Retail,ETB,179.49,1.2821,4,3,agent:3|user:1,published,waga-index-v1,snap_2026-07-25T06_v1
2026-06-29,Addis Ababa,Addis Ababa,Merkato,9.0341,38.7395,cereals and tubers,Teff (mixed),KG,actual,Retail,ETB,92.01,0.6572,5,3,agent:4|user:1,published,waga-index-v1,snap_2026-07-25T06_v1
2026-06-29,Addis Ababa,Addis Ababa,Merkato,9.0341,38.7395,cereals and tubers,Wheat,KG,actual,Retail,ETB,55.26,0.3947,8,5,agent:6|user:2,published,waga-index-v1,snap_2026-07-25T06_v1
2026-06-29,Addis Ababa,Addis Ababa,Merkato,9.0341,38.7395,cereals and tubers,Maize,KG,actual,Retail,ETB,36.97,0.2641,5,3,agent:4|user:1,published,waga-index-v1,snap_2026-07-25T06_v1
2026-06-29,Addis Ababa,Addis Ababa,Merkato,9.0341,38.7395,vegetables and fruits,Onion,KG,actual,Retail,ETB,39.93,0.2852,7,5,agent:5|user:2,published,waga-index-v1,snap_2026-07-25T06_v1
2026-06-29,Addis Ababa,Addis Ababa,Merkato,9.0341,38.7395,oil and fats,Cooking oil,L,actual,Retail,ETB,161.76,1.1554,3,2,agent:2|user:1,published,waga-index-v1,snap_2026-07-25T06_v1
2026-06-29,Addis Ababa,Addis Ababa,Ehil Berenda,9.0333,38.7389,cereals and tubers,Teff (mixed),KG,actual,Retail,ETB,89.02,0.6359,4,3,agent:3|user:1,published,waga-index-v1,snap_2026-07-25T06_v1
2026-06-29,Addis Ababa,Addis Ababa,Ehil Berenda,9.0333,38.7389,cereals and tubers,Wheat,KG,actual,Retail,ETB,59.78,0.4270,8,5,agent:6|user:2,published,waga-index-v1,snap_2026-07-25T06_v1
2026-06-29,Addis Ababa,Addis Ababa,Ehil Berenda,9.0333,38.7389,cereals and tubers,Maize,KG,actual,Retail,ETB,38.96,0.2783,7,5,agent:5|user:2,published,waga-index-v1,snap_2026-07-25T06_v1
2026-06-29,Addis Ababa,Addis Ababa,Ehil Berenda,9.0333,38.7389,vegetables and fruits,Onion,KG,actual,Retail,ETB,40.61,0.2901,6,4,agent:4|user:2,published,waga-index-v1,snap_2026-07-25T06_v1
2026-06-29,Addis Ababa,Addis Ababa,Ehil Berenda,9.0333,38.7389,oil and fats,Cooking oil,L,actual,Retail,ETB,160.42,1.1459,5,3,agent:4|user:1,published,waga-index-v1,snap_2026-07-25T06_v1
2026-06-29,Addis Ababa,Addis Ababa,Atikilt Tera,9.03,38.745,cereals and tubers,Teff (mixed),KG,actual,Retail,ETB,96.28,0.6877,6,4,agent:4|user:2,published,waga-index-v1,snap_2026-07-25T06_v1
2026-06-29,Addis Ababa,Addis Ababa,Atikilt Tera,9.03,38.745,cereals and tubers,Wheat,KG,actual,Retail,ETB,59.04,0.4217,9,6,agent:7|user:2,published,waga-index-v1,snap_2026-07-25T06_v1
2026-06-29,Addis Ababa,Addis Ababa,Atikilt Tera,9.03,38.745,cereals and tubers,Maize,KG,actual,Retail,ETB,39.78,0.2841,9,6,agent:7|user:2,published,waga-index-v1,snap_2026-07-25T06_v1
2026-06-29,Addis Ababa,Addis Ababa,Atikilt Tera,9.03,38.745,vegetables and fruits,Onion,KG,actual,Retail,ETB,37.35,0.2668,7,5,agent:5|user:2,published,waga-index-v1,snap_2026-07-25T06_v1
2026-06-29,Addis Ababa,Addis Ababa,Atikilt Tera,9.03,38.745,oil and fats,Cooking oil,L,actual,Retail,ETB,152.06,1.0861,7,5,agent:5|user:2,published,waga-index-v1,snap_2026-07-25T06_v1
2026-06-29,Addis Ababa,Addis Ababa,Asko,9.0489,38.6889,cereals and tubers,Teff (mixed),KG,actual,Retail,ETB,97.98,0.6999,5,3,agent:4|user:1,published,waga-index-v1,snap_2026-07-25T06_v1
2026-06-29,Addis Ababa,Addis Ababa,Asko,9.0489,38.6889,cereals and tubers,Wheat,KG,actual,Retail,ETB,60.22,0.4301,9,6,agent:7|user:2,published,waga-index-v1,snap_2026-07-25T06_v1
2026-06-29,Addis Ababa,Addis Ababa,Asko,9.0489,38.6889,cereals and tubers,Maize,KG,actual,Retail,ETB,40.07,0.2862,5,3,agent:4|user:1,published,waga-index-v1,snap_2026-07-25T06_v1
2026-06-29,Addis Ababa,Addis Ababa,Asko,9.0489,38.6889,vegetables and fruits,Onion,KG,actual,Retail,ETB,41.23,0.2945,7,5,agent:5|user:2,published,waga-index-v1,snap_2026-07-25T06_v1
2026-06-29,Addis Ababa,Addis Ababa,Asko,9.0489,38.6889,oil and fats,Cooking oil,L,actual,Retail,ETB,168.32,1.2023,9,6,agent:7|user:2,published,waga-index-v1,snap_2026-07-25T06_v1
2026-06-29,Addis Ababa,Addis Ababa,Saris,8.9797,38.7622,cereals and tubers,Teff (mixed),KG,actual,Retail,ETB,,,2,2,agent:2,insufficient_data,waga-index-v1,snap_2026-07-25T06_v1
2026-06-29,Addis Ababa,Addis Ababa,Saris,8.9797,38.7622,cereals and tubers,Wheat,KG,actual,Retail,ETB,61.19,0.4371,7,5,agent:5|user:2,published,waga-index-v1,snap_2026-07-25T06_v1
2026-06-29,Addis Ababa,Addis Ababa,Saris,8.9797,38.7622,cereals and tubers,Maize,KG,actual,Retail,ETB,,,1,1,agent:1,insufficient_data,waga-index-v1,snap_2026-07-25T06_v1
2026-06-29,Addis Ababa,Addis Ababa,Saris,8.9797,38.7622,vegetables and fruits,Onion,KG,actual,Retail,ETB,42.00,0.3000,4,3,agent:3|user:1,published,waga-index-v1,snap_2026-07-25T06_v1
2026-06-29,Addis Ababa,Addis Ababa,Saris,8.9797,38.7622,oil and fats,Cooking oil,L,actual,Retail,ETB,164.62,1.1759,7,5,agent:5|user:2,published,waga-index-v1,snap_2026-07-25T06_v1
2026-06-29,Addis Ababa,Addis Ababa,Akaki,8.8939,38.8069,cereals and tubers,Teff (mixed),KG,actual,Retail,ETB,96.70,0.6907,6,4,agent:4|user:2,published,waga-index-v1,snap_2026-07-25T06_v1
2026-06-29,Addis Ababa,Addis Ababa,Akaki,8.8939,38.8069,cereals and tubers,Wheat,KG,actual,Retail,ETB,61.54,0.4396,9,6,agent:7|user:2,published,waga-index-v1,snap_2026-07-25T06_v1
2026-06-29,Addis Ababa,Addis Ababa,Akaki,8.8939,38.8069,cereals and tubers,Maize,KG,actual,Retail,ETB,41.57,0.2969,8,5,agent:6|user:2,published,waga-index-v1,snap_2026-07-25T06_v1
2026-06-29,Addis Ababa,Addis Ababa,Akaki,8.8939,38.8069,vegetables and fruits,Onion,KG,actual,Retail,ETB,42.31,0.3022,9,6,agent:7|user:2,published,waga-index-v1,snap_2026-07-25T06_v1
2026-06-29,Addis Ababa,Addis Ababa,Akaki,8.8939,38.8069,oil and fats,Cooking oil,L,actual,Retail,ETB,167.40,1.1957,3,2,agent:2|user:1,published,waga-index-v1,snap_2026-07-25T06_v1
2026-06-29,Addis Ababa,Addis Ababa,Kera,8.9994,38.7481,cereals and tubers,Teff (mixed),KG,actual,Retail,ETB,99.50,0.7107,8,5,agent:6|user:2,published,waga-index-v1,snap_2026-07-25T06_v1
2026-06-29,Addis Ababa,Addis Ababa,Kera,8.9994,38.7481,cereals and tubers,Wheat,KG,actual,Retail,ETB,63.16,0.4511,7,5,agent:5|user:2,published,waga-index-v1,snap_2026-07-25T06_v1
2026-06-29,Addis Ababa,Addis Ababa,Kera,8.9994,38.7481,cereals and tubers,Maize,KG,actual,Retail,ETB,41.17,0.2941,3,2,agent:2|user:1,published,waga-index-v1,snap_2026-07-25T06_v1
2026-06-29,Addis Ababa,Addis Ababa,Kera,8.9994,38.7481,vegetables and fruits,Onion,KG,actual,Retail,ETB,43.01,0.3072,4,3,agent:3|user:1,published,waga-index-v1,snap_2026-07-25T06_v1
2026-06-29,Addis Ababa,Addis Ababa,Kera,8.9994,38.7481,oil and fats,Cooking oil,L,actual,Retail,ETB,174.53,1.2466,9,6,agent:7|user:2,published,waga-index-v1,snap_2026-07-25T06_v1
2026-06-29,Addis Ababa,Addis Ababa,Shola Gebeya,9.0244,38.7986,cereals and tubers,Teff (mixed),KG,actual,Retail,ETB,103.35,0.7382,9,6,agent:7|user:2,published,waga-index-v1,snap_2026-07-25T06_v1
2026-06-29,Addis Ababa,Addis Ababa,Shola Gebeya,9.0244,38.7986,cereals and tubers,Wheat,KG,actual,Retail,ETB,66.63,0.4759,7,5,agent:5|user:2,published,waga-index-v1,snap_2026-07-25T06_v1
2026-06-29,Addis Ababa,Addis Ababa,Shola Gebeya,9.0244,38.7986,cereals and tubers,Maize,KG,actual,Retail,ETB,43.96,0.3140,3,2,agent:2|user:1,published,waga-index-v1,snap_2026-07-25T06_v1
2026-06-29,Addis Ababa,Addis Ababa,Shola Gebeya,9.0244,38.7986,vegetables and fruits,Onion,KG,actual,Retail,ETB,46.91,0.3351,3,2,agent:2|user:1,published,waga-index-v1,snap_2026-07-25T06_v1
2026-06-29,Addis Ababa,Addis Ababa,Shola Gebeya,9.0244,38.7986,oil and fats,Cooking oil,L,actual,Retail,ETB,173.57,1.2398,8,5,agent:6|user:2,published,waga-index-v1,snap_2026-07-25T06_v1
2026-06-29,Addis Ababa,Addis Ababa,Piazza,9.0356,38.7522,cereals and tubers,Teff (mixed),KG,actual,Retail,ETB,107.22,0.7659,9,6,agent:7|user:2,published,waga-index-v1,snap_2026-07-25T06_v1
2026-06-29,Addis Ababa,Addis Ababa,Piazza,9.0356,38.7522,cereals and tubers,Wheat,KG,actual,Retail,ETB,65.84,0.4703,5,3,agent:4|user:1,published,waga-index-v1,snap_2026-07-25T06_v1
2026-06-29,Addis Ababa,Addis Ababa,Piazza,9.0356,38.7522,cereals and tubers,Maize,KG,actual,Retail,ETB,42.89,0.3064,8,5,agent:6|user:2,published,waga-index-v1,snap_2026-07-25T06_v1
2026-06-29,Addis Ababa,Addis Ababa,Piazza,9.0356,38.7522,vegetables and fruits,Onion,KG,actual,Retail,ETB,45.89,0.3278,3,2,agent:2|user:1,published,waga-index-v1,snap_2026-07-25T06_v1
2026-06-29,Addis Ababa,Addis Ababa,Piazza,9.0356,38.7522,oil and fats,Cooking oil,L,actual,Retail,ETB,180.89,1.2921,4,3,agent:3|user:1,published,waga-index-v1,snap_2026-07-25T06_v1
2026-06-30,Addis Ababa,Addis Ababa,Merkato,9.0341,38.7395,cereals and tubers,Teff (mixed),KG,actual,Retail,ETB,92.90,0.6636,4,3,agent:3|user:1,published,waga-index-v1,snap_2026-07-25T06_v1
2026-06-30,Addis Ababa,Addis Ababa,Merkato,9.0341,38.7395,cereals and tubers,Wheat,KG,actual,Retail,ETB,,,0,0,,insufficient_data,waga-index-v1,snap_2026-07-25T06_v1
2026-06-30,Addis Ababa,Addis Ababa,Merkato,9.0341,38.7395,cereals and tubers,Maize,KG,actual,Retail,ETB,37.21,0.2658,7,5,agent:5|user:2,published,waga-index-v1,snap_2026-07-25T06_v1
2026-06-30,Addis Ababa,Addis Ababa,Merkato,9.0341,38.7395,vegetables and fruits,Onion,KG,actual,Retail,ETB,40.84,0.2917,4,3,agent:3|user:1,published,waga-index-v1,snap_2026-07-25T06_v1
2026-06-30,Addis Ababa,Addis Ababa,Merkato,9.0341,38.7395,oil and fats,Cooking oil,L,actual,Retail,ETB,160.94,1.1496,7,5,agent:5|user:2,published,waga-index-v1,snap_2026-07-25T06_v1
2026-06-30,Addis Ababa,Addis Ababa,Ehil Berenda,9.0333,38.7389,cereals and tubers,Teff (mixed),KG,actual,Retail,ETB,90.43,0.6459,9,6,agent:7|user:2,published,waga-index-v1,snap_2026-07-25T06_v1
2026-06-30,Addis Ababa,Addis Ababa,Ehil Berenda,9.0333,38.7389,cereals and tubers,Wheat,KG,actual,Retail,ETB,60.12,0.4294,8,5,agent:6|user:2,published,waga-index-v1,snap_2026-07-25T06_v1
2026-06-30,Addis Ababa,Addis Ababa,Ehil Berenda,9.0333,38.7389,cereals and tubers,Maize,KG,actual,Retail,ETB,39.28,0.2806,8,5,agent:6|user:2,published,waga-index-v1,snap_2026-07-25T06_v1
2026-06-30,Addis Ababa,Addis Ababa,Ehil Berenda,9.0333,38.7389,vegetables and fruits,Onion,KG,actual,Retail,ETB,40.90,0.2921,9,6,agent:7|user:2,published,waga-index-v1,snap_2026-07-25T06_v1
2026-06-30,Addis Ababa,Addis Ababa,Ehil Berenda,9.0333,38.7389,oil and fats,Cooking oil,L,actual,Retail,ETB,,,1,1,agent:1,insufficient_data,waga-index-v1,snap_2026-07-25T06_v1
2026-06-30,Addis Ababa,Addis Ababa,Atikilt Tera,9.03,38.745,cereals and tubers,Teff (mixed),KG,actual,Retail,ETB,97.10,0.6936,3,2,agent:2|user:1,published,waga-index-v1,snap_2026-07-25T06_v1
2026-06-30,Addis Ababa,Addis Ababa,Atikilt Tera,9.03,38.745,cereals and tubers,Wheat,KG,actual,Retail,ETB,59.46,0.4247,6,4,agent:4|user:2,published,waga-index-v1,snap_2026-07-25T06_v1
2026-06-30,Addis Ababa,Addis Ababa,Atikilt Tera,9.03,38.745,cereals and tubers,Maize,KG,actual,Retail,ETB,40.26,0.2876,6,4,agent:4|user:2,published,waga-index-v1,snap_2026-07-25T06_v1
2026-06-30,Addis Ababa,Addis Ababa,Atikilt Tera,9.03,38.745,vegetables and fruits,Onion,KG,actual,Retail,ETB,37.55,0.2682,7,5,agent:5|user:2,published,waga-index-v1,snap_2026-07-25T06_v1
2026-06-30,Addis Ababa,Addis Ababa,Atikilt Tera,9.03,38.745,oil and fats,Cooking oil,L,actual,Retail,ETB,156.15,1.1154,4,3,agent:3|user:1,published,waga-index-v1,snap_2026-07-25T06_v1
2026-06-30,Addis Ababa,Addis Ababa,Asko,9.0489,38.6889,cereals and tubers,Teff (mixed),KG,actual,Retail,ETB,98.37,0.7026,4,3,agent:3|user:1,published,waga-index-v1,snap_2026-07-25T06_v1
2026-06-30,Addis Ababa,Addis Ababa,Asko,9.0489,38.6889,cereals and tubers,Wheat,KG,actual,Retail,ETB,61.69,0.4406,4,3,agent:3|user:1,published,waga-index-v1,snap_2026-07-25T06_v1
2026-06-30,Addis Ababa,Addis Ababa,Asko,9.0489,38.6889,cereals and tubers,Maize,KG,actual,Retail,ETB,40.00,0.2857,5,3,agent:4|user:1,published,waga-index-v1,snap_2026-07-25T06_v1
2026-06-30,Addis Ababa,Addis Ababa,Asko,9.0489,38.6889,vegetables and fruits,Onion,KG,actual,Retail,ETB,41.70,0.2979,7,5,agent:5|user:2,published,waga-index-v1,snap_2026-07-25T06_v1
2026-06-30,Addis Ababa,Addis Ababa,Asko,9.0489,38.6889,oil and fats,Cooking oil,L,actual,Retail,ETB,169.47,1.2105,7,5,agent:5|user:2,published,waga-index-v1,snap_2026-07-25T06_v1
2026-06-30,Addis Ababa,Addis Ababa,Saris,8.9797,38.7622,cereals and tubers,Teff (mixed),KG,actual,Retail,ETB,97.52,0.6966,6,4,agent:4|user:2,published,waga-index-v1,snap_2026-07-25T06_v1
2026-06-30,Addis Ababa,Addis Ababa,Saris,8.9797,38.7622,cereals and tubers,Wheat,KG,actual,Retail,ETB,61.38,0.4384,4,3,agent:3|user:1,published,waga-index-v1,snap_2026-07-25T06_v1
2026-06-30,Addis Ababa,Addis Ababa,Saris,8.9797,38.7622,cereals and tubers,Maize,KG,actual,Retail,ETB,40.84,0.2917,6,4,agent:4|user:2,published,waga-index-v1,snap_2026-07-25T06_v1
2026-06-30,Addis Ababa,Addis Ababa,Saris,8.9797,38.7622,vegetables and fruits,Onion,KG,actual,Retail,ETB,43.10,0.3079,5,3,agent:4|user:1,published,waga-index-v1,snap_2026-07-25T06_v1
2026-06-30,Addis Ababa,Addis Ababa,Saris,8.9797,38.7622,oil and fats,Cooking oil,L,actual,Retail,ETB,166.57,1.1898,7,5,agent:5|user:2,published,waga-index-v1,snap_2026-07-25T06_v1
2026-06-30,Addis Ababa,Addis Ababa,Akaki,8.8939,38.8069,cereals and tubers,Teff (mixed),KG,actual,Retail,ETB,98.51,0.7036,5,3,agent:4|user:1,published,waga-index-v1,snap_2026-07-25T06_v1
2026-06-30,Addis Ababa,Addis Ababa,Akaki,8.8939,38.8069,cereals and tubers,Wheat,KG,actual,Retail,ETB,61.98,0.4427,7,5,agent:5|user:2,published,waga-index-v1,snap_2026-07-25T06_v1
2026-06-30,Addis Ababa,Addis Ababa,Akaki,8.8939,38.8069,cereals and tubers,Maize,KG,actual,Retail,ETB,41.39,0.2956,3,2,agent:2|user:1,published,waga-index-v1,snap_2026-07-25T06_v1
2026-06-30,Addis Ababa,Addis Ababa,Akaki,8.8939,38.8069,vegetables and fruits,Onion,KG,actual,Retail,ETB,43.18,0.3084,3,2,agent:2|user:1,published,waga-index-v1,snap_2026-07-25T06_v1
2026-06-30,Addis Ababa,Addis Ababa,Akaki,8.8939,38.8069,oil and fats,Cooking oil,L,actual,Retail,ETB,167.69,1.1978,3,2,agent:2|user:1,published,waga-index-v1,snap_2026-07-25T06_v1
2026-06-30,Addis Ababa,Addis Ababa,Kera,8.9994,38.7481,cereals and tubers,Teff (mixed),KG,actual,Retail,ETB,101.24,0.7231,5,3,agent:4|user:1,published,waga-index-v1,snap_2026-07-25T06_v1
2026-06-30,Addis Ababa,Addis Ababa,Kera,8.9994,38.7481,cereals and tubers,Wheat,KG,actual,Retail,ETB,63.20,0.4514,9,6,agent:7|user:2,published,waga-index-v1,snap_2026-07-25T06_v1
2026-06-30,Addis Ababa,Addis Ababa,Kera,8.9994,38.7481,cereals and tubers,Maize,KG,actual,Retail,ETB,41.62,0.2973,5,3,agent:4|user:1,published,waga-index-v1,snap_2026-07-25T06_v1
2026-06-30,Addis Ababa,Addis Ababa,Kera,8.9994,38.7481,vegetables and fruits,Onion,KG,actual,Retail,ETB,43.63,0.3116,8,5,agent:6|user:2,published,waga-index-v1,snap_2026-07-25T06_v1
2026-06-30,Addis Ababa,Addis Ababa,Kera,8.9994,38.7481,oil and fats,Cooking oil,L,actual,Retail,ETB,176.84,1.2631,8,5,agent:6|user:2,published,waga-index-v1,snap_2026-07-25T06_v1
2026-06-30,Addis Ababa,Addis Ababa,Shola Gebeya,9.0244,38.7986,cereals and tubers,Teff (mixed),KG,actual,Retail,ETB,104.00,0.7429,4,3,agent:3|user:1,published,waga-index-v1,snap_2026-07-25T06_v1
2026-06-30,Addis Ababa,Addis Ababa,Shola Gebeya,9.0244,38.7986,cereals and tubers,Wheat,KG,actual,Retail,ETB,67.03,0.4788,5,3,agent:4|user:1,published,waga-index-v1,snap_2026-07-25T06_v1
2026-06-30,Addis Ababa,Addis Ababa,Shola Gebeya,9.0244,38.7986,cereals and tubers,Maize,KG,actual,Retail,ETB,43.51,0.3108,4,3,agent:3|user:1,published,waga-index-v1,snap_2026-07-25T06_v1
2026-06-30,Addis Ababa,Addis Ababa,Shola Gebeya,9.0244,38.7986,vegetables and fruits,Onion,KG,actual,Retail,ETB,47.08,0.3363,3,2,agent:2|user:1,published,waga-index-v1,snap_2026-07-25T06_v1
2026-06-30,Addis Ababa,Addis Ababa,Shola Gebeya,9.0244,38.7986,oil and fats,Cooking oil,L,actual,Retail,ETB,,,0,0,,insufficient_data,waga-index-v1,snap_2026-07-25T06_v1
2026-06-30,Addis Ababa,Addis Ababa,Piazza,9.0356,38.7522,cereals and tubers,Teff (mixed),KG,actual,Retail,ETB,108.02,0.7716,9,6,agent:7|user:2,published,waga-index-v1,snap_2026-07-25T06_v1
2026-06-30,Addis Ababa,Addis Ababa,Piazza,9.0356,38.7522,cereals and tubers,Wheat,KG,actual,Retail,ETB,65.37,0.4669,3,2,agent:2|user:1,published,waga-index-v1,snap_2026-07-25T06_v1
2026-06-30,Addis Ababa,Addis Ababa,Piazza,9.0356,38.7522,cereals and tubers,Maize,KG,actual,Retail,ETB,44.07,0.3148,8,5,agent:6|user:2,published,waga-index-v1,snap_2026-07-25T06_v1
2026-06-30,Addis Ababa,Addis Ababa,Piazza,9.0356,38.7522,vegetables and fruits,Onion,KG,actual,Retail,ETB,45.86,0.3276,3,2,agent:2|user:1,published,waga-index-v1,snap_2026-07-25T06_v1
2026-06-30,Addis Ababa,Addis Ababa,Piazza,9.0356,38.7522,oil and fats,Cooking oil,L,actual,Retail,ETB,,,0,0,,insufficient_data,waga-index-v1,snap_2026-07-25T06_v1
2026-07-01,Addis Ababa,Addis Ababa,Merkato,9.0341,38.7395,cereals and tubers,Teff (mixed),KG,actual,Retail,ETB,92.85,0.6632,7,5,agent:5|user:2,published,waga-index-v1,snap_2026-07-25T06_v1
2026-07-01,Addis Ababa,Addis Ababa,Merkato,9.0341,38.7395,cereals and tubers,Wheat,KG,actual,Retail,ETB,54.91,0.3922,6,4,agent:4|user:2,published,waga-index-v1,snap_2026-07-25T06_v1
2026-07-01,Addis Ababa,Addis Ababa,Merkato,9.0341,38.7395,cereals and tubers,Maize,KG,actual,Retail,ETB,37.41,0.2672,6,4,agent:4|user:2,published,waga-index-v1,snap_2026-07-25T06_v1
2026-07-01,Addis Ababa,Addis Ababa,Merkato,9.0341,38.7395,vegetables and fruits,Onion,KG,actual,Retail,ETB,40.75,0.2911,8,5,agent:6|user:2,published,waga-index-v1,snap_2026-07-25T06_v1
2026-07-01,Addis Ababa,Addis Ababa,Merkato,9.0341,38.7395,oil and fats,Cooking oil,L,actual,Retail,ETB,163.14,1.1653,3,2,agent:2|user:1,published,waga-index-v1,snap_2026-07-25T06_v1
2026-07-01,Addis Ababa,Addis Ababa,Ehil Berenda,9.0333,38.7389,cereals and tubers,Teff (mixed),KG,actual,Retail,ETB,90.38,0.6456,8,5,agent:6|user:2,published,waga-index-v1,snap_2026-07-25T06_v1
2026-07-01,Addis Ababa,Addis Ababa,Ehil Berenda,9.0333,38.7389,cereals and tubers,Wheat,KG,actual,Retail,ETB,60.74,0.4339,4,3,agent:3|user:1,published,waga-index-v1,snap_2026-07-25T06_v1
2026-07-01,Addis Ababa,Addis Ababa,Ehil Berenda,9.0333,38.7389,cereals and tubers,Maize,KG,actual,Retail,ETB,38.94,0.2781,5,3,agent:4|user:1,published,waga-index-v1,snap_2026-07-25T06_v1
2026-07-01,Addis Ababa,Addis Ababa,Ehil Berenda,9.0333,38.7389,vegetables and fruits,Onion,KG,actual,Retail,ETB,42.22,0.3016,6,4,agent:4|user:2,published,waga-index-v1,snap_2026-07-25T06_v1
2026-07-01,Addis Ababa,Addis Ababa,Ehil Berenda,9.0333,38.7389,oil and fats,Cooking oil,L,actual,Retail,ETB,163.30,1.1664,4,3,agent:3|user:1,published,waga-index-v1,snap_2026-07-25T06_v1
2026-07-01,Addis Ababa,Addis Ababa,Atikilt Tera,9.03,38.745,cereals and tubers,Teff (mixed),KG,actual,Retail,ETB,97.18,0.6941,3,2,agent:2|user:1,published,waga-index-v1,snap_2026-07-25T06_v1
2026-07-01,Addis Ababa,Addis Ababa,Atikilt Tera,9.03,38.745,cereals and tubers,Wheat,KG,actual,Retail,ETB,59.94,0.4281,7,5,agent:5|user:2,published,waga-index-v1,snap_2026-07-25T06_v1
2026-07-01,Addis Ababa,Addis Ababa,Atikilt Tera,9.03,38.745,cereals and tubers,Maize,KG,actual,Retail,ETB,39.71,0.2836,9,6,agent:7|user:2,published,waga-index-v1,snap_2026-07-25T06_v1
2026-07-01,Addis Ababa,Addis Ababa,Atikilt Tera,9.03,38.745,vegetables and fruits,Onion,KG,actual,Retail,ETB,37.13,0.2652,9,6,agent:7|user:2,published,waga-index-v1,snap_2026-07-25T06_v1
2026-07-01,Addis Ababa,Addis Ababa,Atikilt Tera,9.03,38.745,oil and fats,Cooking oil,L,actual,Retail,ETB,156.80,1.1200,4,3,agent:3|user:1,published,waga-index-v1,snap_2026-07-25T06_v1
2026-07-01,Addis Ababa,Addis Ababa,Asko,9.0489,38.6889,cereals and tubers,Teff (mixed),KG,actual,Retail,ETB,99.55,0.7111,5,3,agent:4|user:1,published,waga-index-v1,snap_2026-07-25T06_v1
2026-07-01,Addis Ababa,Addis Ababa,Asko,9.0489,38.6889,cereals and tubers,Wheat,KG,actual,Retail,ETB,62.48,0.4463,9,6,agent:7|user:2,published,waga-index-v1,snap_2026-07-25T06_v1
2026-07-01,Addis Ababa,Addis Ababa,Asko,9.0489,38.6889,cereals and tubers,Maize,KG,actual,Retail,ETB,40.45,0.2889,7,5,agent:5|user:2,published,waga-index-v1,snap_2026-07-25T06_v1
2026-07-01,Addis Ababa,Addis Ababa,Asko,9.0489,38.6889,vegetables and fruits,Onion,KG,actual,Retail,ETB,42.17,0.3012,4,3,agent:3|user:1,published,waga-index-v1,snap_2026-07-25T06_v1
2026-07-01,Addis Ababa,Addis Ababa,Asko,9.0489,38.6889,oil and fats,Cooking oil,L,actual,Retail,ETB,170.43,1.2174,7,5,agent:5|user:2,published,waga-index-v1,snap_2026-07-25T06_v1
2026-07-01,Addis Ababa,Addis Ababa,Saris,8.9797,38.7622,cereals and tubers,Teff (mixed),KG,actual,Retail,ETB,98.33,0.7024,5,3,agent:4|user:1,published,waga-index-v1,snap_2026-07-25T06_v1
2026-07-01,Addis Ababa,Addis Ababa,Saris,8.9797,38.7622,cereals and tubers,Wheat,KG,actual,Retail,ETB,61.88,0.4420,4,3,agent:3|user:1,published,waga-index-v1,snap_2026-07-25T06_v1
2026-07-01,Addis Ababa,Addis Ababa,Saris,8.9797,38.7622,cereals and tubers,Maize,KG,actual,Retail,ETB,40.72,0.2909,5,3,agent:4|user:1,published,waga-index-v1,snap_2026-07-25T06_v1
2026-07-01,Addis Ababa,Addis Ababa,Saris,8.9797,38.7622,vegetables and fruits,Onion,KG,actual,Retail,ETB,43.64,0.3117,4,3,agent:3|user:1,published,waga-index-v1,snap_2026-07-25T06_v1
2026-07-01,Addis Ababa,Addis Ababa,Saris,8.9797,38.7622,oil and fats,Cooking oil,L,actual,Retail,ETB,165.87,1.1848,8,5,agent:6|user:2,published,waga-index-v1,snap_2026-07-25T06_v1
2026-07-01,Addis Ababa,Addis Ababa,Akaki,8.8939,38.8069,cereals and tubers,Teff (mixed),KG,actual,Retail,ETB,,,1,1,agent:1,insufficient_data,waga-index-v1,snap_2026-07-25T06_v1
2026-07-01,Addis Ababa,Addis Ababa,Akaki,8.8939,38.8069,cereals and tubers,Wheat,KG,actual,Retail,ETB,62.43,0.4459,4,3,agent:3|user:1,published,waga-index-v1,snap_2026-07-25T06_v1
2026-07-01,Addis Ababa,Addis Ababa,Akaki,8.8939,38.8069,cereals and tubers,Maize,KG,actual,Retail,ETB,41.29,0.2949,9,6,agent:7|user:2,published,waga-index-v1,snap_2026-07-25T06_v1
2026-07-01,Addis Ababa,Addis Ababa,Akaki,8.8939,38.8069,vegetables and fruits,Onion,KG,actual,Retail,ETB,43.55,0.3111,6,4,agent:4|user:2,published,waga-index-v1,snap_2026-07-25T06_v1
2026-07-01,Addis Ababa,Addis Ababa,Akaki,8.8939,38.8069,oil and fats,Cooking oil,L,actual,Retail,ETB,170.76,1.2197,3,2,agent:2|user:1,published,waga-index-v1,snap_2026-07-25T06_v1
2026-07-01,Addis Ababa,Addis Ababa,Kera,8.9994,38.7481,cereals and tubers,Teff (mixed),KG,actual,Retail,ETB,102.98,0.7356,4,3,agent:3|user:1,published,waga-index-v1,snap_2026-07-25T06_v1
2026-07-01,Addis Ababa,Addis Ababa,Kera,8.9994,38.7481,cereals and tubers,Wheat,KG,actual,Retail,ETB,63.06,0.4504,4,3,agent:3|user:1,published,waga-index-v1,snap_2026-07-25T06_v1
2026-07-01,Addis Ababa,Addis Ababa,Kera,8.9994,38.7481,cereals and tubers,Maize,KG,actual,Retail,ETB,41.93,0.2995,5,3,agent:4|user:1,published,waga-index-v1,snap_2026-07-25T06_v1
2026-07-01,Addis Ababa,Addis Ababa,Kera,8.9994,38.7481,vegetables and fruits,Onion,KG,actual,Retail,ETB,44.28,0.3163,8,5,agent:6|user:2,published,waga-index-v1,snap_2026-07-25T06_v1
2026-07-01,Addis Ababa,Addis Ababa,Kera,8.9994,38.7481,oil and fats,Cooking oil,L,actual,Retail,ETB,180.76,1.2911,5,3,agent:4|user:1,published,waga-index-v1,snap_2026-07-25T06_v1
2026-07-01,Addis Ababa,Addis Ababa,Shola Gebeya,9.0244,38.7986,cereals and tubers,Teff (mixed),KG,actual,Retail,ETB,104.28,0.7449,9,6,agent:7|user:2,published,waga-index-v1,snap_2026-07-25T06_v1
2026-07-01,Addis Ababa,Addis Ababa,Shola Gebeya,9.0244,38.7986,cereals and tubers,Wheat,KG,actual,Retail,ETB,67.01,0.4786,8,5,agent:6|user:2,published,waga-index-v1,snap_2026-07-25T06_v1
2026-07-01,Addis Ababa,Addis Ababa,Shola Gebeya,9.0244,38.7986,cereals and tubers,Maize,KG,actual,Retail,ETB,43.63,0.3116,8,5,agent:6|user:2,published,waga-index-v1,snap_2026-07-25T06_v1
2026-07-01,Addis Ababa,Addis Ababa,Shola Gebeya,9.0244,38.7986,vegetables and fruits,Onion,KG,actual,Retail,ETB,,,2,2,agent:2,insufficient_data,waga-index-v1,snap_2026-07-25T06_v1
2026-07-01,Addis Ababa,Addis Ababa,Shola Gebeya,9.0244,38.7986,oil and fats,Cooking oil,L,actual,Retail,ETB,178.94,1.2781,4,3,agent:3|user:1,published,waga-index-v1,snap_2026-07-25T06_v1
2026-07-01,Addis Ababa,Addis Ababa,Piazza,9.0356,38.7522,cereals and tubers,Teff (mixed),KG,actual,Retail,ETB,108.00,0.7714,5,3,agent:4|user:1,published,waga-index-v1,snap_2026-07-25T06_v1
2026-07-01,Addis Ababa,Addis Ababa,Piazza,9.0356,38.7522,cereals and tubers,Wheat,KG,actual,Retail,ETB,65.63,0.4688,8,5,agent:6|user:2,published,waga-index-v1,snap_2026-07-25T06_v1
2026-07-01,Addis Ababa,Addis Ababa,Piazza,9.0356,38.7522,cereals and tubers,Maize,KG,actual,Retail,ETB,44.15,0.3154,6,4,agent:4|user:2,published,waga-index-v1,snap_2026-07-25T06_v1
2026-07-01,Addis Ababa,Addis Ababa,Piazza,9.0356,38.7522,vegetables and fruits,Onion,KG,actual,Retail,ETB,47.15,0.3368,8,5,agent:6|user:2,published,waga-index-v1,snap_2026-07-25T06_v1
2026-07-01,Addis Ababa,Addis Ababa,Piazza,9.0356,38.7522,oil and fats,Cooking oil,L,actual,Retail,ETB,,,0,0,,insufficient_data,waga-index-v1,snap_2026-07-25T06_v1
2026-07-02,Addis Ababa,Addis Ababa,Merkato,9.0341,38.7395,cereals and tubers,Teff (mixed),KG,actual,Retail,ETB,94.74,0.6767,6,4,agent:4|user:2,published,waga-index-v1,snap_2026-07-25T06_v1
2026-07-02,Addis Ababa,Addis Ababa,Merkato,9.0341,38.7395,cereals and tubers,Wheat,KG,actual,Retail,ETB,55.42,0.3959,6,4,agent:4|user:2,published,waga-index-v1,snap_2026-07-25T06_v1
2026-07-02,Addis Ababa,Addis Ababa,Merkato,9.0341,38.7395,cereals and tubers,Maize,KG,actual,Retail,ETB,37.50,0.2679,8,5,agent:6|user:2,published,waga-index-v1,snap_2026-07-25T06_v1
2026-07-02,Addis Ababa,Addis Ababa,Merkato,9.0341,38.7395,vegetables and fruits,Onion,KG,actual,Retail,ETB,41.36,0.2954,4,3,agent:3|user:1,published,waga-index-v1,snap_2026-07-25T06_v1
2026-07-02,Addis Ababa,Addis Ababa,Merkato,9.0341,38.7395,oil and fats,Cooking oil,L,actual,Retail,ETB,164.64,1.1760,5,3,agent:4|user:1,published,waga-index-v1,snap_2026-07-25T06_v1
2026-07-02,Addis Ababa,Addis Ababa,Ehil Berenda,9.0333,38.7389,cereals and tubers,Teff (mixed),KG,actual,Retail,ETB,88.41,0.6315,9,6,agent:7|user:2,published,waga-index-v1,snap_2026-07-25T06_v1
2026-07-02,Addis Ababa,Addis Ababa,Ehil Berenda,9.0333,38.7389,cereals and tubers,Wheat,KG,actual,Retail,ETB,61.20,0.4371,6,4,agent:4|user:2,published,waga-index-v1,snap_2026-07-25T06_v1
2026-07-02,Addis Ababa,Addis Ababa,Ehil Berenda,9.0333,38.7389,cereals and tubers,Maize,KG,actual,Retail,ETB,39.45,0.2818,4,3,agent:3|user:1,published,waga-index-v1,snap_2026-07-25T06_v1
2026-07-02,Addis Ababa,Addis Ababa,Ehil Berenda,9.0333,38.7389,vegetables and fruits,Onion,KG,actual,Retail,ETB,43.09,0.3078,6,4,agent:4|user:2,published,waga-index-v1,snap_2026-07-25T06_v1
2026-07-02,Addis Ababa,Addis Ababa,Ehil Berenda,9.0333,38.7389,oil and fats,Cooking oil,L,actual,Retail,ETB,163.54,1.1681,7,5,agent:5|user:2,published,waga-index-v1,snap_2026-07-25T06_v1
2026-07-02,Addis Ababa,Addis Ababa,Atikilt Tera,9.03,38.745,cereals and tubers,Teff (mixed),KG,actual,Retail,ETB,95.65,0.6832,6,4,agent:4|user:2,published,waga-index-v1,snap_2026-07-25T06_v1
2026-07-02,Addis Ababa,Addis Ababa,Atikilt Tera,9.03,38.745,cereals and tubers,Wheat,KG,actual,Retail,ETB,60.46,0.4319,3,2,agent:2|user:1,published,waga-index-v1,snap_2026-07-25T06_v1
2026-07-02,Addis Ababa,Addis Ababa,Atikilt Tera,9.03,38.745,cereals and tubers,Maize,KG,actual,Retail,ETB,40.20,0.2871,9,6,agent:7|user:2,published,waga-index-v1,snap_2026-07-25T06_v1
2026-07-02,Addis Ababa,Addis Ababa,Atikilt Tera,9.03,38.745,vegetables and fruits,Onion,KG,actual,Retail,ETB,37.65,0.2689,8,5,agent:6|user:2,published,waga-index-v1,snap_2026-07-25T06_v1
2026-07-02,Addis Ababa,Addis Ababa,Atikilt Tera,9.03,38.745,oil and fats,Cooking oil,L,actual,Retail,ETB,157.07,1.1219,4,3,agent:3|user:1,published,waga-index-v1,snap_2026-07-25T06_v1
2026-07-02,Addis Ababa,Addis Ababa,Asko,9.0489,38.6889,cereals and tubers,Teff (mixed),KG,actual,Retail,ETB,99.45,0.7104,4,3,agent:3|user:1,published,waga-index-v1,snap_2026-07-25T06_v1
2026-07-02,Addis Ababa,Addis Ababa,Asko,9.0489,38.6889,cereals and tubers,Wheat,KG,actual,Retail,ETB,61.53,0.4395,6,4,agent:4|user:2,published,waga-index-v1,snap_2026-07-25T06_v1
2026-07-02,Addis Ababa,Addis Ababa,Asko,9.0489,38.6889,cereals and tubers,Maize,KG,actual,Retail,ETB,40.93,0.2924,5,3,agent:4|user:1,published,waga-index-v1,snap_2026-07-25T06_v1
2026-07-02,Addis Ababa,Addis Ababa,Asko,9.0489,38.6889,vegetables and fruits,Onion,KG,actual,Retail,ETB,43.22,0.3087,5,3,agent:4|user:1,published,waga-index-v1,snap_2026-07-25T06_v1
2026-07-02,Addis Ababa,Addis Ababa,Asko,9.0489,38.6889,oil and fats,Cooking oil,L,actual,Retail,ETB,172.47,1.2319,4,3,agent:3|user:1,published,waga-index-v1,snap_2026-07-25T06_v1
2026-07-02,Addis Ababa,Addis Ababa,Saris,8.9797,38.7622,cereals and tubers,Teff (mixed),KG,actual,Retail,ETB,97.79,0.6985,9,6,agent:7|user:2,published,waga-index-v1,snap_2026-07-25T06_v1
2026-07-02,Addis Ababa,Addis Ababa,Saris,8.9797,38.7622,cereals and tubers,Wheat,KG,actual,Retail,ETB,62.31,0.4451,6,4,agent:4|user:2,published,waga-index-v1,snap_2026-07-25T06_v1
2026-07-02,Addis Ababa,Addis Ababa,Saris,8.9797,38.7622,cereals and tubers,Maize,KG,actual,Retail,ETB,40.51,0.2894,5,3,agent:4|user:1,published,waga-index-v1,snap_2026-07-25T06_v1
2026-07-02,Addis Ababa,Addis Ababa,Saris,8.9797,38.7622,vegetables and fruits,Onion,KG,actual,Retail,ETB,44.57,0.3184,5,3,agent:4|user:1,published,waga-index-v1,snap_2026-07-25T06_v1
2026-07-02,Addis Ababa,Addis Ababa,Saris,8.9797,38.7622,oil and fats,Cooking oil,L,actual,Retail,ETB,168.66,1.2047,5,3,agent:4|user:1,published,waga-index-v1,snap_2026-07-25T06_v1
2026-07-02,Addis Ababa,Addis Ababa,Akaki,8.8939,38.8069,cereals and tubers,Teff (mixed),KG,actual,Retail,ETB,98.81,0.7058,4,3,agent:3|user:1,published,waga-index-v1,snap_2026-07-25T06_v1
2026-07-02,Addis Ababa,Addis Ababa,Akaki,8.8939,38.8069,cereals and tubers,Wheat,KG,actual,Retail,ETB,,,2,2,agent:2,insufficient_data,waga-index-v1,snap_2026-07-25T06_v1
2026-07-02,Addis Ababa,Addis Ababa,Akaki,8.8939,38.8069,cereals and tubers,Maize,KG,actual,Retail,ETB,41.67,0.2976,8,5,agent:6|user:2,published,waga-index-v1,snap_2026-07-25T06_v1
2026-07-02,Addis Ababa,Addis Ababa,Akaki,8.8939,38.8069,vegetables and fruits,Onion,KG,actual,Retail,ETB,43.94,0.3139,7,5,agent:5|user:2,published,waga-index-v1,snap_2026-07-25T06_v1
2026-07-02,Addis Ababa,Addis Ababa,Akaki,8.8939,38.8069,oil and fats,Cooking oil,L,actual,Retail,ETB,172.54,1.2324,7,5,agent:5|user:2,published,waga-index-v1,snap_2026-07-25T06_v1
2026-07-02,Addis Ababa,Addis Ababa,Kera,8.9994,38.7481,cereals and tubers,Teff (mixed),KG,actual,Retail,ETB,102.48,0.7320,4,3,agent:3|user:1,published,waga-index-v1,snap_2026-07-25T06_v1
2026-07-02,Addis Ababa,Addis Ababa,Kera,8.9994,38.7481,cereals and tubers,Wheat,KG,actual,Retail,ETB,63.82,0.4559,3,2,agent:2|user:1,published,waga-index-v1,snap_2026-07-25T06_v1
2026-07-02,Addis Ababa,Addis Ababa,Kera,8.9994,38.7481,cereals and tubers,Maize,KG,actual,Retail,ETB,41.74,0.2981,6,4,agent:4|user:2,published,waga-index-v1,snap_2026-07-25T06_v1
2026-07-02,Addis Ababa,Addis Ababa,Kera,8.9994,38.7481,vegetables and fruits,Onion,KG,actual,Retail,ETB,44.54,0.3181,9,6,agent:7|user:2,published,waga-index-v1,snap_2026-07-25T06_v1
2026-07-02,Addis Ababa,Addis Ababa,Kera,8.9994,38.7481,oil and fats,Cooking oil,L,actual,Retail,ETB,178.68,1.2763,8,5,agent:6|user:2,published,waga-index-v1,snap_2026-07-25T06_v1
2026-07-02,Addis Ababa,Addis Ababa,Shola Gebeya,9.0244,38.7986,cereals and tubers,Teff (mixed),KG,actual,Retail,ETB,106.17,0.7584,8,5,agent:6|user:2,published,waga-index-v1,snap_2026-07-25T06_v1
2026-07-02,Addis Ababa,Addis Ababa,Shola Gebeya,9.0244,38.7986,cereals and tubers,Wheat,KG,actual,Retail,ETB,66.45,0.4746,6,4,agent:4|user:2,published,waga-index-v1,snap_2026-07-25T06_v1
2026-07-02,Addis Ababa,Addis Ababa,Shola Gebeya,9.0244,38.7986,cereals and tubers,Maize,KG,actual,Retail,ETB,43.55,0.3111,4,3,agent:3|user:1,published,waga-index-v1,snap_2026-07-25T06_v1
2026-07-02,Addis Ababa,Addis Ababa,Shola Gebeya,9.0244,38.7986,vegetables and fruits,Onion,KG,actual,Retail,ETB,47.17,0.3369,4,3,agent:3|user:1,published,waga-index-v1,snap_2026-07-25T06_v1
2026-07-02,Addis Ababa,Addis Ababa,Shola Gebeya,9.0244,38.7986,oil and fats,Cooking oil,L,actual,Retail,ETB,177.47,1.2676,8,5,agent:6|user:2,published,waga-index-v1,snap_2026-07-25T06_v1
2026-07-02,Addis Ababa,Addis Ababa,Piazza,9.0356,38.7522,cereals and tubers,Teff (mixed),KG,actual,Retail,ETB,109.73,0.7838,4,3,agent:3|user:1,published,waga-index-v1,snap_2026-07-25T06_v1
2026-07-02,Addis Ababa,Addis Ababa,Piazza,9.0356,38.7522,cereals and tubers,Wheat,KG,actual,Retail,ETB,66.72,0.4766,3,2,agent:2|user:1,published,waga-index-v1,snap_2026-07-25T06_v1
2026-07-02,Addis Ababa,Addis Ababa,Piazza,9.0356,38.7522,cereals and tubers,Maize,KG,actual,Retail,ETB,44.08,0.3149,8,5,agent:6|user:2,published,waga-index-v1,snap_2026-07-25T06_v1
2026-07-02,Addis Ababa,Addis Ababa,Piazza,9.0356,38.7522,vegetables and fruits,Onion,KG,actual,Retail,ETB,47.80,0.3414,5,3,agent:4|user:1,published,waga-index-v1,snap_2026-07-25T06_v1
2026-07-02,Addis Ababa,Addis Ababa,Piazza,9.0356,38.7522,oil and fats,Cooking oil,L,actual,Retail,ETB,187.80,1.3414,6,4,agent:4|user:2,published,waga-index-v1,snap_2026-07-25T06_v1
2026-07-03,Addis Ababa,Addis Ababa,Merkato,9.0341,38.7395,cereals and tubers,Teff (mixed),KG,actual,Retail,ETB,96.14,0.6867,7,5,agent:5|user:2,published,waga-index-v1,snap_2026-07-25T06_v1
2026-07-03,Addis Ababa,Addis Ababa,Merkato,9.0341,38.7395,cereals and tubers,Wheat,KG,actual,Retail,ETB,56.45,0.4032,3,2,agent:2|user:1,published,waga-index-v1,snap_2026-07-25T06_v1
2026-07-03,Addis Ababa,Addis Ababa,Merkato,9.0341,38.7395,cereals and tubers,Maize,KG,actual,Retail,ETB,37.95,0.2711,5,3,agent:4|user:1,published,waga-index-v1,snap_2026-07-25T06_v1
2026-07-03,Addis Ababa,Addis Ababa,Merkato,9.0341,38.7395,vegetables and fruits,Onion,KG,actual,Retail,ETB,42.07,0.3005,9,6,agent:7|user:2,published,waga-index-v1,snap_2026-07-25T06_v1
2026-07-03,Addis Ababa,Addis Ababa,Merkato,9.0341,38.7395,oil and fats,Cooking oil,L,actual,Retail,ETB,164.03,1.1716,4,3,agent:3|user:1,published,waga-index-v1,snap_2026-07-25T06_v1
2026-07-03,Addis Ababa,Addis Ababa,Ehil Berenda,9.0333,38.7389,cereals and tubers,Teff (mixed),KG,actual,Retail,ETB,88.71,0.6336,3,2,agent:2|user:1,published,waga-index-v1,snap_2026-07-25T06_v1
2026-07-03,Addis Ababa,Addis Ababa,Ehil Berenda,9.0333,38.7389,cereals and tubers,Wheat,KG,actual,Retail,ETB,61.17,0.4369,3,2,agent:2|user:1,published,waga-index-v1,snap_2026-07-25T06_v1
2026-07-03,Addis Ababa,Addis Ababa,Ehil Berenda,9.0333,38.7389,cereals and tubers,Maize,KG,actual,Retail,ETB,39.56,0.2826,9,6,agent:7|user:2,published,waga-index-v1,snap_2026-07-25T06_v1
2026-07-03,Addis Ababa,Addis Ababa,Ehil Berenda,9.0333,38.7389,vegetables and fruits,Onion,KG,actual,Retail,ETB,43.11,0.3079,7,5,agent:5|user:2,published,waga-index-v1,snap_2026-07-25T06_v1
2026-07-03,Addis Ababa,Addis Ababa,Ehil Berenda,9.0333,38.7389,oil and fats,Cooking oil,L,actual,Retail,ETB,167.13,1.1938,8,5,agent:6|user:2,published,waga-index-v1,snap_2026-07-25T06_v1
2026-07-03,Addis Ababa,Addis Ababa,Atikilt Tera,9.03,38.745,cereals and tubers,Teff (mixed),KG,actual,Retail,ETB,96.77,0.6912,4,3,agent:3|user:1,published,waga-index-v1,snap_2026-07-25T06_v1
2026-07-03,Addis Ababa,Addis Ababa,Atikilt Tera,9.03,38.745,cereals and tubers,Wheat,KG,actual,Retail,ETB,60.45,0.4318,4,3,agent:3|user:1,published,waga-index-v1,snap_2026-07-25T06_v1
2026-07-03,Addis Ababa,Addis Ababa,Atikilt Tera,9.03,38.745,cereals and tubers,Maize,KG,actual,Retail,ETB,40.12,0.2866,4,3,agent:3|user:1,published,waga-index-v1,snap_2026-07-25T06_v1
2026-07-03,Addis Ababa,Addis Ababa,Atikilt Tera,9.03,38.745,vegetables and fruits,Onion,KG,actual,Retail,ETB,37.87,0.2705,3,2,agent:2|user:1,published,waga-index-v1,snap_2026-07-25T06_v1
2026-07-03,Addis Ababa,Addis Ababa,Atikilt Tera,9.03,38.745,oil and fats,Cooking oil,L,actual,Retail,ETB,159.94,1.1424,5,3,agent:4|user:1,published,waga-index-v1,snap_2026-07-25T06_v1
2026-07-03,Addis Ababa,Addis Ababa,Asko,9.0489,38.6889,cereals and tubers,Teff (mixed),KG,actual,Retail,ETB,100.68,0.7191,7,5,agent:5|user:2,published,waga-index-v1,snap_2026-07-25T06_v1
2026-07-03,Addis Ababa,Addis Ababa,Asko,9.0489,38.6889,cereals and tubers,Wheat,KG,actual,Retail,ETB,61.84,0.4417,7,5,agent:5|user:2,published,waga-index-v1,snap_2026-07-25T06_v1
2026-07-03,Addis Ababa,Addis Ababa,Asko,9.0489,38.6889,cereals and tubers,Maize,KG,actual,Retail,ETB,40.75,0.2911,9,6,agent:7|user:2,published,waga-index-v1,snap_2026-07-25T06_v1
2026-07-03,Addis Ababa,Addis Ababa,Asko,9.0489,38.6889,vegetables and fruits,Onion,KG,actual,Retail,ETB,43.96,0.3140,9,6,agent:7|user:2,published,waga-index-v1,snap_2026-07-25T06_v1
2026-07-03,Addis Ababa,Addis Ababa,Asko,9.0489,38.6889,oil and fats,Cooking oil,L,actual,Retail,ETB,171.36,1.2240,9,6,agent:7|user:2,published,waga-index-v1,snap_2026-07-25T06_v1
2026-07-03,Addis Ababa,Addis Ababa,Saris,8.9797,38.7622,cereals and tubers,Teff (mixed),KG,actual,Retail,ETB,98.29,0.7021,3,2,agent:2|user:1,published,waga-index-v1,snap_2026-07-25T06_v1
2026-07-03,Addis Ababa,Addis Ababa,Saris,8.9797,38.7622,cereals and tubers,Wheat,KG,actual,Retail,ETB,62.27,0.4448,3,2,agent:2|user:1,published,waga-index-v1,snap_2026-07-25T06_v1
2026-07-03,Addis Ababa,Addis Ababa,Saris,8.9797,38.7622,cereals and tubers,Maize,KG,actual,Retail,ETB,40.88,0.2920,3,2,agent:2|user:1,published,waga-index-v1,snap_2026-07-25T06_v1
2026-07-03,Addis Ababa,Addis Ababa,Saris,8.9797,38.7622,vegetables and fruits,Onion,KG,actual,Retail,ETB,,,2,2,agent:2,insufficient_data,waga-index-v1,snap_2026-07-25T06_v1
2026-07-03,Addis Ababa,Addis Ababa,Saris,8.9797,38.7622,oil and fats,Cooking oil,L,actual,Retail,ETB,171.66,1.2261,9,6,agent:7|user:2,published,waga-index-v1,snap_2026-07-25T06_v1
2026-07-03,Addis Ababa,Addis Ababa,Akaki,8.8939,38.8069,cereals and tubers,Teff (mixed),KG,actual,Retail,ETB,,,2,2,agent:2,insufficient_data,waga-index-v1,snap_2026-07-25T06_v1
2026-07-03,Addis Ababa,Addis Ababa,Akaki,8.8939,38.8069,cereals and tubers,Wheat,KG,actual,Retail,ETB,63.68,0.4549,7,5,agent:5|user:2,published,waga-index-v1,snap_2026-07-25T06_v1
2026-07-03,Addis Ababa,Addis Ababa,Akaki,8.8939,38.8069,cereals and tubers,Maize,KG,actual,Retail,ETB,41.52,0.2966,7,5,agent:5|user:2,published,waga-index-v1,snap_2026-07-25T06_v1
2026-07-03,Addis Ababa,Addis Ababa,Akaki,8.8939,38.8069,vegetables and fruits,Onion,KG,actual,Retail,ETB,44.01,0.3144,4,3,agent:3|user:1,published,waga-index-v1,snap_2026-07-25T06_v1
2026-07-03,Addis Ababa,Addis Ababa,Akaki,8.8939,38.8069,oil and fats,Cooking oil,L,actual,Retail,ETB,172.98,1.2356,7,5,agent:5|user:2,published,waga-index-v1,snap_2026-07-25T06_v1
2026-07-03,Addis Ababa,Addis Ababa,Kera,8.9994,38.7481,cereals and tubers,Teff (mixed),KG,actual,Retail,ETB,104.61,0.7472,5,3,agent:4|user:1,published,waga-index-v1,snap_2026-07-25T06_v1
2026-07-03,Addis Ababa,Addis Ababa,Kera,8.9994,38.7481,cereals and tubers,Wheat,KG,actual,Retail,ETB,64.33,0.4595,8,5,agent:6|user:2,published,waga-index-v1,snap_2026-07-25T06_v1
2026-07-03,Addis Ababa,Addis Ababa,Kera,8.9994,38.7481,cereals and tubers,Maize,KG,actual,Retail,ETB,41.27,0.2948,7,5,agent:5|user:2,published,waga-index-v1,snap_2026-07-25T06_v1
2026-07-03,Addis Ababa,Addis Ababa,Kera,8.9994,38.7481,vegetables and fruits,Onion,KG,actual,Retail,ETB,45.28,0.3234,6,4,agent:4|user:2,published,waga-index-v1,snap_2026-07-25T06_v1
2026-07-03,Addis Ababa,Addis Ababa,Kera,8.9994,38.7481,oil and fats,Cooking oil,L,actual,Retail,ETB,179.14,1.2796,4,3,agent:3|user:1,published,waga-index-v1,snap_2026-07-25T06_v1
2026-07-03,Addis Ababa,Addis Ababa,Shola Gebeya,9.0244,38.7986,cereals and tubers,Teff (mixed),KG,actual,Retail,ETB,105.95,0.7568,5,3,agent:4|user:1,published,waga-index-v1,snap_2026-07-25T06_v1
2026-07-03,Addis Ababa,Addis Ababa,Shola Gebeya,9.0244,38.7986,cereals and tubers,Wheat,KG,actual,Retail,ETB,66.02,0.4716,8,5,agent:6|user:2,published,waga-index-v1,snap_2026-07-25T06_v1
2026-07-03,Addis Ababa,Addis Ababa,Shola Gebeya,9.0244,38.7986,cereals and tubers,Maize,KG,actual,Retail,ETB,43.56,0.3111,4,3,agent:3|user:1,published,waga-index-v1,snap_2026-07-25T06_v1
2026-07-03,Addis Ababa,Addis Ababa,Shola Gebeya,9.0244,38.7986,vegetables and fruits,Onion,KG,actual,Retail,ETB,47.74,0.3410,6,4,agent:4|user:2,published,waga-index-v1,snap_2026-07-25T06_v1
2026-07-03,Addis Ababa,Addis Ababa,Shola Gebeya,9.0244,38.7986,oil and fats,Cooking oil,L,actual,Retail,ETB,175.68,1.2549,4,3,agent:3|user:1,published,waga-index-v1,snap_2026-07-25T06_v1
2026-07-03,Addis Ababa,Addis Ababa,Piazza,9.0356,38.7522,cereals and tubers,Teff (mixed),KG,actual,Retail,ETB,111.23,0.7945,5,3,agent:4|user:1,published,waga-index-v1,snap_2026-07-25T06_v1
2026-07-03,Addis Ababa,Addis Ababa,Piazza,9.0356,38.7522,cereals and tubers,Wheat,KG,actual,Retail,ETB,67.95,0.4854,6,4,agent:4|user:2,published,waga-index-v1,snap_2026-07-25T06_v1
2026-07-03,Addis Ababa,Addis Ababa,Piazza,9.0356,38.7522,cereals and tubers,Maize,KG,actual,Retail,ETB,44.32,0.3166,4,3,agent:3|user:1,published,waga-index-v1,snap_2026-07-25T06_v1
2026-07-03,Addis Ababa,Addis Ababa,Piazza,9.0356,38.7522,vegetables and fruits,Onion,KG,actual,Retail,ETB,47.81,0.3415,5,3,agent:4|user:1,published,waga-index-v1,snap_2026-07-25T06_v1
2026-07-03,Addis Ababa,Addis Ababa,Piazza,9.0356,38.7522,oil and fats,Cooking oil,L,actual,Retail,ETB,184.21,1.3158,3,2,agent:2|user:1,published,waga-index-v1,snap_2026-07-25T06_v1
2026-07-04,Addis Ababa,Addis Ababa,Merkato,9.0341,38.7395,cereals and tubers,Teff (mixed),KG,actual,Retail,ETB,98.21,0.7015,3,2,agent:2|user:1,published,waga-index-v1,snap_2026-07-25T06_v1
2026-07-04,Addis Ababa,Addis Ababa,Merkato,9.0341,38.7395,cereals and tubers,Wheat,KG,actual,Retail,ETB,57.01,0.4072,3,2,agent:2|user:1,published,waga-index-v1,snap_2026-07-25T06_v1
2026-07-04,Addis Ababa,Addis Ababa,Merkato,9.0341,38.7395,cereals and tubers,Maize,KG,actual,Retail,ETB,38.09,0.2721,6,4,agent:4|user:2,published,waga-index-v1,snap_2026-07-25T06_v1
2026-07-04,Addis Ababa,Addis Ababa,Merkato,9.0341,38.7395,vegetables and fruits,Onion,KG,actual,Retail,ETB,42.65,0.3046,8,5,agent:6|user:2,published,waga-index-v1,snap_2026-07-25T06_v1
2026-07-04,Addis Ababa,Addis Ababa,Merkato,9.0341,38.7395,oil and fats,Cooking oil,L,actual,Retail,ETB,166.41,1.1886,5,3,agent:4|user:1,published,waga-index-v1,snap_2026-07-25T06_v1
2026-07-04,Addis Ababa,Addis Ababa,Ehil Berenda,9.0333,38.7389,cereals and tubers,Teff (mixed),KG,actual,Retail,ETB,88.89,0.6349,4,3,agent:3|user:1,published,waga-index-v1,snap_2026-07-25T06_v1
2026-07-04,Addis Ababa,Addis Ababa,Ehil Berenda,9.0333,38.7389,cereals and tubers,Wheat,KG,actual,Retail,ETB,61.10,0.4364,8,5,agent:6|user:2,published,waga-index-v1,snap_2026-07-25T06_v1
2026-07-04,Addis Ababa,Addis Ababa,Ehil Berenda,9.0333,38.7389,cereals and tubers,Maize,KG,actual,Retail,ETB,40.08,0.2863,6,4,agent:4|user:2,published,waga-index-v1,snap_2026-07-25T06_v1
2026-07-04,Addis Ababa,Addis Ababa,Ehil Berenda,9.0333,38.7389,vegetables and fruits,Onion,KG,actual,Retail,ETB,43.25,0.3089,9,6,agent:7|user:2,published,waga-index-v1,snap_2026-07-25T06_v1
2026-07-04,Addis Ababa,Addis Ababa,Ehil Berenda,9.0333,38.7389,oil and fats,Cooking oil,L,actual,Retail,ETB,167.26,1.1947,9,6,agent:7|user:2,published,waga-index-v1,snap_2026-07-25T06_v1
2026-07-04,Addis Ababa,Addis Ababa,Atikilt Tera,9.03,38.745,cereals and tubers,Teff (mixed),KG,actual,Retail,ETB,,,2,2,agent:2,insufficient_data,waga-index-v1,snap_2026-07-25T06_v1
2026-07-04,Addis Ababa,Addis Ababa,Atikilt Tera,9.03,38.745,cereals and tubers,Wheat,KG,actual,Retail,ETB,60.81,0.4344,8,5,agent:6|user:2,published,waga-index-v1,snap_2026-07-25T06_v1
2026-07-04,Addis Ababa,Addis Ababa,Atikilt Tera,9.03,38.745,cereals and tubers,Maize,KG,actual,Retail,ETB,40.49,0.2892,6,4,agent:4|user:2,published,waga-index-v1,snap_2026-07-25T06_v1
2026-07-04,Addis Ababa,Addis Ababa,Atikilt Tera,9.03,38.745,vegetables and fruits,Onion,KG,actual,Retail,ETB,38.49,0.2749,9,6,agent:7|user:2,published,waga-index-v1,snap_2026-07-25T06_v1
2026-07-04,Addis Ababa,Addis Ababa,Atikilt Tera,9.03,38.745,oil and fats,Cooking oil,L,actual,Retail,ETB,161.60,1.1543,9,6,agent:7|user:2,published,waga-index-v1,snap_2026-07-25T06_v1
2026-07-04,Addis Ababa,Addis Ababa,Asko,9.0489,38.6889,cereals and tubers,Teff (mixed),KG,actual,Retail,ETB,100.26,0.7161,4,3,agent:3|user:1,published,waga-index-v1,snap_2026-07-25T06_v1
2026-07-04,Addis Ababa,Addis Ababa,Asko,9.0489,38.6889,cereals and tubers,Wheat,KG,actual,Retail,ETB,60.77,0.4341,9,6,agent:7|user:2,published,waga-index-v1,snap_2026-07-25T06_v1
2026-07-04,Addis Ababa,Addis Ababa,Asko,9.0489,38.6889,cereals and tubers,Maize,KG,actual,Retail,ETB,40.88,0.2920,4,3,agent:3|user:1,published,waga-index-v1,snap_2026-07-25T06_v1
2026-07-04,Addis Ababa,Addis Ababa,Asko,9.0489,38.6889,vegetables and fruits,Onion,KG,actual,Retail,ETB,44.31,0.3165,6,4,agent:4|user:2,published,waga-index-v1,snap_2026-07-25T06_v1
2026-07-04,Addis Ababa,Addis Ababa,Asko,9.0489,38.6889,oil and fats,Cooking oil,L,actual,Retail,ETB,171.41,1.2244,5,3,agent:4|user:1,published,waga-index-v1,snap_2026-07-25T06_v1
2026-07-04,Addis Ababa,Addis Ababa,Saris,8.9797,38.7622,cereals and tubers,Teff (mixed),KG,actual,Retail,ETB,100.87,0.7205,6,4,agent:4|user:2,published,waga-index-v1,snap_2026-07-25T06_v1
2026-07-04,Addis Ababa,Addis Ababa,Saris,8.9797,38.7622,cereals and tubers,Wheat,KG,actual,Retail,ETB,62.48,0.4463,3,2,agent:2|user:1,published,waga-index-v1,snap_2026-07-25T06_v1
2026-07-04,Addis Ababa,Addis Ababa,Saris,8.9797,38.7622,cereals and tubers,Maize,KG,actual,Retail,ETB,40.37,0.2884,8,5,agent:6|user:2,published,waga-index-v1,snap_2026-07-25T06_v1
2026-07-04,Addis Ababa,Addis Ababa,Saris,8.9797,38.7622,vegetables and fruits,Onion,KG,actual,Retail,ETB,44.57,0.3184,7,5,agent:5|user:2,published,waga-index-v1,snap_2026-07-25T06_v1
2026-07-04,Addis Ababa,Addis Ababa,Saris,8.9797,38.7622,oil and fats,Cooking oil,L,actual,Retail,ETB,175.23,1.2516,7,5,agent:5|user:2,published,waga-index-v1,snap_2026-07-25T06_v1
2026-07-04,Addis Ababa,Addis Ababa,Akaki,8.8939,38.8069,cereals and tubers,Teff (mixed),KG,actual,Retail,ETB,100.05,0.7146,9,6,agent:7|user:2,published,waga-index-v1,snap_2026-07-25T06_v1
2026-07-04,Addis Ababa,Addis Ababa,Akaki,8.8939,38.8069,cereals and tubers,Wheat,KG,actual,Retail,ETB,64.32,0.4594,6,4,agent:4|user:2,published,waga-index-v1,snap_2026-07-25T06_v1
2026-07-04,Addis Ababa,Addis Ababa,Akaki,8.8939,38.8069,cereals and tubers,Maize,KG,actual,Retail,ETB,41.56,0.2969,9,6,agent:7|user:2,published,waga-index-v1,snap_2026-07-25T06_v1
2026-07-04,Addis Ababa,Addis Ababa,Akaki,8.8939,38.8069,vegetables and fruits,Onion,KG,actual,Retail,ETB,44.50,0.3179,4,3,agent:3|user:1,published,waga-index-v1,snap_2026-07-25T06_v1
2026-07-04,Addis Ababa,Addis Ababa,Akaki,8.8939,38.8069,oil and fats,Cooking oil,L,actual,Retail,ETB,175.18,1.2513,4,3,agent:3|user:1,published,waga-index-v1,snap_2026-07-25T06_v1
2026-07-04,Addis Ababa,Addis Ababa,Kera,8.9994,38.7481,cereals and tubers,Teff (mixed),KG,actual,Retail,ETB,104.35,0.7454,3,2,agent:2|user:1,published,waga-index-v1,snap_2026-07-25T06_v1
2026-07-04,Addis Ababa,Addis Ababa,Kera,8.9994,38.7481,cereals and tubers,Wheat,KG,actual,Retail,ETB,65.21,0.4658,3,2,agent:2|user:1,published,waga-index-v1,snap_2026-07-25T06_v1
2026-07-04,Addis Ababa,Addis Ababa,Kera,8.9994,38.7481,cereals and tubers,Maize,KG,actual,Retail,ETB,42.04,0.3003,5,3,agent:4|user:1,published,waga-index-v1,snap_2026-07-25T06_v1
2026-07-04,Addis Ababa,Addis Ababa,Kera,8.9994,38.7481,vegetables and fruits,Onion,KG,actual,Retail,ETB,45.69,0.3264,6,4,agent:4|user:2,published,waga-index-v1,snap_2026-07-25T06_v1
2026-07-04,Addis Ababa,Addis Ababa,Kera,8.9994,38.7481,oil and fats,Cooking oil,L,actual,Retail,ETB,180.54,1.2896,4,3,agent:3|user:1,published,waga-index-v1,snap_2026-07-25T06_v1
2026-07-04,Addis Ababa,Addis Ababa,Shola Gebeya,9.0244,38.7986,cereals and tubers,Teff (mixed),KG,actual,Retail,ETB,106.37,0.7598,8,5,agent:6|user:2,published,waga-index-v1,snap_2026-07-25T06_v1
2026-07-04,Addis Ababa,Addis Ababa,Shola Gebeya,9.0244,38.7986,cereals and tubers,Wheat,KG,actual,Retail,ETB,66.05,0.4718,9,6,agent:7|user:2,published,waga-index-v1,snap_2026-07-25T06_v1
2026-07-04,Addis Ababa,Addis Ababa,Shola Gebeya,9.0244,38.7986,cereals and tubers,Maize,KG,actual,Retail,ETB,43.33,0.3095,3,2,agent:2|user:1,published,waga-index-v1,snap_2026-07-25T06_v1
2026-07-04,Addis Ababa,Addis Ababa,Shola Gebeya,9.0244,38.7986,vegetables and fruits,Onion,KG,actual,Retail,ETB,48.12,0.3437,7,5,agent:5|user:2,published,waga-index-v1,snap_2026-07-25T06_v1
2026-07-04,Addis Ababa,Addis Ababa,Shola Gebeya,9.0244,38.7986,oil and fats,Cooking oil,L,actual,Retail,ETB,177.69,1.2692,4,3,agent:3|user:1,published,waga-index-v1,snap_2026-07-25T06_v1
2026-07-04,Addis Ababa,Addis Ababa,Piazza,9.0356,38.7522,cereals and tubers,Teff (mixed),KG,actual,Retail,ETB,111.37,0.7955,7,5,agent:5|user:2,published,waga-index-v1,snap_2026-07-25T06_v1
2026-07-04,Addis Ababa,Addis Ababa,Piazza,9.0356,38.7522,cereals and tubers,Wheat,KG,actual,Retail,ETB,67.91,0.4851,5,3,agent:4|user:1,published,waga-index-v1,snap_2026-07-25T06_v1
2026-07-04,Addis Ababa,Addis Ababa,Piazza,9.0356,38.7522,cereals and tubers,Maize,KG,actual,Retail,ETB,44.56,0.3183,3,2,agent:2|user:1,published,waga-index-v1,snap_2026-07-25T06_v1
2026-07-04,Addis Ababa,Addis Ababa,Piazza,9.0356,38.7522,vegetables and fruits,Onion,KG,actual,Retail,ETB,48.32,0.3451,4,3,agent:3|user:1,published,waga-index-v1,snap_2026-07-25T06_v1
2026-07-04,Addis Ababa,Addis Ababa,Piazza,9.0356,38.7522,oil and fats,Cooking oil,L,actual,Retail,ETB,186.62,1.3330,4,3,agent:3|user:1,published,waga-index-v1,snap_2026-07-25T06_v1
2026-07-05,Addis Ababa,Addis Ababa,Merkato,9.0341,38.7395,cereals and tubers,Teff (mixed),KG,actual,Retail,ETB,98.51,0.7036,9,6,agent:7|user:2,published,waga-index-v1,snap_2026-07-25T06_v1
2026-07-05,Addis Ababa,Addis Ababa,Merkato,9.0341,38.7395,cereals and tubers,Wheat,KG,actual,Retail,ETB,57.27,0.4091,4,3,agent:3|user:1,published,waga-index-v1,snap_2026-07-25T06_v1
2026-07-05,Addis Ababa,Addis Ababa,Merkato,9.0341,38.7395,cereals and tubers,Maize,KG,actual,Retail,ETB,37.80,0.2700,6,4,agent:4|user:2,published,waga-index-v1,snap_2026-07-25T06_v1
2026-07-05,Addis Ababa,Addis Ababa,Merkato,9.0341,38.7395,vegetables and fruits,Onion,KG,actual,Retail,ETB,43.72,0.3123,9,6,agent:7|user:2,published,waga-index-v1,snap_2026-07-25T06_v1
2026-07-05,Addis Ababa,Addis Ababa,Merkato,9.0341,38.7395,oil and fats,Cooking oil,L,actual,Retail,ETB,166.44,1.1889,4,3,agent:3|user:1,published,waga-index-v1,snap_2026-07-25T06_v1
2026-07-05,Addis Ababa,Addis Ababa,Ehil Berenda,9.0333,38.7389,cereals and tubers,Teff (mixed),KG,actual,Retail,ETB,89.32,0.6380,9,6,agent:7|user:2,published,waga-index-v1,snap_2026-07-25T06_v1
2026-07-05,Addis Ababa,Addis Ababa,Ehil Berenda,9.0333,38.7389,cereals and tubers,Wheat,KG,actual,Retail,ETB,61.37,0.4384,6,4,agent:4|user:2,published,waga-index-v1,snap_2026-07-25T06_v1
2026-07-05,Addis Ababa,Addis Ababa,Ehil Berenda,9.0333,38.7389,cereals and tubers,Maize,KG,actual,Retail,ETB,,,0,0,,insufficient_data,waga-index-v1,snap_2026-07-25T06_v1
2026-07-05,Addis Ababa,Addis Ababa,Ehil Berenda,9.0333,38.7389,vegetables and fruits,Onion,KG,actual,Retail,ETB,43.40,0.3100,4,3,agent:3|user:1,published,waga-index-v1,snap_2026-07-25T06_v1
2026-07-05,Addis Ababa,Addis Ababa,Ehil Berenda,9.0333,38.7389,oil and fats,Cooking oil,L,actual,Retail,ETB,169.44,1.2103,5,3,agent:4|user:1,published,waga-index-v1,snap_2026-07-25T06_v1
2026-07-05,Addis Ababa,Addis Ababa,Atikilt Tera,9.03,38.745,cereals and tubers,Teff (mixed),KG,actual,Retail,ETB,98.29,0.7021,7,5,agent:5|user:2,published,waga-index-v1,snap_2026-07-25T06_v1
2026-07-05,Addis Ababa,Addis Ababa,Atikilt Tera,9.03,38.745,cereals and tubers,Wheat,KG,actual,Retail,ETB,60.78,0.4341,5,3,agent:4|user:1,published,waga-index-v1,snap_2026-07-25T06_v1
2026-07-05,Addis Ababa,Addis Ababa,Atikilt Tera,9.03,38.745,cereals and tubers,Maize,KG,actual,Retail,ETB,40.04,0.2860,3,2,agent:2|user:1,published,waga-index-v1,snap_2026-07-25T06_v1
2026-07-05,Addis Ababa,Addis Ababa,Atikilt Tera,9.03,38.745,vegetables and fruits,Onion,KG,actual,Retail,ETB,38.78,0.2770,6,4,agent:4|user:2,published,waga-index-v1,snap_2026-07-25T06_v1
2026-07-05,Addis Ababa,Addis Ababa,Atikilt Tera,9.03,38.745,oil and fats,Cooking oil,L,actual,Retail,ETB,163.61,1.1686,8,5,agent:6|user:2,published,waga-index-v1,snap_2026-07-25T06_v1
2026-07-05,Addis Ababa,Addis Ababa,Asko,9.0489,38.6889,cereals and tubers,Teff (mixed),KG,actual,Retail,ETB,100.26,0.7161,5,3,agent:4|user:1,published,waga-index-v1,snap_2026-07-25T06_v1
2026-07-05,Addis Ababa,Addis Ababa,Asko,9.0489,38.6889,cereals and tubers,Wheat,KG,actual,Retail,ETB,62.08,0.4434,5,3,agent:4|user:1,published,waga-index-v1,snap_2026-07-25T06_v1
2026-07-05,Addis Ababa,Addis Ababa,Asko,9.0489,38.6889,cereals and tubers,Maize,KG,actual,Retail,ETB,40.97,0.2926,6,4,agent:4|user:2,published,waga-index-v1,snap_2026-07-25T06_v1
2026-07-05,Addis Ababa,Addis Ababa,Asko,9.0489,38.6889,vegetables and fruits,Onion,KG,actual,Retail,ETB,44.80,0.3200,6,4,agent:4|user:2,published,waga-index-v1,snap_2026-07-25T06_v1
2026-07-05,Addis Ababa,Addis Ababa,Asko,9.0489,38.6889,oil and fats,Cooking oil,L,actual,Retail,ETB,172.14,1.2296,3,2,agent:2|user:1,published,waga-index-v1,snap_2026-07-25T06_v1
2026-07-05,Addis Ababa,Addis Ababa,Saris,8.9797,38.7622,cereals and tubers,Teff (mixed),KG,actual,Retail,ETB,102.14,0.7296,7,5,agent:5|user:2,published,waga-index-v1,snap_2026-07-25T06_v1
2026-07-05,Addis Ababa,Addis Ababa,Saris,8.9797,38.7622,cereals and tubers,Wheat,KG,actual,Retail,ETB,63.25,0.4518,3,2,agent:2|user:1,published,waga-index-v1,snap_2026-07-25T06_v1
2026-07-05,Addis Ababa,Addis Ababa,Saris,8.9797,38.7622,cereals and tubers,Maize,KG,actual,Retail,ETB,40.14,0.2867,4,3,agent:3|user:1,published,waga-index-v1,snap_2026-07-25T06_v1
2026-07-05,Addis Ababa,Addis Ababa,Saris,8.9797,38.7622,vegetables and fruits,Onion,KG,actual,Retail,ETB,44.93,0.3209,6,4,agent:4|user:2,published,waga-index-v1,snap_2026-07-25T06_v1
2026-07-05,Addis Ababa,Addis Ababa,Saris,8.9797,38.7622,oil and fats,Cooking oil,L,actual,Retail,ETB,,,1,1,agent:1,insufficient_data,waga-index-v1,snap_2026-07-25T06_v1
2026-07-05,Addis Ababa,Addis Ababa,Akaki,8.8939,38.8069,cereals and tubers,Teff (mixed),KG,actual,Retail,ETB,100.35,0.7168,8,5,agent:6|user:2,published,waga-index-v1,snap_2026-07-25T06_v1
2026-07-05,Addis Ababa,Addis Ababa,Akaki,8.8939,38.8069,cereals and tubers,Wheat,KG,actual,Retail,ETB,64.02,0.4573,7,5,agent:5|user:2,published,waga-index-v1,snap_2026-07-25T06_v1
2026-07-05,Addis Ababa,Addis Ababa,Akaki,8.8939,38.8069,cereals and tubers,Maize,KG,actual,Retail,ETB,41.73,0.2981,7,5,agent:5|user:2,published,waga-index-v1,snap_2026-07-25T06_v1
2026-07-05,Addis Ababa,Addis Ababa,Akaki,8.8939,38.8069,vegetables and fruits,Onion,KG,actual,Retail,ETB,45.19,0.3228,5,3,agent:4|user:1,published,waga-index-v1,snap_2026-07-25T06_v1
2026-07-05,Addis Ababa,Addis Ababa,Akaki,8.8939,38.8069,oil and fats,Cooking oil,L,actual,Retail,ETB,174.35,1.2454,8,5,agent:6|user:2,published,waga-index-v1,snap_2026-07-25T06_v1
2026-07-05,Addis Ababa,Addis Ababa,Kera,8.9994,38.7481,cereals and tubers,Teff (mixed),KG,actual,Retail,ETB,105.25,0.7518,6,4,agent:4|user:2,published,waga-index-v1,snap_2026-07-25T06_v1
2026-07-05,Addis Ababa,Addis Ababa,Kera,8.9994,38.7481,cereals and tubers,Wheat,KG,actual,Retail,ETB,65.34,0.4667,9,6,agent:7|user:2,published,waga-index-v1,snap_2026-07-25T06_v1
2026-07-05,Addis Ababa,Addis Ababa,Kera,8.9994,38.7481,cereals and tubers,Maize,KG,actual,Retail,ETB,42.52,0.3037,3,2,agent:2|user:1,published,waga-index-v1,snap_2026-07-25T06_v1
2026-07-05,Addis Ababa,Addis Ababa,Kera,8.9994,38.7481,vegetables and fruits,Onion,KG,actual,Retail,ETB,46.10,0.3293,7,5,agent:5|user:2,published,waga-index-v1,snap_2026-07-25T06_v1
2026-07-05,Addis Ababa,Addis Ababa,Kera,8.9994,38.7481,oil and fats,Cooking oil,L,actual,Retail,ETB,182.49,1.3035,6,4,agent:4|user:2,published,waga-index-v1,snap_2026-07-25T06_v1
2026-07-05,Addis Ababa,Addis Ababa,Shola Gebeya,9.0244,38.7986,cereals and tubers,Teff (mixed),KG,actual,Retail,ETB,105.65,0.7546,4,3,agent:3|user:1,published,waga-index-v1,snap_2026-07-25T06_v1
2026-07-05,Addis Ababa,Addis Ababa,Shola Gebeya,9.0244,38.7986,cereals and tubers,Wheat,KG,actual,Retail,ETB,65.88,0.4706,6,4,agent:4|user:2,published,waga-index-v1,snap_2026-07-25T06_v1
2026-07-05,Addis Ababa,Addis Ababa,Shola Gebeya,9.0244,38.7986,cereals and tubers,Maize,KG,actual,Retail,ETB,43.88,0.3134,6,4,agent:4|user:2,published,waga-index-v1,snap_2026-07-25T06_v1
2026-07-05,Addis Ababa,Addis Ababa,Shola Gebeya,9.0244,38.7986,vegetables and fruits,Onion,KG,actual,Retail,ETB,48.83,0.3488,8,5,agent:6|user:2,published,waga-index-v1,snap_2026-07-25T06_v1
2026-07-05,Addis Ababa,Addis Ababa,Shola Gebeya,9.0244,38.7986,oil and fats,Cooking oil,L,actual,Retail,ETB,,,2,2,agent:2,insufficient_data,waga-index-v1,snap_2026-07-25T06_v1
2026-07-05,Addis Ababa,Addis Ababa,Piazza,9.0356,38.7522,cereals and tubers,Teff (mixed),KG,actual,Retail,ETB,110.91,0.7922,4,3,agent:3|user:1,published,waga-index-v1,snap_2026-07-25T06_v1
2026-07-05,Addis Ababa,Addis Ababa,Piazza,9.0356,38.7522,cereals and tubers,Wheat,KG,actual,Retail,ETB,68.41,0.4886,7,5,agent:5|user:2,published,waga-index-v1,snap_2026-07-25T06_v1
2026-07-05,Addis Ababa,Addis Ababa,Piazza,9.0356,38.7522,cereals and tubers,Maize,KG,actual,Retail,ETB,44.91,0.3208,5,3,agent:4|user:1,published,waga-index-v1,snap_2026-07-25T06_v1
2026-07-05,Addis Ababa,Addis Ababa,Piazza,9.0356,38.7522,vegetables and fruits,Onion,KG,actual,Retail,ETB,48.18,0.3441,6,4,agent:4|user:2,published,waga-index-v1,snap_2026-07-25T06_v1
2026-07-05,Addis Ababa,Addis Ababa,Piazza,9.0356,38.7522,oil and fats,Cooking oil,L,actual,Retail,ETB,185.80,1.3271,5,3,agent:4|user:1,published,waga-index-v1,snap_2026-07-25T06_v1
2026-07-06,Addis Ababa,Addis Ababa,Merkato,9.0341,38.7395,cereals and tubers,Teff (mixed),KG,actual,Retail,ETB,97.99,0.6999,9,6,agent:7|user:2,published,waga-index-v1,snap_2026-07-25T06_v1
2026-07-06,Addis Ababa,Addis Ababa,Merkato,9.0341,38.7395,cereals and tubers,Wheat,KG,actual,Retail,ETB,,,2,2,agent:2,insufficient_data,waga-index-v1,snap_2026-07-25T06_v1
2026-07-06,Addis Ababa,Addis Ababa,Merkato,9.0341,38.7395,cereals and tubers,Maize,KG,actual,Retail,ETB,37.78,0.2699,6,4,agent:4|user:2,published,waga-index-v1,snap_2026-07-25T06_v1
2026-07-06,Addis Ababa,Addis Ababa,Merkato,9.0341,38.7395,vegetables and fruits,Onion,KG,actual,Retail,ETB,44.46,0.3176,8,5,agent:6|user:2,published,waga-index-v1,snap_2026-07-25T06_v1
2026-07-06,Addis Ababa,Addis Ababa,Merkato,9.0341,38.7395,oil and fats,Cooking oil,L,actual,Retail,ETB,168.39,1.2028,3,2,agent:2|user:1,published,waga-index-v1,snap_2026-07-25T06_v1
2026-07-06,Addis Ababa,Addis Ababa,Ehil Berenda,9.0333,38.7389,cereals and tubers,Teff (mixed),KG,actual,Retail,ETB,,,0,0,,insufficient_data,waga-index-v1,snap_2026-07-25T06_v1
2026-07-06,Addis Ababa,Addis Ababa,Ehil Berenda,9.0333,38.7389,cereals and tubers,Wheat,KG,actual,Retail,ETB,61.69,0.4406,7,5,agent:5|user:2,published,waga-index-v1,snap_2026-07-25T06_v1
2026-07-06,Addis Ababa,Addis Ababa,Ehil Berenda,9.0333,38.7389,cereals and tubers,Maize,KG,actual,Retail,ETB,40.33,0.2881,8,5,agent:6|user:2,published,waga-index-v1,snap_2026-07-25T06_v1
2026-07-06,Addis Ababa,Addis Ababa,Ehil Berenda,9.0333,38.7389,vegetables and fruits,Onion,KG,actual,Retail,ETB,43.58,0.3113,3,2,agent:2|user:1,published,waga-index-v1,snap_2026-07-25T06_v1
2026-07-06,Addis Ababa,Addis Ababa,Ehil Berenda,9.0333,38.7389,oil and fats,Cooking oil,L,actual,Retail,ETB,169.23,1.2088,5,3,agent:4|user:1,published,waga-index-v1,snap_2026-07-25T06_v1
2026-07-06,Addis Ababa,Addis Ababa,Atikilt Tera,9.03,38.745,cereals and tubers,Teff (mixed),KG,actual,Retail,ETB,98.43,0.7031,8,5,agent:6|user:2,published,waga-index-v1,snap_2026-07-25T06_v1
2026-07-06,Addis Ababa,Addis Ababa,Atikilt Tera,9.03,38.745,cereals and tubers,Wheat,KG,actual,Retail,ETB,60.73,0.4338,4,3,agent:3|user:1,published,waga-index-v1,snap_2026-07-25T06_v1
2026-07-06,Addis Ababa,Addis Ababa,Atikilt Tera,9.03,38.745,cereals and tubers,Maize,KG,actual,Retail,ETB,40.22,0.2873,7,5,agent:5|user:2,published,waga-index-v1,snap_2026-07-25T06_v1
2026-07-06,Addis Ababa,Addis Ababa,Atikilt Tera,9.03,38.745,vegetables and fruits,Onion,KG,actual,Retail,ETB,39.70,0.2836,5,3,agent:4|user:1,published,waga-index-v1,snap_2026-07-25T06_v1
2026-07-06,Addis Ababa,Addis Ababa,Atikilt Tera,9.03,38.745,oil and fats,Cooking oil,L,actual,Retail,ETB,165.92,1.1851,6,4,agent:4|user:2,published,waga-index-v1,snap_2026-07-25T06_v1
2026-07-06,Addis Ababa,Addis Ababa,Asko,9.0489,38.6889,cereals and tubers,Teff (mixed),KG,actual,Retail,ETB,101.38,0.7241,4,3,agent:3|user:1,published,waga-index-v1,snap_2026-07-25T06_v1
2026-07-06,Addis Ababa,Addis Ababa,Asko,9.0489,38.6889,cereals and tubers,Wheat,KG,actual,Retail,ETB,62.94,0.4496,8,5,agent:6|user:2,published,waga-index-v1,snap_2026-07-25T06_v1
2026-07-06,Addis Ababa,Addis Ababa,Asko,9.0489,38.6889,cereals and tubers,Maize,KG,actual,Retail,ETB,,,0,0,,insufficient_data,waga-index-v1,snap_2026-07-25T06_v1
2026-07-06,Addis Ababa,Addis Ababa,Asko,9.0489,38.6889,vegetables and fruits,Onion,KG,actual,Retail,ETB,45.44,0.3246,3,2,agent:2|user:1,published,waga-index-v1,snap_2026-07-25T06_v1
2026-07-06,Addis Ababa,Addis Ababa,Asko,9.0489,38.6889,oil and fats,Cooking oil,L,actual,Retail,ETB,174.83,1.2488,3,2,agent:2|user:1,published,waga-index-v1,snap_2026-07-25T06_v1
2026-07-06,Addis Ababa,Addis Ababa,Saris,8.9797,38.7622,cereals and tubers,Teff (mixed),KG,actual,Retail,ETB,102.45,0.7318,3,2,agent:2|user:1,published,waga-index-v1,snap_2026-07-25T06_v1
2026-07-06,Addis Ababa,Addis Ababa,Saris,8.9797,38.7622,cereals and tubers,Wheat,KG,actual,Retail,ETB,64.10,0.4579,7,5,agent:5|user:2,published,waga-index-v1,snap_2026-07-25T06_v1
2026-07-06,Addis Ababa,Addis Ababa,Saris,8.9797,38.7622,cereals and tubers,Maize,KG,actual,Retail,ETB,40.91,0.2922,6,4,agent:4|user:2,published,waga-index-v1,snap_2026-07-25T06_v1
2026-07-06,Addis Ababa,Addis Ababa,Saris,8.9797,38.7622,vegetables and fruits,Onion,KG,actual,Retail,ETB,45.04,0.3217,3,2,agent:2|user:1,published,waga-index-v1,snap_2026-07-25T06_v1
2026-07-06,Addis Ababa,Addis Ababa,Saris,8.9797,38.7622,oil and fats,Cooking oil,L,actual,Retail,ETB,177.75,1.2696,4,3,agent:3|user:1,published,waga-index-v1,snap_2026-07-25T06_v1
2026-07-06,Addis Ababa,Addis Ababa,Akaki,8.8939,38.8069,cereals and tubers,Teff (mixed),KG,actual,Retail,ETB,101.23,0.7231,5,3,agent:4|user:1,published,waga-index-v1,snap_2026-07-25T06_v1
2026-07-06,Addis Ababa,Addis Ababa,Akaki,8.8939,38.8069,cereals and tubers,Wheat,KG,actual,Retail,ETB,64.31,0.4594,7,5,agent:5|user:2,published,waga-index-v1,snap_2026-07-25T06_v1
2026-07-06,Addis Ababa,Addis Ababa,Akaki,8.8939,38.8069,cereals and tubers,Maize,KG,actual,Retail,ETB,42.29,0.3021,6,4,agent:4|user:2,published,waga-index-v1,snap_2026-07-25T06_v1
2026-07-06,Addis Ababa,Addis Ababa,Akaki,8.8939,38.8069,vegetables and fruits,Onion,KG,actual,Retail,ETB,45.24,0.3231,5,3,agent:4|user:1,published,waga-index-v1,snap_2026-07-25T06_v1
2026-07-06,Addis Ababa,Addis Ababa,Akaki,8.8939,38.8069,oil and fats,Cooking oil,L,actual,Retail,ETB,,,1,1,agent:1,insufficient_data,waga-index-v1,snap_2026-07-25T06_v1
2026-07-06,Addis Ababa,Addis Ababa,Kera,8.9994,38.7481,cereals and tubers,Teff (mixed),KG,actual,Retail,ETB,104.90,0.7493,7,5,agent:5|user:2,published,waga-index-v1,snap_2026-07-25T06_v1
2026-07-06,Addis Ababa,Addis Ababa,Kera,8.9994,38.7481,cereals and tubers,Wheat,KG,actual,Retail,ETB,65.72,0.4694,5,3,agent:4|user:1,published,waga-index-v1,snap_2026-07-25T06_v1
2026-07-06,Addis Ababa,Addis Ababa,Kera,8.9994,38.7481,cereals and tubers,Maize,KG,actual,Retail,ETB,42.66,0.3047,7,5,agent:5|user:2,published,waga-index-v1,snap_2026-07-25T06_v1
2026-07-06,Addis Ababa,Addis Ababa,Kera,8.9994,38.7481,vegetables and fruits,Onion,KG,actual,Retail,ETB,46.89,0.3349,9,6,agent:7|user:2,published,waga-index-v1,snap_2026-07-25T06_v1
2026-07-06,Addis Ababa,Addis Ababa,Kera,8.9994,38.7481,oil and fats,Cooking oil,L,actual,Retail,ETB,182.17,1.3012,4,3,agent:3|user:1,published,waga-index-v1,snap_2026-07-25T06_v1
2026-07-06,Addis Ababa,Addis Ababa,Shola Gebeya,9.0244,38.7986,cereals and tubers,Teff (mixed),KG,actual,Retail,ETB,107.09,0.7649,3,2,agent:2|user:1,published,waga-index-v1,snap_2026-07-25T06_v1
2026-07-06,Addis Ababa,Addis Ababa,Shola Gebeya,9.0244,38.7986,cereals and tubers,Wheat,KG,actual,Retail,ETB,,,0,0,,insufficient_data,waga-index-v1,snap_2026-07-25T06_v1
2026-07-06,Addis Ababa,Addis Ababa,Shola Gebeya,9.0244,38.7986,cereals and tubers,Maize,KG,actual,Retail,ETB,43.61,0.3115,3,2,agent:2|user:1,published,waga-index-v1,snap_2026-07-25T06_v1
2026-07-06,Addis Ababa,Addis Ababa,Shola Gebeya,9.0244,38.7986,vegetables and fruits,Onion,KG,actual,Retail,ETB,50.07,0.3576,7,5,agent:5|user:2,published,waga-index-v1,snap_2026-07-25T06_v1
2026-07-06,Addis Ababa,Addis Ababa,Shola Gebeya,9.0244,38.7986,oil and fats,Cooking oil,L,actual,Retail,ETB,181.16,1.2940,8,5,agent:6|user:2,published,waga-index-v1,snap_2026-07-25T06_v1
2026-07-06,Addis Ababa,Addis Ababa,Piazza,9.0356,38.7522,cereals and tubers,Teff (mixed),KG,actual,Retail,ETB,111.58,0.7970,5,3,agent:4|user:1,published,waga-index-v1,snap_2026-07-25T06_v1
2026-07-06,Addis Ababa,Addis Ababa,Piazza,9.0356,38.7522,cereals and tubers,Wheat,KG,actual,Retail,ETB,69.19,0.4942,3,2,agent:2|user:1,published,waga-index-v1,snap_2026-07-25T06_v1
2026-07-06,Addis Ababa,Addis Ababa,Piazza,9.0356,38.7522,cereals and tubers,Maize,KG,actual,Retail,ETB,45.63,0.3259,3,2,agent:2|user:1,published,waga-index-v1,snap_2026-07-25T06_v1
2026-07-06,Addis Ababa,Addis Ababa,Piazza,9.0356,38.7522,vegetables and fruits,Onion,KG,actual,Retail,ETB,48.97,0.3498,6,4,agent:4|user:2,published,waga-index-v1,snap_2026-07-25T06_v1
2026-07-06,Addis Ababa,Addis Ababa,Piazza,9.0356,38.7522,oil and fats,Cooking oil,L,actual,Retail,ETB,186.97,1.3355,7,5,agent:5|user:2,published,waga-index-v1,snap_2026-07-25T06_v1
2026-07-07,Addis Ababa,Addis Ababa,Merkato,9.0341,38.7395,cereals and tubers,Teff (mixed),KG,actual,Retail,ETB,98.18,0.7013,6,4,agent:4|user:2,published,waga-index-v1,snap_2026-07-25T06_v1
2026-07-07,Addis Ababa,Addis Ababa,Merkato,9.0341,38.7395,cereals and tubers,Wheat,KG,actual,Retail,ETB,57.61,0.4115,8,5,agent:6|user:2,published,waga-index-v1,snap_2026-07-25T06_v1
2026-07-07,Addis Ababa,Addis Ababa,Merkato,9.0341,38.7395,cereals and tubers,Maize,KG,actual,Retail,ETB,37.83,0.2702,8,5,agent:6|user:2,published,waga-index-v1,snap_2026-07-25T06_v1
2026-07-07,Addis Ababa,Addis Ababa,Merkato,9.0341,38.7395,vegetables and fruits,Onion,KG,actual,Retail,ETB,44.71,0.3194,4,3,agent:3|user:1,published,waga-index-v1,snap_2026-07-25T06_v1
2026-07-07,Addis Ababa,Addis Ababa,Merkato,9.0341,38.7395,oil and fats,Cooking oil,L,actual,Retail,ETB,167.89,1.1992,8,5,agent:6|user:2,published,waga-index-v1,snap_2026-07-25T06_v1
2026-07-07,Addis Ababa,Addis Ababa,Ehil Berenda,9.0333,38.7389,cereals and tubers,Teff (mixed),KG,actual,Retail,ETB,90.83,0.6488,4,3,agent:3|user:1,published,waga-index-v1,snap_2026-07-25T06_v1
2026-07-07,Addis Ababa,Addis Ababa,Ehil Berenda,9.0333,38.7389,cereals and tubers,Wheat,KG,actual,Retail,ETB,62.13,0.4438,4,3,agent:3|user:1,published,waga-index-v1,snap_2026-07-25T06_v1
2026-07-07,Addis Ababa,Addis Ababa,Ehil Berenda,9.0333,38.7389,cereals and tubers,Maize,KG,actual,Retail,ETB,40.36,0.2883,4,3,agent:3|user:1,published,waga-index-v1,snap_2026-07-25T06_v1
2026-07-07,Addis Ababa,Addis Ababa,Ehil Berenda,9.0333,38.7389,vegetables and fruits,Onion,KG,actual,Retail,ETB,44.02,0.3144,8,5,agent:6|user:2,published,waga-index-v1,snap_2026-07-25T06_v1
2026-07-07,Addis Ababa,Addis Ababa,Ehil Berenda,9.0333,38.7389,oil and fats,Cooking oil,L,actual,Retail,ETB,169.14,1.2081,3,2,agent:2|user:1,published,waga-index-v1,snap_2026-07-25T06_v1
2026-07-07,Addis Ababa,Addis Ababa,Atikilt Tera,9.03,38.745,cereals and tubers,Teff (mixed),KG,actual,Retail,ETB,99.35,0.7096,5,3,agent:4|user:1,published,waga-index-v1,snap_2026-07-25T06_v1
2026-07-07,Addis Ababa,Addis Ababa,Atikilt Tera,9.03,38.745,cereals and tubers,Wheat,KG,actual,Retail,ETB,61.13,0.4366,5,3,agent:4|user:1,published,waga-index-v1,snap_2026-07-25T06_v1
2026-07-07,Addis Ababa,Addis Ababa,Atikilt Tera,9.03,38.745,cereals and tubers,Maize,KG,actual,Retail,ETB,40.54,0.2896,6,4,agent:4|user:2,published,waga-index-v1,snap_2026-07-25T06_v1
2026-07-07,Addis Ababa,Addis Ababa,Atikilt Tera,9.03,38.745,vegetables and fruits,Onion,KG,actual,Retail,ETB,40.93,0.2924,7,5,agent:5|user:2,published,waga-index-v1,snap_2026-07-25T06_v1
2026-07-07,Addis Ababa,Addis Ababa,Atikilt Tera,9.03,38.745,oil and fats,Cooking oil,L,actual,Retail,ETB,166.62,1.1901,7,5,agent:5|user:2,published,waga-index-v1,snap_2026-07-25T06_v1
2026-07-07,Addis Ababa,Addis Ababa,Asko,9.0489,38.6889,cereals and tubers,Teff (mixed),KG,actual,Retail,ETB,101.39,0.7242,8,5,agent:6|user:2,published,waga-index-v1,snap_2026-07-25T06_v1
2026-07-07,Addis Ababa,Addis Ababa,Asko,9.0489,38.6889,cereals and tubers,Wheat,KG,actual,Retail,ETB,62.60,0.4471,3,2,agent:2|user:1,published,waga-index-v1,snap_2026-07-25T06_v1
2026-07-07,Addis Ababa,Addis Ababa,Asko,9.0489,38.6889,cereals and tubers,Maize,KG,actual,Retail,ETB,41.50,0.2964,6,4,agent:4|user:2,published,waga-index-v1,snap_2026-07-25T06_v1
2026-07-07,Addis Ababa,Addis Ababa,Asko,9.0489,38.6889,vegetables and fruits,Onion,KG,actual,Retail,ETB,45.75,0.3268,3,2,agent:2|user:1,published,waga-index-v1,snap_2026-07-25T06_v1
2026-07-07,Addis Ababa,Addis Ababa,Asko,9.0489,38.6889,oil and fats,Cooking oil,L,actual,Retail,ETB,174.75,1.2482,4,3,agent:3|user:1,published,waga-index-v1,snap_2026-07-25T06_v1
2026-07-07,Addis Ababa,Addis Ababa,Saris,8.9797,38.7622,cereals and tubers,Teff (mixed),KG,actual,Retail,ETB,103.26,0.7376,6,4,agent:4|user:2,published,waga-index-v1,snap_2026-07-25T06_v1
2026-07-07,Addis Ababa,Addis Ababa,Saris,8.9797,38.7622,cereals and tubers,Wheat,KG,actual,Retail,ETB,64.11,0.4579,6,4,agent:4|user:2,published,waga-index-v1,snap_2026-07-25T06_v1
2026-07-07,Addis Ababa,Addis Ababa,Saris,8.9797,38.7622,cereals and tubers,Maize,KG,actual,Retail,ETB,,,1,1,agent:1,insufficient_data,waga-index-v1,snap_2026-07-25T06_v1
2026-07-07,Addis Ababa,Addis Ababa,Saris,8.9797,38.7622,vegetables and fruits,Onion,KG,actual,Retail,ETB,45.81,0.3272,3,2,agent:2|user:1,published,waga-index-v1,snap_2026-07-25T06_v1
2026-07-07,Addis Ababa,Addis Ababa,Saris,8.9797,38.7622,oil and fats,Cooking oil,L,actual,Retail,ETB,,,1,1,agent:1,insufficient_data,waga-index-v1,snap_2026-07-25T06_v1
2026-07-07,Addis Ababa,Addis Ababa,Akaki,8.8939,38.8069,cereals and tubers,Teff (mixed),KG,actual,Retail,ETB,101.46,0.7247,6,4,agent:4|user:2,published,waga-index-v1,snap_2026-07-25T06_v1
2026-07-07,Addis Ababa,Addis Ababa,Akaki,8.8939,38.8069,cereals and tubers,Wheat,KG,actual,Retail,ETB,64.20,0.4586,9,6,agent:7|user:2,published,waga-index-v1,snap_2026-07-25T06_v1
2026-07-07,Addis Ababa,Addis Ababa,Akaki,8.8939,38.8069,cereals and tubers,Maize,KG,actual,Retail,ETB,42.32,0.3023,8,5,agent:6|user:2,published,waga-index-v1,snap_2026-07-25T06_v1
2026-07-07,Addis Ababa,Addis Ababa,Akaki,8.8939,38.8069,vegetables and fruits,Onion,KG,actual,Retail,ETB,46.60,0.3329,4,3,agent:3|user:1,published,waga-index-v1,snap_2026-07-25T06_v1
2026-07-07,Addis Ababa,Addis Ababa,Akaki,8.8939,38.8069,oil and fats,Cooking oil,L,actual,Retail,ETB,176.22,1.2587,4,3,agent:3|user:1,published,waga-index-v1,snap_2026-07-25T06_v1
2026-07-07,Addis Ababa,Addis Ababa,Kera,8.9994,38.7481,cereals and tubers,Teff (mixed),KG,actual,Retail,ETB,106.50,0.7607,6,4,agent:4|user:2,published,waga-index-v1,snap_2026-07-25T06_v1
2026-07-07,Addis Ababa,Addis Ababa,Kera,8.9994,38.7481,cereals and tubers,Wheat,KG,actual,Retail,ETB,66.52,0.4751,3,2,agent:2|user:1,published,waga-index-v1,snap_2026-07-25T06_v1
2026-07-07,Addis Ababa,Addis Ababa,Kera,8.9994,38.7481,cereals and tubers,Maize,KG,actual,Retail,ETB,,,2,2,agent:2,insufficient_data,waga-index-v1,snap_2026-07-25T06_v1
2026-07-07,Addis Ababa,Addis Ababa,Kera,8.9994,38.7481,vegetables and fruits,Onion,KG,actual,Retail,ETB,47.71,0.3408,6,4,agent:4|user:2,published,waga-index-v1,snap_2026-07-25T06_v1
2026-07-07,Addis Ababa,Addis Ababa,Kera,8.9994,38.7481,oil and fats,Cooking oil,L,actual,Retail,ETB,185.36,1.3240,3,2,agent:2|user:1,published,waga-index-v1,snap_2026-07-25T06_v1
2026-07-07,Addis Ababa,Addis Ababa,Shola Gebeya,9.0244,38.7986,cereals and tubers,Teff (mixed),KG,actual,Retail,ETB,107.28,0.7663,5,3,agent:4|user:1,published,waga-index-v1,snap_2026-07-25T06_v1
2026-07-07,Addis Ababa,Addis Ababa,Shola Gebeya,9.0244,38.7986,cereals and tubers,Wheat,KG,actual,Retail,ETB,,,2,2,agent:2,insufficient_data,waga-index-v1,snap_2026-07-25T06_v1
2026-07-07,Addis Ababa,Addis Ababa,Shola Gebeya,9.0244,38.7986,cereals and tubers,Maize,KG,actual,Retail,ETB,42.98,0.3070,9,6,agent:7|user:2,published,waga-index-v1,snap_2026-07-25T06_v1
2026-07-07,Addis Ababa,Addis Ababa,Shola Gebeya,9.0244,38.7986,vegetables and fruits,Onion,KG,actual,Retail,ETB,50.26,0.3590,8,5,agent:6|user:2,published,waga-index-v1,snap_2026-07-25T06_v1
2026-07-07,Addis Ababa,Addis Ababa,Shola Gebeya,9.0244,38.7986,oil and fats,Cooking oil,L,actual,Retail,ETB,184.19,1.3156,4,3,agent:3|user:1,published,waga-index-v1,snap_2026-07-25T06_v1
2026-07-07,Addis Ababa,Addis Ababa,Piazza,9.0356,38.7522,cereals and tubers,Teff (mixed),KG,actual,Retail,ETB,112.96,0.8069,3,2,agent:2|user:1,published,waga-index-v1,snap_2026-07-25T06_v1
2026-07-07,Addis Ababa,Addis Ababa,Piazza,9.0356,38.7522,cereals and tubers,Wheat,KG,actual,Retail,ETB,69.39,0.4956,7,5,agent:5|user:2,published,waga-index-v1,snap_2026-07-25T06_v1
2026-07-07,Addis Ababa,Addis Ababa,Piazza,9.0356,38.7522,cereals and tubers,Maize,KG,actual,Retail,ETB,45.05,0.3218,3,2,agent:2|user:1,published,waga-index-v1,snap_2026-07-25T06_v1
2026-07-07,Addis Ababa,Addis Ababa,Piazza,9.0356,38.7522,vegetables and fruits,Onion,KG,actual,Retail,ETB,49.77,0.3555,7,5,agent:5|user:2,published,waga-index-v1,snap_2026-07-25T06_v1
2026-07-07,Addis Ababa,Addis Ababa,Piazza,9.0356,38.7522,oil and fats,Cooking oil,L,actual,Retail,ETB,188.92,1.3494,5,3,agent:4|user:1,published,waga-index-v1,snap_2026-07-25T06_v1
2026-07-08,Addis Ababa,Addis Ababa,Merkato,9.0341,38.7395,cereals and tubers,Teff (mixed),KG,actual,Retail,ETB,98.58,0.7041,7,5,agent:5|user:2,published,waga-index-v1,snap_2026-07-25T06_v1
2026-07-08,Addis Ababa,Addis Ababa,Merkato,9.0341,38.7395,cereals and tubers,Wheat,KG,actual,Retail,ETB,57.96,0.4140,6,4,agent:4|user:2,published,waga-index-v1,snap_2026-07-25T06_v1
2026-07-08,Addis Ababa,Addis Ababa,Merkato,9.0341,38.7395,cereals and tubers,Maize,KG,actual,Retail,ETB,37.87,0.2705,9,6,agent:7|user:2,published,waga-index-v1,snap_2026-07-25T06_v1
2026-07-08,Addis Ababa,Addis Ababa,Merkato,9.0341,38.7395,vegetables and fruits,Onion,KG,actual,Retail,ETB,44.82,0.3201,8,5,agent:6|user:2,published,waga-index-v1,snap_2026-07-25T06_v1
2026-07-08,Addis Ababa,Addis Ababa,Merkato,9.0341,38.7395,oil and fats,Cooking oil,L,actual,Retail,ETB,,,1,1,agent:1,insufficient_data,waga-index-v1,snap_2026-07-25T06_v1
2026-07-08,Addis Ababa,Addis Ababa,Ehil Berenda,9.0333,38.7389,cereals and tubers,Teff (mixed),KG,actual,Retail,ETB,91.67,0.6548,4,3,agent:3|user:1,published,waga-index-v1,snap_2026-07-25T06_v1
2026-07-08,Addis Ababa,Addis Ababa,Ehil Berenda,9.0333,38.7389,cereals and tubers,Wheat,KG,actual,Retail,ETB,61.61,0.4401,9,6,agent:7|user:2,published,waga-index-v1,snap_2026-07-25T06_v1
2026-07-08,Addis Ababa,Addis Ababa,Ehil Berenda,9.0333,38.7389,cereals and tubers,Maize,KG,actual,Retail,ETB,40.45,0.2889,6,4,agent:4|user:2,published,waga-index-v1,snap_2026-07-25T06_v1
2026-07-08,Addis Ababa,Addis Ababa,Ehil Berenda,9.0333,38.7389,vegetables and fruits,Onion,KG,actual,Retail,ETB,44.42,0.3173,9,6,agent:7|user:2,published,waga-index-v1,snap_2026-07-25T06_v1
2026-07-08,Addis Ababa,Addis Ababa,Ehil Berenda,9.0333,38.7389,oil and fats,Cooking oil,L,actual,Retail,ETB,169.97,1.2141,6,4,agent:4|user:2,published,waga-index-v1,snap_2026-07-25T06_v1
2026-07-08,Addis Ababa,Addis Ababa,Atikilt Tera,9.03,38.745,cereals and tubers,Teff (mixed),KG,actual,Retail,ETB,100.30,0.7164,4,3,agent:3|user:1,published,waga-index-v1,snap_2026-07-25T06_v1
2026-07-08,Addis Ababa,Addis Ababa,Atikilt Tera,9.03,38.745,cereals and tubers,Wheat,KG,actual,Retail,ETB,,,0,0,,insufficient_data,waga-index-v1,snap_2026-07-25T06_v1
2026-07-08,Addis Ababa,Addis Ababa,Atikilt Tera,9.03,38.745,cereals and tubers,Maize,KG,actual,Retail,ETB,40.76,0.2911,5,3,agent:4|user:1,published,waga-index-v1,snap_2026-07-25T06_v1
2026-07-08,Addis Ababa,Addis Ababa,Atikilt Tera,9.03,38.745,vegetables and fruits,Onion,KG,actual,Retail,ETB,41.39,0.2956,7,5,agent:5|user:2,published,waga-index-v1,snap_2026-07-25T06_v1
2026-07-08,Addis Ababa,Addis Ababa,Atikilt Tera,9.03,38.745,oil and fats,Cooking oil,L,actual,Retail,ETB,168.83,1.2059,4,3,agent:3|user:1,published,waga-index-v1,snap_2026-07-25T06_v1
2026-07-08,Addis Ababa,Addis Ababa,Asko,9.0489,38.6889,cereals and tubers,Teff (mixed),KG,actual,Retail,ETB,102.16,0.7297,8,5,agent:6|user:2,published,waga-index-v1,snap_2026-07-25T06_v1
2026-07-08,Addis Ababa,Addis Ababa,Asko,9.0489,38.6889,cereals and tubers,Wheat,KG,actual,Retail,ETB,63.38,0.4527,3,2,agent:2|user:1,published,waga-index-v1,snap_2026-07-25T06_v1
2026-07-08,Addis Ababa,Addis Ababa,Asko,9.0489,38.6889,cereals and tubers,Maize,KG,actual,Retail,ETB,41.44,0.2960,3,2,agent:2|user:1,published,waga-index-v1,snap_2026-07-25T06_v1
2026-07-08,Addis Ababa,Addis Ababa,Asko,9.0489,38.6889,vegetables and fruits,Onion,KG,actual,Retail,ETB,45.85,0.3275,4,3,agent:3|user:1,published,waga-index-v1,snap_2026-07-25T06_v1
2026-07-08,Addis Ababa,Addis Ababa,Asko,9.0489,38.6889,oil and fats,Cooking oil,L,actual,Retail,ETB,176.05,1.2575,7,5,agent:5|user:2,published,waga-index-v1,snap_2026-07-25T06_v1
2026-07-08,Addis Ababa,Addis Ababa,Saris,8.9797,38.7622,cereals and tubers,Teff (mixed),KG,actual,Retail,ETB,104.44,0.7460,6,4,agent:4|user:2,published,waga-index-v1,snap_2026-07-25T06_v1
2026-07-08,Addis Ababa,Addis Ababa,Saris,8.9797,38.7622,cereals and tubers,Wheat,KG,actual,Retail,ETB,63.10,0.4507,4,3,agent:3|user:1,published,waga-index-v1,snap_2026-07-25T06_v1
2026-07-08,Addis Ababa,Addis Ababa,Saris,8.9797,38.7622,cereals and tubers,Maize,KG,actual,Retail,ETB,41.33,0.2952,4,3,agent:3|user:1,published,waga-index-v1,snap_2026-07-25T06_v1
2026-07-08,Addis Ababa,Addis Ababa,Saris,8.9797,38.7622,vegetables and fruits,Onion,KG,actual,Retail,ETB,46.37,0.3312,4,3,agent:3|user:1,published,waga-index-v1,snap_2026-07-25T06_v1
2026-07-08,Addis Ababa,Addis Ababa,Saris,8.9797,38.7622,oil and fats,Cooking oil,L,actual,Retail,ETB,179.23,1.2802,6,4,agent:4|user:2,published,waga-index-v1,snap_2026-07-25T06_v1
2026-07-08,Addis Ababa,Addis Ababa,Akaki,8.8939,38.8069,cereals and tubers,Teff (mixed),KG,actual,Retail,ETB,102.70,0.7336,3,2,agent:2|user:1,published,waga-index-v1,snap_2026-07-25T06_v1
2026-07-08,Addis Ababa,Addis Ababa,Akaki,8.8939,38.8069,cereals and tubers,Wheat,KG,actual,Retail,ETB,64.56,0.4611,4,3,agent:3|user:1,published,waga-index-v1,snap_2026-07-25T06_v1
2026-07-08,Addis Ababa,Addis Ababa,Akaki,8.8939,38.8069,cereals and tubers,Maize,KG,actual,Retail,ETB,42.96,0.3069,6,4,agent:4|user:2,published,waga-index-v1,snap_2026-07-25T06_v1
2026-07-08,Addis Ababa,Addis Ababa,Akaki,8.8939,38.8069,vegetables and fruits,Onion,KG,actual,Retail,ETB,,,2,2,agent:2,insufficient_data,waga-index-v1,snap_2026-07-25T06_v1
2026-07-08,Addis Ababa,Addis Ababa,Akaki,8.8939,38.8069,oil and fats,Cooking oil,L,actual,Retail,ETB,177.23,1.2659,5,3,agent:4|user:1,published,waga-index-v1,snap_2026-07-25T06_v1
2026-07-08,Addis Ababa,Addis Ababa,Kera,8.9994,38.7481,cereals and tubers,Teff (mixed),KG,actual,Retail,ETB,,,1,1,agent:1,insufficient_data,waga-index-v1,snap_2026-07-25T06_v1
2026-07-08,Addis Ababa,Addis Ababa,Kera,8.9994,38.7481,cereals and tubers,Wheat,KG,actual,Retail,ETB,66.46,0.4747,5,3,agent:4|user:1,published,waga-index-v1,snap_2026-07-25T06_v1
2026-07-08,Addis Ababa,Addis Ababa,Kera,8.9994,38.7481,cereals and tubers,Maize,KG,actual,Retail,ETB,43.49,0.3106,3,2,agent:2|user:1,published,waga-index-v1,snap_2026-07-25T06_v1
2026-07-08,Addis Ababa,Addis Ababa,Kera,8.9994,38.7481,vegetables and fruits,Onion,KG,actual,Retail,ETB,47.45,0.3389,3,2,agent:2|user:1,published,waga-index-v1,snap_2026-07-25T06_v1
2026-07-08,Addis Ababa,Addis Ababa,Kera,8.9994,38.7481,oil and fats,Cooking oil,L,actual,Retail,ETB,189.25,1.3518,5,3,agent:4|user:1,published,waga-index-v1,snap_2026-07-25T06_v1
2026-07-08,Addis Ababa,Addis Ababa,Shola Gebeya,9.0244,38.7986,cereals and tubers,Teff (mixed),KG,actual,Retail,ETB,107.79,0.7699,3,2,agent:2|user:1,published,waga-index-v1,snap_2026-07-25T06_v1
2026-07-08,Addis Ababa,Addis Ababa,Shola Gebeya,9.0244,38.7986,cereals and tubers,Wheat,KG,actual,Retail,ETB,67.37,0.4812,6,4,agent:4|user:2,published,waga-index-v1,snap_2026-07-25T06_v1
2026-07-08,Addis Ababa,Addis Ababa,Shola Gebeya,9.0244,38.7986,cereals and tubers,Maize,KG,actual,Retail,ETB,43.23,0.3088,6,4,agent:4|user:2,published,waga-index-v1,snap_2026-07-25T06_v1
2026-07-08,Addis Ababa,Addis Ababa,Shola Gebeya,9.0244,38.7986,vegetables and fruits,Onion,KG,actual,Retail,ETB,50.03,0.3574,6,4,agent:4|user:2,published,waga-index-v1,snap_2026-07-25T06_v1
2026-07-08,Addis Ababa,Addis Ababa,Shola Gebeya,9.0244,38.7986,oil and fats,Cooking oil,L,actual,Retail,ETB,187.27,1.3376,7,5,agent:5|user:2,published,waga-index-v1,snap_2026-07-25T06_v1
2026-07-08,Addis Ababa,Addis Ababa,Piazza,9.0356,38.7522,cereals and tubers,Teff (mixed),KG,actual,Retail,ETB,112.78,0.8056,7,5,agent:5|user:2,published,waga-index-v1,snap_2026-07-25T06_v1
2026-07-08,Addis Ababa,Addis Ababa,Piazza,9.0356,38.7522,cereals and tubers,Wheat,KG,actual,Retail,ETB,68.39,0.4885,8,5,agent:6|user:2,published,waga-index-v1,snap_2026-07-25T06_v1
2026-07-08,Addis Ababa,Addis Ababa,Piazza,9.0356,38.7522,cereals and tubers,Maize,KG,actual,Retail,ETB,44.75,0.3196,5,3,agent:4|user:1,published,waga-index-v1,snap_2026-07-25T06_v1
2026-07-08,Addis Ababa,Addis Ababa,Piazza,9.0356,38.7522,vegetables and fruits,Onion,KG,actual,Retail,ETB,50.49,0.3606,9,6,agent:7|user:2,published,waga-index-v1,snap_2026-07-25T06_v1
2026-07-08,Addis Ababa,Addis Ababa,Piazza,9.0356,38.7522,oil and fats,Cooking oil,L,actual,Retail,ETB,191.68,1.3691,9,6,agent:7|user:2,published,waga-index-v1,snap_2026-07-25T06_v1
2026-07-09,Addis Ababa,Addis Ababa,Merkato,9.0341,38.7395,cereals and tubers,Teff (mixed),KG,actual,Retail,ETB,,,0,0,,insufficient_data,waga-index-v1,snap_2026-07-25T06_v1
2026-07-09,Addis Ababa,Addis Ababa,Merkato,9.0341,38.7395,cereals and tubers,Wheat,KG,actual,Retail,ETB,57.29,0.4092,4,3,agent:3|user:1,published,waga-index-v1,snap_2026-07-25T06_v1
2026-07-09,Addis Ababa,Addis Ababa,Merkato,9.0341,38.7395,cereals and tubers,Maize,KG,actual,Retail,ETB,,,2,2,agent:2,insufficient_data,waga-index-v1,snap_2026-07-25T06_v1
2026-07-09,Addis Ababa,Addis Ababa,Merkato,9.0341,38.7395,vegetables and fruits,Onion,KG,actual,Retail,ETB,45.06,0.3219,7,5,agent:5|user:2,published,waga-index-v1,snap_2026-07-25T06_v1
2026-07-09,Addis Ababa,Addis Ababa,Merkato,9.0341,38.7395,oil and fats,Cooking oil,L,actual,Retail,ETB,169.21,1.2086,7,5,agent:5|user:2,published,waga-index-v1,snap_2026-07-25T06_v1
2026-07-09,Addis Ababa,Addis Ababa,Ehil Berenda,9.0333,38.7389,cereals and tubers,Teff (mixed),KG,actual,Retail,ETB,90.82,0.6487,4,3,agent:3|user:1,published,waga-index-v1,snap_2026-07-25T06_v1
2026-07-09,Addis Ababa,Addis Ababa,Ehil Berenda,9.0333,38.7389,cereals and tubers,Wheat,KG,actual,Retail,ETB,62.30,0.4450,9,6,agent:7|user:2,published,waga-index-v1,snap_2026-07-25T06_v1
2026-07-09,Addis Ababa,Addis Ababa,Ehil Berenda,9.0333,38.7389,cereals and tubers,Maize,KG,actual,Retail,ETB,40.85,0.2918,8,5,agent:6|user:2,published,waga-index-v1,snap_2026-07-25T06_v1
2026-07-09,Addis Ababa,Addis Ababa,Ehil Berenda,9.0333,38.7389,vegetables and fruits,Onion,KG,actual,Retail,ETB,45.21,0.3229,7,5,agent:5|user:2,published,waga-index-v1,snap_2026-07-25T06_v1
2026-07-09,Addis Ababa,Addis Ababa,Ehil Berenda,9.0333,38.7389,oil and fats,Cooking oil,L,actual,Retail,ETB,171.10,1.2221,4,3,agent:3|user:1,published,waga-index-v1,snap_2026-07-25T06_v1
2026-07-09,Addis Ababa,Addis Ababa,Atikilt Tera,9.03,38.745,cereals and tubers,Teff (mixed),KG,actual,Retail,ETB,,,0,0,,insufficient_data,waga-index-v1,snap_2026-07-25T06_v1
2026-07-09,Addis Ababa,Addis Ababa,Atikilt Tera,9.03,38.745,cereals and tubers,Wheat,KG,actual,Retail,ETB,61.88,0.4420,7,5,agent:5|user:2,published,waga-index-v1,snap_2026-07-25T06_v1
2026-07-09,Addis Ababa,Addis Ababa,Atikilt Tera,9.03,38.745,cereals and tubers,Maize,KG,actual,Retail,ETB,40.90,0.2921,6,4,agent:4|user:2,published,waga-index-v1,snap_2026-07-25T06_v1
2026-07-09,Addis Ababa,Addis Ababa,Atikilt Tera,9.03,38.745,vegetables and fruits,Onion,KG,actual,Retail,ETB,41.67,0.2976,4,3,agent:3|user:1,published,waga-index-v1,snap_2026-07-25T06_v1
2026-07-09,Addis Ababa,Addis Ababa,Atikilt Tera,9.03,38.745,oil and fats,Cooking oil,L,actual,Retail,ETB,169.15,1.2082,5,3,agent:4|user:1,published,waga-index-v1,snap_2026-07-25T06_v1
2026-07-09,Addis Ababa,Addis Ababa,Asko,9.0489,38.6889,cereals and tubers,Teff (mixed),KG,actual,Retail,ETB,103.47,0.7391,4,3,agent:3|user:1,published,waga-index-v1,snap_2026-07-25T06_v1
2026-07-09,Addis Ababa,Addis Ababa,Asko,9.0489,38.6889,cereals and tubers,Wheat,KG,actual,Retail,ETB,63.67,0.4548,5,3,agent:4|user:1,published,waga-index-v1,snap_2026-07-25T06_v1
2026-07-09,Addis Ababa,Addis Ababa,Asko,9.0489,38.6889,cereals and tubers,Maize,KG,actual,Retail,ETB,41.87,0.2991,4,3,agent:3|user:1,published,waga-index-v1,snap_2026-07-25T06_v1
2026-07-09,Addis Ababa,Addis Ababa,Asko,9.0489,38.6889,vegetables and fruits,Onion,KG,actual,Retail,ETB,46.24,0.3303,7,5,agent:5|user:2,published,waga-index-v1,snap_2026-07-25T06_v1
2026-07-09,Addis Ababa,Addis Ababa,Asko,9.0489,38.6889,oil and fats,Cooking oil,L,actual,Retail,ETB,176.75,1.2625,7,5,agent:5|user:2,published,waga-index-v1,snap_2026-07-25T06_v1
2026-07-09,Addis Ababa,Addis Ababa,Saris,8.9797,38.7622,cereals and tubers,Teff (mixed),KG,actual,Retail,ETB,102.79,0.7342,6,4,agent:4|user:2,published,waga-index-v1,snap_2026-07-25T06_v1
2026-07-09,Addis Ababa,Addis Ababa,Saris,8.9797,38.7622,cereals and tubers,Wheat,KG,actual,Retail,ETB,63.37,0.4526,4,3,agent:3|user:1,published,waga-index-v1,snap_2026-07-25T06_v1
2026-07-09,Addis Ababa,Addis Ababa,Saris,8.9797,38.7622,cereals and tubers,Maize,KG,actual,Retail,ETB,42.07,0.3005,5,3,agent:4|user:1,published,waga-index-v1,snap_2026-07-25T06_v1
2026-07-09,Addis Ababa,Addis Ababa,Saris,8.9797,38.7622,vegetables and fruits,Onion,KG,actual,Retail,ETB,46.83,0.3345,7,5,agent:5|user:2,published,waga-index-v1,snap_2026-07-25T06_v1
2026-07-09,Addis Ababa,Addis Ababa,Saris,8.9797,38.7622,oil and fats,Cooking oil,L,actual,Retail,ETB,180.08,1.2863,7,5,agent:5|user:2,published,waga-index-v1,snap_2026-07-25T06_v1
2026-07-09,Addis Ababa,Addis Ababa,Akaki,8.8939,38.8069,cereals and tubers,Teff (mixed),KG,actual,Retail,ETB,,,2,2,agent:2,insufficient_data,waga-index-v1,snap_2026-07-25T06_v1
2026-07-09,Addis Ababa,Addis Ababa,Akaki,8.8939,38.8069,cereals and tubers,Wheat,KG,actual,Retail,ETB,64.21,0.4586,5,3,agent:4|user:1,published,waga-index-v1,snap_2026-07-25T06_v1
2026-07-09,Addis Ababa,Addis Ababa,Akaki,8.8939,38.8069,cereals and tubers,Maize,KG,actual,Retail,ETB,42.57,0.3041,5,3,agent:4|user:1,published,waga-index-v1,snap_2026-07-25T06_v1
2026-07-09,Addis Ababa,Addis Ababa,Akaki,8.8939,38.8069,vegetables and fruits,Onion,KG,actual,Retail,ETB,47.67,0.3405,3,2,agent:2|user:1,published,waga-index-v1,snap_2026-07-25T06_v1
2026-07-09,Addis Ababa,Addis Ababa,Akaki,8.8939,38.8069,oil and fats,Cooking oil,L,actual,Retail,ETB,178.34,1.2739,5,3,agent:4|user:1,published,waga-index-v1,snap_2026-07-25T06_v1
2026-07-09,Addis Ababa,Addis Ababa,Kera,8.9994,38.7481,cereals and tubers,Teff (mixed),KG,actual,Retail,ETB,104.24,0.7446,7,5,agent:5|user:2,published,waga-index-v1,snap_2026-07-25T06_v1
2026-07-09,Addis Ababa,Addis Ababa,Kera,8.9994,38.7481,cereals and tubers,Wheat,KG,actual,Retail,ETB,66.36,0.4740,5,3,agent:4|user:1,published,waga-index-v1,snap_2026-07-25T06_v1
2026-07-09,Addis Ababa,Addis Ababa,Kera,8.9994,38.7481,cereals and tubers,Maize,KG,actual,Retail,ETB,43.29,0.3092,3,2,agent:2|user:1,published,waga-index-v1,snap_2026-07-25T06_v1
2026-07-09,Addis Ababa,Addis Ababa,Kera,8.9994,38.7481,vegetables and fruits,Onion,KG,actual,Retail,ETB,,,0,0,,insufficient_data,waga-index-v1,snap_2026-07-25T06_v1
2026-07-09,Addis Ababa,Addis Ababa,Kera,8.9994,38.7481,oil and fats,Cooking oil,L,actual,Retail,ETB,188.59,1.3471,9,6,agent:7|user:2,published,waga-index-v1,snap_2026-07-25T06_v1
2026-07-09,Addis Ababa,Addis Ababa,Shola Gebeya,9.0244,38.7986,cereals and tubers,Teff (mixed),KG,actual,Retail,ETB,107.66,0.7690,4,3,agent:3|user:1,published,waga-index-v1,snap_2026-07-25T06_v1
2026-07-09,Addis Ababa,Addis Ababa,Shola Gebeya,9.0244,38.7986,cereals and tubers,Wheat,KG,actual,Retail,ETB,68.23,0.4874,8,5,agent:6|user:2,published,waga-index-v1,snap_2026-07-25T06_v1
2026-07-09,Addis Ababa,Addis Ababa,Shola Gebeya,9.0244,38.7986,cereals and tubers,Maize,KG,actual,Retail,ETB,44.11,0.3151,8,5,agent:6|user:2,published,waga-index-v1,snap_2026-07-25T06_v1
2026-07-09,Addis Ababa,Addis Ababa,Shola Gebeya,9.0244,38.7986,vegetables and fruits,Onion,KG,actual,Retail,ETB,51.28,0.3663,4,3,agent:3|user:1,published,waga-index-v1,snap_2026-07-25T06_v1
2026-07-09,Addis Ababa,Addis Ababa,Shola Gebeya,9.0244,38.7986,oil and fats,Cooking oil,L,actual,Retail,ETB,188.05,1.3432,8,5,agent:6|user:2,published,waga-index-v1,snap_2026-07-25T06_v1
2026-07-09,Addis Ababa,Addis Ababa,Piazza,9.0356,38.7522,cereals and tubers,Teff (mixed),KG,actual,Retail,ETB,112.47,0.8034,3,2,agent:2|user:1,published,waga-index-v1,snap_2026-07-25T06_v1
2026-07-09,Addis Ababa,Addis Ababa,Piazza,9.0356,38.7522,cereals and tubers,Wheat,KG,actual,Retail,ETB,70.16,0.5011,6,4,agent:4|user:2,published,waga-index-v1,snap_2026-07-25T06_v1
2026-07-09,Addis Ababa,Addis Ababa,Piazza,9.0356,38.7522,cereals and tubers,Maize,KG,actual,Retail,ETB,44.54,0.3181,5,3,agent:4|user:1,published,waga-index-v1,snap_2026-07-25T06_v1
2026-07-09,Addis Ababa,Addis Ababa,Piazza,9.0356,38.7522,vegetables and fruits,Onion,KG,actual,Retail,ETB,51.13,0.3652,7,5,agent:5|user:2,published,waga-index-v1,snap_2026-07-25T06_v1
2026-07-09,Addis Ababa,Addis Ababa,Piazza,9.0356,38.7522,oil and fats,Cooking oil,L,actual,Retail,ETB,194.36,1.3883,8,5,agent:6|user:2,published,waga-index-v1,snap_2026-07-25T06_v1
2026-07-10,Addis Ababa,Addis Ababa,Merkato,9.0341,38.7395,cereals and tubers,Teff (mixed),KG,actual,Retail,ETB,97.08,0.6934,6,4,agent:4|user:2,published,waga-index-v1,snap_2026-07-25T06_v1
2026-07-10,Addis Ababa,Addis Ababa,Merkato,9.0341,38.7395,cereals and tubers,Wheat,KG,actual,Retail,ETB,58.09,0.4149,8,5,agent:6|user:2,published,waga-index-v1,snap_2026-07-25T06_v1
2026-07-10,Addis Ababa,Addis Ababa,Merkato,9.0341,38.7395,cereals and tubers,Maize,KG,actual,Retail,ETB,38.12,0.2723,6,4,agent:4|user:2,published,waga-index-v1,snap_2026-07-25T06_v1
2026-07-10,Addis Ababa,Addis Ababa,Merkato,9.0341,38.7395,vegetables and fruits,Onion,KG,actual,Retail,ETB,45.74,0.3267,7,5,agent:5|user:2,published,waga-index-v1,snap_2026-07-25T06_v1
2026-07-10,Addis Ababa,Addis Ababa,Merkato,9.0341,38.7395,oil and fats,Cooking oil,L,actual,Retail,ETB,172.13,1.2295,4,3,agent:3|user:1,published,waga-index-v1,snap_2026-07-25T06_v1
2026-07-10,Addis Ababa,Addis Ababa,Ehil Berenda,9.0333,38.7389,cereals and tubers,Teff (mixed),KG,actual,Retail,ETB,91.47,0.6534,8,5,agent:6|user:2,published,waga-index-v1,snap_2026-07-25T06_v1
2026-07-10,Addis Ababa,Addis Ababa,Ehil Berenda,9.0333,38.7389,cereals and tubers,Wheat,KG,actual,Retail,ETB,62.93,0.4495,5,3,agent:4|user:1,published,waga-index-v1,snap_2026-07-25T06_v1
2026-07-10,Addis Ababa,Addis Ababa,Ehil Berenda,9.0333,38.7389,cereals and tubers,Maize,KG,actual,Retail,ETB,41.31,0.2951,4,3,agent:3|user:1,published,waga-index-v1,snap_2026-07-25T06_v1
2026-07-10,Addis Ababa,Addis Ababa,Ehil Berenda,9.0333,38.7389,vegetables and fruits,Onion,KG,actual,Retail,ETB,45.30,0.3236,5,3,agent:4|user:1,published,waga-index-v1,snap_2026-07-25T06_v1
2026-07-10,Addis Ababa,Addis Ababa,Ehil Berenda,9.0333,38.7389,oil and fats,Cooking oil,L,actual,Retail,ETB,175.56,1.2540,6,4,agent:4|user:2,published,waga-index-v1,snap_2026-07-25T06_v1
2026-07-10,Addis Ababa,Addis Ababa,Atikilt Tera,9.03,38.745,cereals and tubers,Teff (mixed),KG,actual,Retail,ETB,100.80,0.7200,4,3,agent:3|user:1,published,waga-index-v1,snap_2026-07-25T06_v1
2026-07-10,Addis Ababa,Addis Ababa,Atikilt Tera,9.03,38.745,cereals and tubers,Wheat,KG,actual,Retail,ETB,,,1,1,agent:1,insufficient_data,waga-index-v1,snap_2026-07-25T06_v1
2026-07-10,Addis Ababa,Addis Ababa,Atikilt Tera,9.03,38.745,cereals and tubers,Maize,KG,actual,Retail,ETB,41.68,0.2977,9,6,agent:7|user:2,published,waga-index-v1,snap_2026-07-25T06_v1
2026-07-10,Addis Ababa,Addis Ababa,Atikilt Tera,9.03,38.745,vegetables and fruits,Onion,KG,actual,Retail,ETB,42.14,0.3010,9,6,agent:7|user:2,published,waga-index-v1,snap_2026-07-25T06_v1
2026-07-10,Addis Ababa,Addis Ababa,Atikilt Tera,9.03,38.745,oil and fats,Cooking oil,L,actual,Retail,ETB,170.38,1.2170,4,3,agent:3|user:1,published,waga-index-v1,snap_2026-07-25T06_v1
2026-07-10,Addis Ababa,Addis Ababa,Asko,9.0489,38.6889,cereals and tubers,Teff (mixed),KG,actual,Retail,ETB,103.23,0.7374,8,5,agent:6|user:2,published,waga-index-v1,snap_2026-07-25T06_v1
2026-07-10,Addis Ababa,Addis Ababa,Asko,9.0489,38.6889,cereals and tubers,Wheat,KG,actual,Retail,ETB,,,2,2,agent:2,insufficient_data,waga-index-v1,snap_2026-07-25T06_v1
2026-07-10,Addis Ababa,Addis Ababa,Asko,9.0489,38.6889,cereals and tubers,Maize,KG,actual,Retail,ETB,41.82,0.2987,9,6,agent:7|user:2,published,waga-index-v1,snap_2026-07-25T06_v1
2026-07-10,Addis Ababa,Addis Ababa,Asko,9.0489,38.6889,vegetables and fruits,Onion,KG,actual,Retail,ETB,47.45,0.3389,6,4,agent:4|user:2,published,waga-index-v1,snap_2026-07-25T06_v1
2026-07-10,Addis Ababa,Addis Ababa,Asko,9.0489,38.6889,oil and fats,Cooking oil,L,actual,Retail,ETB,177.09,1.2649,6,4,agent:4|user:2,published,waga-index-v1,snap_2026-07-25T06_v1
2026-07-10,Addis Ababa,Addis Ababa,Saris,8.9797,38.7622,cereals and tubers,Teff (mixed),KG,actual,Retail,ETB,103.60,0.7400,7,5,agent:5|user:2,published,waga-index-v1,snap_2026-07-25T06_v1
2026-07-10,Addis Ababa,Addis Ababa,Saris,8.9797,38.7622,cereals and tubers,Wheat,KG,actual,Retail,ETB,63.56,0.4540,7,5,agent:5|user:2,published,waga-index-v1,snap_2026-07-25T06_v1
2026-07-10,Addis Ababa,Addis Ababa,Saris,8.9797,38.7622,cereals and tubers,Maize,KG,actual,Retail,ETB,42.50,0.3036,3,2,agent:2|user:1,published,waga-index-v1,snap_2026-07-25T06_v1
2026-07-10,Addis Ababa,Addis Ababa,Saris,8.9797,38.7622,vegetables and fruits,Onion,KG,actual,Retail,ETB,47.60,0.3400,5,3,agent:4|user:1,published,waga-index-v1,snap_2026-07-25T06_v1
2026-07-10,Addis Ababa,Addis Ababa,Saris,8.9797,38.7622,oil and fats,Cooking oil,L,actual,Retail,ETB,183.14,1.3081,3,2,agent:2|user:1,published,waga-index-v1,snap_2026-07-25T06_v1
2026-07-10,Addis Ababa,Addis Ababa,Akaki,8.8939,38.8069,cereals and tubers,Teff (mixed),KG,actual,Retail,ETB,105.23,0.7516,6,4,agent:4|user:2,published,waga-index-v1,snap_2026-07-25T06_v1
2026-07-10,Addis Ababa,Addis Ababa,Akaki,8.8939,38.8069,cereals and tubers,Wheat,KG,actual,Retail,ETB,64.14,0.4581,5,3,agent:4|user:1,published,waga-index-v1,snap_2026-07-25T06_v1
2026-07-10,Addis Ababa,Addis Ababa,Akaki,8.8939,38.8069,cereals and tubers,Maize,KG,actual,Retail,ETB,43.19,0.3085,6,4,agent:4|user:2,published,waga-index-v1,snap_2026-07-25T06_v1
2026-07-10,Addis Ababa,Addis Ababa,Akaki,8.8939,38.8069,vegetables and fruits,Onion,KG,actual,Retail,ETB,48.33,0.3452,9,6,agent:7|user:2,published,waga-index-v1,snap_2026-07-25T06_v1
2026-07-10,Addis Ababa,Addis Ababa,Akaki,8.8939,38.8069,oil and fats,Cooking oil,L,actual,Retail,ETB,179.03,1.2788,6,4,agent:4|user:2,published,waga-index-v1,snap_2026-07-25T06_v1
2026-07-10,Addis Ababa,Addis Ababa,Kera,8.9994,38.7481,cereals and tubers,Teff (mixed),KG,actual,Retail,ETB,105.47,0.7534,9,6,agent:7|user:2,published,waga-index-v1,snap_2026-07-25T06_v1
2026-07-10,Addis Ababa,Addis Ababa,Kera,8.9994,38.7481,cereals and tubers,Wheat,KG,actual,Retail,ETB,67.58,0.4827,3,2,agent:2|user:1,published,waga-index-v1,snap_2026-07-25T06_v1
2026-07-10,Addis Ababa,Addis Ababa,Kera,8.9994,38.7481,cereals and tubers,Maize,KG,actual,Retail,ETB,43.11,0.3079,5,3,agent:4|user:1,published,waga-index-v1,snap_2026-07-25T06_v1
2026-07-10,Addis Ababa,Addis Ababa,Kera,8.9994,38.7481,vegetables and fruits,Onion,KG,actual,Retail,ETB,48.88,0.3491,3,2,agent:2|user:1,published,waga-index-v1,snap_2026-07-25T06_v1
2026-07-10,Addis Ababa,Addis Ababa,Kera,8.9994,38.7481,oil and fats,Cooking oil,L,actual,Retail,ETB,191.43,1.3674,4,3,agent:3|user:1,published,waga-index-v1,snap_2026-07-25T06_v1
2026-07-10,Addis Ababa,Addis Ababa,Shola Gebeya,9.0244,38.7986,cereals and tubers,Teff (mixed),KG,actual,Retail,ETB,107.96,0.7711,9,6,agent:7|user:2,published,waga-index-v1,snap_2026-07-25T06_v1
2026-07-10,Addis Ababa,Addis Ababa,Shola Gebeya,9.0244,38.7986,cereals and tubers,Wheat,KG,actual,Retail,ETB,67.89,0.4849,7,5,agent:5|user:2,published,waga-index-v1,snap_2026-07-25T06_v1
2026-07-10,Addis Ababa,Addis Ababa,Shola Gebeya,9.0244,38.7986,cereals and tubers,Maize,KG,actual,Retail,ETB,43.90,0.3136,5,3,agent:4|user:1,published,waga-index-v1,snap_2026-07-25T06_v1
2026-07-10,Addis Ababa,Addis Ababa,Shola Gebeya,9.0244,38.7986,vegetables and fruits,Onion,KG,actual,Retail,ETB,51.37,0.3669,8,5,agent:6|user:2,published,waga-index-v1,snap_2026-07-25T06_v1
2026-07-10,Addis Ababa,Addis Ababa,Shola Gebeya,9.0244,38.7986,oil and fats,Cooking oil,L,actual,Retail,ETB,190.40,1.3600,4,3,agent:3|user:1,published,waga-index-v1,snap_2026-07-25T06_v1
2026-07-10,Addis Ababa,Addis Ababa,Piazza,9.0356,38.7522,cereals and tubers,Teff (mixed),KG,actual,Retail,ETB,113.21,0.8086,6,4,agent:4|user:2,published,waga-index-v1,snap_2026-07-25T06_v1
2026-07-10,Addis Ababa,Addis Ababa,Piazza,9.0356,38.7522,cereals and tubers,Wheat,KG,actual,Retail,ETB,70.24,0.5017,5,3,agent:4|user:1,published,waga-index-v1,snap_2026-07-25T06_v1
2026-07-10,Addis Ababa,Addis Ababa,Piazza,9.0356,38.7522,cereals and tubers,Maize,KG,actual,Retail,ETB,44.63,0.3188,8,5,agent:6|user:2,published,waga-index-v1,snap_2026-07-25T06_v1
2026-07-10,Addis Ababa,Addis Ababa,Piazza,9.0356,38.7522,vegetables and fruits,Onion,KG,actual,Retail,ETB,51.21,0.3658,7,5,agent:5|user:2,published,waga-index-v1,snap_2026-07-25T06_v1
2026-07-10,Addis Ababa,Addis Ababa,Piazza,9.0356,38.7522,oil and fats,Cooking oil,L,actual,Retail,ETB,195.96,1.3997,9,6,agent:7|user:2,published,waga-index-v1,snap_2026-07-25T06_v1
2026-07-11,Addis Ababa,Addis Ababa,Merkato,9.0341,38.7395,cereals and tubers,Teff (mixed),KG,actual,Retail,ETB,98.74,0.7053,9,6,agent:7|user:2,published,waga-index-v1,snap_2026-07-25T06_v1
2026-07-11,Addis Ababa,Addis Ababa,Merkato,9.0341,38.7395,cereals and tubers,Wheat,KG,actual,Retail,ETB,57.43,0.4102,4,3,agent:3|user:1,published,waga-index-v1,snap_2026-07-25T06_v1
2026-07-11,Addis Ababa,Addis Ababa,Merkato,9.0341,38.7395,cereals and tubers,Maize,KG,actual,Retail,ETB,38.01,0.2715,8,5,agent:6|user:2,published,waga-index-v1,snap_2026-07-25T06_v1
2026-07-11,Addis Ababa,Addis Ababa,Merkato,9.0341,38.7395,vegetables and fruits,Onion,KG,actual,Retail,ETB,47.23,0.3374,7,5,agent:5|user:2,published,waga-index-v1,snap_2026-07-25T06_v1
2026-07-11,Addis Ababa,Addis Ababa,Merkato,9.0341,38.7395,oil and fats,Cooking oil,L,actual,Retail,ETB,175.91,1.2565,5,3,agent:4|user:1,published,waga-index-v1,snap_2026-07-25T06_v1
2026-07-11,Addis Ababa,Addis Ababa,Ehil Berenda,9.0333,38.7389,cereals and tubers,Teff (mixed),KG,actual,Retail,ETB,93.10,0.6650,7,5,agent:5|user:2,published,waga-index-v1,snap_2026-07-25T06_v1
2026-07-11,Addis Ababa,Addis Ababa,Ehil Berenda,9.0333,38.7389,cereals and tubers,Wheat,KG,actual,Retail,ETB,,,2,2,agent:2,insufficient_data,waga-index-v1,snap_2026-07-25T06_v1
2026-07-11,Addis Ababa,Addis Ababa,Ehil Berenda,9.0333,38.7389,cereals and tubers,Maize,KG,actual,Retail,ETB,41.66,0.2976,7,5,agent:5|user:2,published,waga-index-v1,snap_2026-07-25T06_v1
2026-07-11,Addis Ababa,Addis Ababa,Ehil Berenda,9.0333,38.7389,vegetables and fruits,Onion,KG,actual,Retail,ETB,46.39,0.3314,8,5,agent:6|user:2,published,waga-index-v1,snap_2026-07-25T06_v1
2026-07-11,Addis Ababa,Addis Ababa,Ehil Berenda,9.0333,38.7389,oil and fats,Cooking oil,L,actual,Retail,ETB,176.14,1.2581,8,5,agent:6|user:2,published,waga-index-v1,snap_2026-07-25T06_v1
2026-07-11,Addis Ababa,Addis Ababa,Atikilt Tera,9.03,38.745,cereals and tubers,Teff (mixed),KG,actual,Retail,ETB,100.27,0.7162,4,3,agent:3|user:1,published,waga-index-v1,snap_2026-07-25T06_v1
2026-07-11,Addis Ababa,Addis Ababa,Atikilt Tera,9.03,38.745,cereals and tubers,Wheat,KG,actual,Retail,ETB,61.82,0.4416,7,5,agent:5|user:2,published,waga-index-v1,snap_2026-07-25T06_v1
2026-07-11,Addis Ababa,Addis Ababa,Atikilt Tera,9.03,38.745,cereals and tubers,Maize,KG,actual,Retail,ETB,41.73,0.2981,7,5,agent:5|user:2,published,waga-index-v1,snap_2026-07-25T06_v1
2026-07-11,Addis Ababa,Addis Ababa,Atikilt Tera,9.03,38.745,vegetables and fruits,Onion,KG,actual,Retail,ETB,42.84,0.3060,6,4,agent:4|user:2,published,waga-index-v1,snap_2026-07-25T06_v1
2026-07-11,Addis Ababa,Addis Ababa,Atikilt Tera,9.03,38.745,oil and fats,Cooking oil,L,actual,Retail,ETB,169.50,1.2107,9,6,agent:7|user:2,published,waga-index-v1,snap_2026-07-25T06_v1
2026-07-11,Addis Ababa,Addis Ababa,Asko,9.0489,38.6889,cereals and tubers,Teff (mixed),KG,actual,Retail,ETB,103.88,0.7420,7,5,agent:5|user:2,published,waga-index-v1,snap_2026-07-25T06_v1
2026-07-11,Addis Ababa,Addis Ababa,Asko,9.0489,38.6889,cereals and tubers,Wheat,KG,actual,Retail,ETB,64.57,0.4612,8,5,agent:6|user:2,published,waga-index-v1,snap_2026-07-25T06_v1
2026-07-11,Addis Ababa,Addis Ababa,Asko,9.0489,38.6889,cereals and tubers,Maize,KG,actual,Retail,ETB,42.08,0.3006,8,5,agent:6|user:2,published,waga-index-v1,snap_2026-07-25T06_v1
2026-07-11,Addis Ababa,Addis Ababa,Asko,9.0489,38.6889,vegetables and fruits,Onion,KG,actual,Retail,ETB,47.58,0.3399,3,2,agent:2|user:1,published,waga-index-v1,snap_2026-07-25T06_v1
2026-07-11,Addis Ababa,Addis Ababa,Asko,9.0489,38.6889,oil and fats,Cooking oil,L,actual,Retail,ETB,178.89,1.2778,3,2,agent:2|user:1,published,waga-index-v1,snap_2026-07-25T06_v1
2026-07-11,Addis Ababa,Addis Ababa,Saris,8.9797,38.7622,cereals and tubers,Teff (mixed),KG,actual,Retail,ETB,103.31,0.7379,4,3,agent:3|user:1,published,waga-index-v1,snap_2026-07-25T06_v1
2026-07-11,Addis Ababa,Addis Ababa,Saris,8.9797,38.7622,cereals and tubers,Wheat,KG,actual,Retail,ETB,63.75,0.4554,7,5,agent:5|user:2,published,waga-index-v1,snap_2026-07-25T06_v1
2026-07-11,Addis Ababa,Addis Ababa,Saris,8.9797,38.7622,cereals and tubers,Maize,KG,actual,Retail,ETB,42.37,0.3026,6,4,agent:4|user:2,published,waga-index-v1,snap_2026-07-25T06_v1
2026-07-11,Addis Ababa,Addis Ababa,Saris,8.9797,38.7622,vegetables and fruits,Onion,KG,actual,Retail,ETB,49.07,0.3505,9,6,agent:7|user:2,published,waga-index-v1,snap_2026-07-25T06_v1
2026-07-11,Addis Ababa,Addis Ababa,Saris,8.9797,38.7622,oil and fats,Cooking oil,L,actual,Retail,ETB,,,2,2,agent:2,insufficient_data,waga-index-v1,snap_2026-07-25T06_v1
2026-07-11,Addis Ababa,Addis Ababa,Akaki,8.8939,38.8069,cereals and tubers,Teff (mixed),KG,actual,Retail,ETB,105.67,0.7548,6,4,agent:4|user:2,published,waga-index-v1,snap_2026-07-25T06_v1
2026-07-11,Addis Ababa,Addis Ababa,Akaki,8.8939,38.8069,cereals and tubers,Wheat,KG,actual,Retail,ETB,63.77,0.4555,3,2,agent:2|user:1,published,waga-index-v1,snap_2026-07-25T06_v1
2026-07-11,Addis Ababa,Addis Ababa,Akaki,8.8939,38.8069,cereals and tubers,Maize,KG,actual,Retail,ETB,43.31,0.3094,4,3,agent:3|user:1,published,waga-index-v1,snap_2026-07-25T06_v1
2026-07-11,Addis Ababa,Addis Ababa,Akaki,8.8939,38.8069,vegetables and fruits,Onion,KG,actual,Retail,ETB,49.19,0.3514,3,2,agent:2|user:1,published,waga-index-v1,snap_2026-07-25T06_v1
2026-07-11,Addis Ababa,Addis Ababa,Akaki,8.8939,38.8069,oil and fats,Cooking oil,L,actual,Retail,ETB,181.82,1.2987,5,3,agent:4|user:1,published,waga-index-v1,snap_2026-07-25T06_v1
2026-07-11,Addis Ababa,Addis Ababa,Kera,8.9994,38.7481,cereals and tubers,Teff (mixed),KG,actual,Retail,ETB,106.66,0.7619,5,3,agent:4|user:1,published,waga-index-v1,snap_2026-07-25T06_v1
2026-07-11,Addis Ababa,Addis Ababa,Kera,8.9994,38.7481,cereals and tubers,Wheat,KG,actual,Retail,ETB,67.61,0.4829,8,5,agent:6|user:2,published,waga-index-v1,snap_2026-07-25T06_v1
2026-07-11,Addis Ababa,Addis Ababa,Kera,8.9994,38.7481,cereals and tubers,Maize,KG,actual,Retail,ETB,43.01,0.3072,6,4,agent:4|user:2,published,waga-index-v1,snap_2026-07-25T06_v1
2026-07-11,Addis Ababa,Addis Ababa,Kera,8.9994,38.7481,vegetables and fruits,Onion,KG,actual,Retail,ETB,49.41,0.3529,3,2,agent:2|user:1,published,waga-index-v1,snap_2026-07-25T06_v1
2026-07-11,Addis Ababa,Addis Ababa,Kera,8.9994,38.7481,oil and fats,Cooking oil,L,actual,Retail,ETB,192.56,1.3754,9,6,agent:7|user:2,published,waga-index-v1,snap_2026-07-25T06_v1
2026-07-11,Addis Ababa,Addis Ababa,Shola Gebeya,9.0244,38.7986,cereals and tubers,Teff (mixed),KG,actual,Retail,ETB,,,0,0,,insufficient_data,waga-index-v1,snap_2026-07-25T06_v1
2026-07-11,Addis Ababa,Addis Ababa,Shola Gebeya,9.0244,38.7986,cereals and tubers,Wheat,KG,actual,Retail,ETB,67.16,0.4797,9,6,agent:7|user:2,published,waga-index-v1,snap_2026-07-25T06_v1
2026-07-11,Addis Ababa,Addis Ababa,Shola Gebeya,9.0244,38.7986,cereals and tubers,Maize,KG,actual,Retail,ETB,44.12,0.3151,4,3,agent:3|user:1,published,waga-index-v1,snap_2026-07-25T06_v1
2026-07-11,Addis Ababa,Addis Ababa,Shola Gebeya,9.0244,38.7986,vegetables and fruits,Onion,KG,actual,Retail,ETB,52.32,0.3737,5,3,agent:4|user:1,published,waga-index-v1,snap_2026-07-25T06_v1
2026-07-11,Addis Ababa,Addis Ababa,Shola Gebeya,9.0244,38.7986,oil and fats,Cooking oil,L,actual,Retail,ETB,195.51,1.3965,8,5,agent:6|user:2,published,waga-index-v1,snap_2026-07-25T06_v1
2026-07-11,Addis Ababa,Addis Ababa,Piazza,9.0356,38.7522,cereals and tubers,Teff (mixed),KG,actual,Retail,ETB,113.18,0.8084,8,5,agent:6|user:2,published,waga-index-v1,snap_2026-07-25T06_v1
2026-07-11,Addis Ababa,Addis Ababa,Piazza,9.0356,38.7522,cereals and tubers,Wheat,KG,actual,Retail,ETB,70.52,0.5037,3,2,agent:2|user:1,published,waga-index-v1,snap_2026-07-25T06_v1
2026-07-11,Addis Ababa,Addis Ababa,Piazza,9.0356,38.7522,cereals and tubers,Maize,KG,actual,Retail,ETB,44.93,0.3209,3,2,agent:2|user:1,published,waga-index-v1,snap_2026-07-25T06_v1
2026-07-11,Addis Ababa,Addis Ababa,Piazza,9.0356,38.7522,vegetables and fruits,Onion,KG,actual,Retail,ETB,,,1,1,agent:1,insufficient_data,waga-index-v1,snap_2026-07-25T06_v1
2026-07-11,Addis Ababa,Addis Ababa,Piazza,9.0356,38.7522,oil and fats,Cooking oil,L,actual,Retail,ETB,199.78,1.4270,9,6,agent:7|user:2,published,waga-index-v1,snap_2026-07-25T06_v1
2026-07-12,Addis Ababa,Addis Ababa,Merkato,9.0341,38.7395,cereals and tubers,Teff (mixed),KG,actual,Retail,ETB,100.83,0.7202,6,4,agent:4|user:2,published,waga-index-v1,snap_2026-07-25T06_v1
2026-07-12,Addis Ababa,Addis Ababa,Merkato,9.0341,38.7395,cereals and tubers,Wheat,KG,actual,Retail,ETB,58.26,0.4161,5,3,agent:4|user:1,published,waga-index-v1,snap_2026-07-25T06_v1
2026-07-12,Addis Ababa,Addis Ababa,Merkato,9.0341,38.7395,cereals and tubers,Maize,KG,actual,Retail,ETB,38.11,0.2722,7,5,agent:5|user:2,published,waga-index-v1,snap_2026-07-25T06_v1
2026-07-12,Addis Ababa,Addis Ababa,Merkato,9.0341,38.7395,vegetables and fruits,Onion,KG,actual,Retail,ETB,47.67,0.3405,5,3,agent:4|user:1,published,waga-index-v1,snap_2026-07-25T06_v1
2026-07-12,Addis Ababa,Addis Ababa,Merkato,9.0341,38.7395,oil and fats,Cooking oil,L,actual,Retail,ETB,174.61,1.2472,5,3,agent:4|user:1,published,waga-index-v1,snap_2026-07-25T06_v1
2026-07-12,Addis Ababa,Addis Ababa,Ehil Berenda,9.0333,38.7389,cereals and tubers,Teff (mixed),KG,actual,Retail,ETB,93.74,0.6696,5,3,agent:4|user:1,published,waga-index-v1,snap_2026-07-25T06_v1
2026-07-12,Addis Ababa,Addis Ababa,Ehil Berenda,9.0333,38.7389,cereals and tubers,Wheat,KG,actual,Retail,ETB,62.98,0.4499,7,5,agent:5|user:2,published,waga-index-v1,snap_2026-07-25T06_v1
2026-07-12,Addis Ababa,Addis Ababa,Ehil Berenda,9.0333,38.7389,cereals and tubers,Maize,KG,actual,Retail,ETB,41.79,0.2985,5,3,agent:4|user:1,published,waga-index-v1,snap_2026-07-25T06_v1
2026-07-12,Addis Ababa,Addis Ababa,Ehil Berenda,9.0333,38.7389,vegetables and fruits,Onion,KG,actual,Retail,ETB,47.58,0.3399,7,5,agent:5|user:2,published,waga-index-v1,snap_2026-07-25T06_v1
2026-07-12,Addis Ababa,Addis Ababa,Ehil Berenda,9.0333,38.7389,oil and fats,Cooking oil,L,actual,Retail,ETB,179.09,1.2792,5,3,agent:4|user:1,published,waga-index-v1,snap_2026-07-25T06_v1
2026-07-12,Addis Ababa,Addis Ababa,Atikilt Tera,9.03,38.745,cereals and tubers,Teff (mixed),KG,actual,Retail,ETB,101.56,0.7254,4,3,agent:3|user:1,published,waga-index-v1,snap_2026-07-25T06_v1
2026-07-12,Addis Ababa,Addis Ababa,Atikilt Tera,9.03,38.745,cereals and tubers,Wheat,KG,actual,Retail,ETB,62.01,0.4429,5,3,agent:4|user:1,published,waga-index-v1,snap_2026-07-25T06_v1
2026-07-12,Addis Ababa,Addis Ababa,Atikilt Tera,9.03,38.745,cereals and tubers,Maize,KG,actual,Retail,ETB,41.28,0.2949,6,4,agent:4|user:2,published,waga-index-v1,snap_2026-07-25T06_v1
2026-07-12,Addis Ababa,Addis Ababa,Atikilt Tera,9.03,38.745,vegetables and fruits,Onion,KG,actual,Retail,ETB,43.06,0.3076,8,5,agent:6|user:2,published,waga-index-v1,snap_2026-07-25T06_v1
2026-07-12,Addis Ababa,Addis Ababa,Atikilt Tera,9.03,38.745,oil and fats,Cooking oil,L,actual,Retail,ETB,172.71,1.2336,8,5,agent:6|user:2,published,waga-index-v1,snap_2026-07-25T06_v1
2026-07-12,Addis Ababa,Addis Ababa,Asko,9.0489,38.6889,cereals and tubers,Teff (mixed),KG,actual,Retail,ETB,105.42,0.7530,9,6,agent:7|user:2,published,waga-index-v1,snap_2026-07-25T06_v1
2026-07-12,Addis Ababa,Addis Ababa,Asko,9.0489,38.6889,cereals and tubers,Wheat,KG,actual,Retail,ETB,64.35,0.4596,7,5,agent:5|user:2,published,waga-index-v1,snap_2026-07-25T06_v1
2026-07-12,Addis Ababa,Addis Ababa,Asko,9.0489,38.6889,cereals and tubers,Maize,KG,actual,Retail,ETB,41.65,0.2975,3,2,agent:2|user:1,published,waga-index-v1,snap_2026-07-25T06_v1
2026-07-12,Addis Ababa,Addis Ababa,Asko,9.0489,38.6889,vegetables and fruits,Onion,KG,actual,Retail,ETB,49.17,0.3512,9,6,agent:7|user:2,published,waga-index-v1,snap_2026-07-25T06_v1
2026-07-12,Addis Ababa,Addis Ababa,Asko,9.0489,38.6889,oil and fats,Cooking oil,L,actual,Retail,ETB,180.48,1.2891,9,6,agent:7|user:2,published,waga-index-v1,snap_2026-07-25T06_v1
2026-07-12,Addis Ababa,Addis Ababa,Saris,8.9797,38.7622,cereals and tubers,Teff (mixed),KG,actual,Retail,ETB,,,2,2,agent:2,insufficient_data,waga-index-v1,snap_2026-07-25T06_v1
2026-07-12,Addis Ababa,Addis Ababa,Saris,8.9797,38.7622,cereals and tubers,Wheat,KG,actual,Retail,ETB,64.05,0.4575,7,5,agent:5|user:2,published,waga-index-v1,snap_2026-07-25T06_v1
2026-07-12,Addis Ababa,Addis Ababa,Saris,8.9797,38.7622,cereals and tubers,Maize,KG,actual,Retail,ETB,42.86,0.3061,9,6,agent:7|user:2,published,waga-index-v1,snap_2026-07-25T06_v1
2026-07-12,Addis Ababa,Addis Ababa,Saris,8.9797,38.7622,vegetables and fruits,Onion,KG,actual,Retail,ETB,49.48,0.3534,3,2,agent:2|user:1,published,waga-index-v1,snap_2026-07-25T06_v1
2026-07-12,Addis Ababa,Addis Ababa,Saris,8.9797,38.7622,oil and fats,Cooking oil,L,actual,Retail,ETB,185.11,1.3222,3,2,agent:2|user:1,published,waga-index-v1,snap_2026-07-25T06_v1
2026-07-12,Addis Ababa,Addis Ababa,Akaki,8.8939,38.8069,cereals and tubers,Teff (mixed),KG,actual,Retail,ETB,105.32,0.7523,4,3,agent:3|user:1,published,waga-index-v1,snap_2026-07-25T06_v1
2026-07-12,Addis Ababa,Addis Ababa,Akaki,8.8939,38.8069,cereals and tubers,Wheat,KG,actual,Retail,ETB,64.00,0.4571,6,4,agent:4|user:2,published,waga-index-v1,snap_2026-07-25T06_v1
2026-07-12,Addis Ababa,Addis Ababa,Akaki,8.8939,38.8069,cereals and tubers,Maize,KG,actual,Retail,ETB,42.80,0.3057,5,3,agent:4|user:1,published,waga-index-v1,snap_2026-07-25T06_v1
2026-07-12,Addis Ababa,Addis Ababa,Akaki,8.8939,38.8069,vegetables and fruits,Onion,KG,actual,Retail,ETB,49.50,0.3536,4,3,agent:3|user:1,published,waga-index-v1,snap_2026-07-25T06_v1
2026-07-12,Addis Ababa,Addis Ababa,Akaki,8.8939,38.8069,oil and fats,Cooking oil,L,actual,Retail,ETB,184.80,1.3200,8,5,agent:6|user:2,published,waga-index-v1,snap_2026-07-25T06_v1
2026-07-12,Addis Ababa,Addis Ababa,Kera,8.9994,38.7481,cereals and tubers,Teff (mixed),KG,actual,Retail,ETB,105.90,0.7564,4,3,agent:3|user:1,published,waga-index-v1,snap_2026-07-25T06_v1
2026-07-12,Addis Ababa,Addis Ababa,Kera,8.9994,38.7481,cereals and tubers,Wheat,KG,actual,Retail,ETB,67.44,0.4817,6,4,agent:4|user:2,published,waga-index-v1,snap_2026-07-25T06_v1
2026-07-12,Addis Ababa,Addis Ababa,Kera,8.9994,38.7481,cereals and tubers,Maize,KG,actual,Retail,ETB,42.59,0.3042,3,2,agent:2|user:1,published,waga-index-v1,snap_2026-07-25T06_v1
2026-07-12,Addis Ababa,Addis Ababa,Kera,8.9994,38.7481,vegetables and fruits,Onion,KG,actual,Retail,ETB,,,1,1,agent:1,insufficient_data,waga-index-v1,snap_2026-07-25T06_v1
2026-07-12,Addis Ababa,Addis Ababa,Kera,8.9994,38.7481,oil and fats,Cooking oil,L,actual,Retail,ETB,195.68,1.3977,9,6,agent:7|user:2,published,waga-index-v1,snap_2026-07-25T06_v1
2026-07-12,Addis Ababa,Addis Ababa,Shola Gebeya,9.0244,38.7986,cereals and tubers,Teff (mixed),KG,actual,Retail,ETB,112.46,0.8033,6,4,agent:4|user:2,published,waga-index-v1,snap_2026-07-25T06_v1
2026-07-12,Addis Ababa,Addis Ababa,Shola Gebeya,9.0244,38.7986,cereals and tubers,Wheat,KG,actual,Retail,ETB,67.71,0.4836,7,5,agent:5|user:2,published,waga-index-v1,snap_2026-07-25T06_v1
2026-07-12,Addis Ababa,Addis Ababa,Shola Gebeya,9.0244,38.7986,cereals and tubers,Maize,KG,actual,Retail,ETB,43.73,0.3124,8,5,agent:6|user:2,published,waga-index-v1,snap_2026-07-25T06_v1
2026-07-12,Addis Ababa,Addis Ababa,Shola Gebeya,9.0244,38.7986,vegetables and fruits,Onion,KG,actual,Retail,ETB,52.52,0.3751,5,3,agent:4|user:1,published,waga-index-v1,snap_2026-07-25T06_v1
2026-07-12,Addis Ababa,Addis Ababa,Shola Gebeya,9.0244,38.7986,oil and fats,Cooking oil,L,actual,Retail,ETB,197.73,1.4124,5,3,agent:4|user:1,published,waga-index-v1,snap_2026-07-25T06_v1
2026-07-12,Addis Ababa,Addis Ababa,Piazza,9.0356,38.7522,cereals and tubers,Teff (mixed),KG,actual,Retail,ETB,114.03,0.8145,7,5,agent:5|user:2,published,waga-index-v1,snap_2026-07-25T06_v1
2026-07-12,Addis Ababa,Addis Ababa,Piazza,9.0356,38.7522,cereals and tubers,Wheat,KG,actual,Retail,ETB,71.04,0.5074,7,5,agent:5|user:2,published,waga-index-v1,snap_2026-07-25T06_v1
2026-07-12,Addis Ababa,Addis Ababa,Piazza,9.0356,38.7522,cereals and tubers,Maize,KG,actual,Retail,ETB,45.66,0.3261,5,3,agent:4|user:1,published,waga-index-v1,snap_2026-07-25T06_v1
2026-07-12,Addis Ababa,Addis Ababa,Piazza,9.0356,38.7522,vegetables and fruits,Onion,KG,actual,Retail,ETB,52.45,0.3746,6,4,agent:4|user:2,published,waga-index-v1,snap_2026-07-25T06_v1
2026-07-12,Addis Ababa,Addis Ababa,Piazza,9.0356,38.7522,oil and fats,Cooking oil,L,actual,Retail,ETB,202.96,1.4497,7,5,agent:5|user:2,published,waga-index-v1,snap_2026-07-25T06_v1
2026-07-13,Addis Ababa,Addis Ababa,Merkato,9.0341,38.7395,cereals and tubers,Teff (mixed),KG,actual,Retail,ETB,100.79,0.7199,6,4,agent:4|user:2,published,waga-index-v1,snap_2026-07-25T06_v1
2026-07-13,Addis Ababa,Addis Ababa,Merkato,9.0341,38.7395,cereals and tubers,Wheat,KG,actual,Retail,ETB,58.41,0.4172,5,3,agent:4|user:1,published,waga-index-v1,snap_2026-07-25T06_v1
2026-07-13,Addis Ababa,Addis Ababa,Merkato,9.0341,38.7395,cereals and tubers,Maize,KG,actual,Retail,ETB,38.29,0.2735,5,3,agent:4|user:1,published,waga-index-v1,snap_2026-07-25T06_v1
2026-07-13,Addis Ababa,Addis Ababa,Merkato,9.0341,38.7395,vegetables and fruits,Onion,KG,actual,Retail,ETB,48.28,0.3449,6,4,agent:4|user:2,published,waga-index-v1,snap_2026-07-25T06_v1
2026-07-13,Addis Ababa,Addis Ababa,Merkato,9.0341,38.7395,oil and fats,Cooking oil,L,actual,Retail,ETB,177.32,1.2666,5,3,agent:4|user:1,published,waga-index-v1,snap_2026-07-25T06_v1
2026-07-13,Addis Ababa,Addis Ababa,Ehil Berenda,9.0333,38.7389,cereals and tubers,Teff (mixed),KG,actual,Retail,ETB,94.21,0.6729,8,5,agent:6|user:2,published,waga-index-v1,snap_2026-07-25T06_v1
2026-07-13,Addis Ababa,Addis Ababa,Ehil Berenda,9.0333,38.7389,cereals and tubers,Wheat,KG,actual,Retail,ETB,63.29,0.4521,7,5,agent:5|user:2,published,waga-index-v1,snap_2026-07-25T06_v1
2026-07-13,Addis Ababa,Addis Ababa,Ehil Berenda,9.0333,38.7389,cereals and tubers,Maize,KG,actual,Retail,ETB,41.87,0.2991,8,5,agent:6|user:2,published,waga-index-v1,snap_2026-07-25T06_v1
2026-07-13,Addis Ababa,Addis Ababa,Ehil Berenda,9.0333,38.7389,vegetables and fruits,Onion,KG,actual,Retail,ETB,47.84,0.3417,3,2,agent:2|user:1,published,waga-index-v1,snap_2026-07-25T06_v1
2026-07-13,Addis Ababa,Addis Ababa,Ehil Berenda,9.0333,38.7389,oil and fats,Cooking oil,L,actual,Retail,ETB,178.07,1.2719,6,4,agent:4|user:2,published,waga-index-v1,snap_2026-07-25T06_v1
2026-07-13,Addis Ababa,Addis Ababa,Atikilt Tera,9.03,38.745,cereals and tubers,Teff (mixed),KG,actual,Retail,ETB,102.47,0.7319,4,3,agent:3|user:1,published,waga-index-v1,snap_2026-07-25T06_v1
2026-07-13,Addis Ababa,Addis Ababa,Atikilt Tera,9.03,38.745,cereals and tubers,Wheat,KG,actual,Retail,ETB,62.00,0.4429,6,4,agent:4|user:2,published,waga-index-v1,snap_2026-07-25T06_v1
2026-07-13,Addis Ababa,Addis Ababa,Atikilt Tera,9.03,38.745,cereals and tubers,Maize,KG,actual,Retail,ETB,41.38,0.2956,5,3,agent:4|user:1,published,waga-index-v1,snap_2026-07-25T06_v1
2026-07-13,Addis Ababa,Addis Ababa,Atikilt Tera,9.03,38.745,vegetables and fruits,Onion,KG,actual,Retail,ETB,43.00,0.3071,5,3,agent:4|user:1,published,waga-index-v1,snap_2026-07-25T06_v1
2026-07-13,Addis Ababa,Addis Ababa,Atikilt Tera,9.03,38.745,oil and fats,Cooking oil,L,actual,Retail,ETB,,,2,2,agent:2,insufficient_data,waga-index-v1,snap_2026-07-25T06_v1
2026-07-13,Addis Ababa,Addis Ababa,Asko,9.0489,38.6889,cereals and tubers,Teff (mixed),KG,actual,Retail,ETB,105.97,0.7569,5,3,agent:4|user:1,published,waga-index-v1,snap_2026-07-25T06_v1
2026-07-13,Addis Ababa,Addis Ababa,Asko,9.0489,38.6889,cereals and tubers,Wheat,KG,actual,Retail,ETB,64.78,0.4627,3,2,agent:2|user:1,published,waga-index-v1,snap_2026-07-25T06_v1
2026-07-13,Addis Ababa,Addis Ababa,Asko,9.0489,38.6889,cereals and tubers,Maize,KG,actual,Retail,ETB,42.11,0.3008,6,4,agent:4|user:2,published,waga-index-v1,snap_2026-07-25T06_v1
2026-07-13,Addis Ababa,Addis Ababa,Asko,9.0489,38.6889,vegetables and fruits,Onion,KG,actual,Retail,ETB,49.37,0.3526,5,3,agent:4|user:1,published,waga-index-v1,snap_2026-07-25T06_v1
2026-07-13,Addis Ababa,Addis Ababa,Asko,9.0489,38.6889,oil and fats,Cooking oil,L,actual,Retail,ETB,180.37,1.2884,6,4,agent:4|user:2,published,waga-index-v1,snap_2026-07-25T06_v1
2026-07-13,Addis Ababa,Addis Ababa,Saris,8.9797,38.7622,cereals and tubers,Teff (mixed),KG,actual,Retail,ETB,105.97,0.7569,3,2,agent:2|user:1,published,waga-index-v1,snap_2026-07-25T06_v1
2026-07-13,Addis Ababa,Addis Ababa,Saris,8.9797,38.7622,cereals and tubers,Wheat,KG,actual,Retail,ETB,64.86,0.4633,5,3,agent:4|user:1,published,waga-index-v1,snap_2026-07-25T06_v1
2026-07-13,Addis Ababa,Addis Ababa,Saris,8.9797,38.7622,cereals and tubers,Maize,KG,actual,Retail,ETB,42.90,0.3064,4,3,agent:3|user:1,published,waga-index-v1,snap_2026-07-25T06_v1
2026-07-13,Addis Ababa,Addis Ababa,Saris,8.9797,38.7622,vegetables and fruits,Onion,KG,actual,Retail,ETB,50.00,0.3571,9,6,agent:7|user:2,published,waga-index-v1,snap_2026-07-25T06_v1
2026-07-13,Addis Ababa,Addis Ababa,Saris,8.9797,38.7622,oil and fats,Cooking oil,L,actual,Retail,ETB,184.48,1.3177,8,5,agent:6|user:2,published,waga-index-v1,snap_2026-07-25T06_v1
2026-07-13,Addis Ababa,Addis Ababa,Akaki,8.8939,38.8069,cereals and tubers,Teff (mixed),KG,actual,Retail,ETB,104.65,0.7475,5,3,agent:4|user:1,published,waga-index-v1,snap_2026-07-25T06_v1
2026-07-13,Addis Ababa,Addis Ababa,Akaki,8.8939,38.8069,cereals and tubers,Wheat,KG,actual,Retail,ETB,63.74,0.4553,9,6,agent:7|user:2,published,waga-index-v1,snap_2026-07-25T06_v1
2026-07-13,Addis Ababa,Addis Ababa,Akaki,8.8939,38.8069,cereals and tubers,Maize,KG,actual,Retail,ETB,43.18,0.3084,6,4,agent:4|user:2,published,waga-index-v1,snap_2026-07-25T06_v1
2026-07-13,Addis Ababa,Addis Ababa,Akaki,8.8939,38.8069,vegetables and fruits,Onion,KG,actual,Retail,ETB,49.79,0.3556,7,5,agent:5|user:2,published,waga-index-v1,snap_2026-07-25T06_v1
2026-07-13,Addis Ababa,Addis Ababa,Akaki,8.8939,38.8069,oil and fats,Cooking oil,L,actual,Retail,ETB,188.42,1.3459,7,5,agent:5|user:2,published,waga-index-v1,snap_2026-07-25T06_v1
2026-07-13,Addis Ababa,Addis Ababa,Kera,8.9994,38.7481,cereals and tubers,Teff (mixed),KG,actual,Retail,ETB,106.00,0.7571,5,3,agent:4|user:1,published,waga-index-v1,snap_2026-07-25T06_v1
2026-07-13,Addis Ababa,Addis Ababa,Kera,8.9994,38.7481,cereals and tubers,Wheat,KG,actual,Retail,ETB,67.36,0.4811,9,6,agent:7|user:2,published,waga-index-v1,snap_2026-07-25T06_v1
2026-07-13,Addis Ababa,Addis Ababa,Kera,8.9994,38.7481,cereals and tubers,Maize,KG,actual,Retail,ETB,43.09,0.3078,4,3,agent:3|user:1,published,waga-index-v1,snap_2026-07-25T06_v1
2026-07-13,Addis Ababa,Addis Ababa,Kera,8.9994,38.7481,vegetables and fruits,Onion,KG,actual,Retail,ETB,51.01,0.3644,6,4,agent:4|user:2,published,waga-index-v1,snap_2026-07-25T06_v1
2026-07-13,Addis Ababa,Addis Ababa,Kera,8.9994,38.7481,oil and fats,Cooking oil,L,actual,Retail,ETB,196.23,1.4016,5,3,agent:4|user:1,published,waga-index-v1,snap_2026-07-25T06_v1
2026-07-13,Addis Ababa,Addis Ababa,Shola Gebeya,9.0244,38.7986,cereals and tubers,Teff (mixed),KG,actual,Retail,ETB,113.67,0.8119,4,3,agent:3|user:1,published,waga-index-v1,snap_2026-07-25T06_v1
2026-07-13,Addis Ababa,Addis Ababa,Shola Gebeya,9.0244,38.7986,cereals and tubers,Wheat,KG,actual,Retail,ETB,67.85,0.4846,8,5,agent:6|user:2,published,waga-index-v1,snap_2026-07-25T06_v1
2026-07-13,Addis Ababa,Addis Ababa,Shola Gebeya,9.0244,38.7986,cereals and tubers,Maize,KG,actual,Retail,ETB,44.20,0.3157,3,2,agent:2|user:1,published,waga-index-v1,snap_2026-07-25T06_v1
2026-07-13,Addis Ababa,Addis Ababa,Shola Gebeya,9.0244,38.7986,vegetables and fruits,Onion,KG,actual,Retail,ETB,,,2,2,agent:2,insufficient_data,waga-index-v1,snap_2026-07-25T06_v1
2026-07-13,Addis Ababa,Addis Ababa,Shola Gebeya,9.0244,38.7986,oil and fats,Cooking oil,L,actual,Retail,ETB,198.75,1.4196,3,2,agent:2|user:1,published,waga-index-v1,snap_2026-07-25T06_v1
2026-07-13,Addis Ababa,Addis Ababa,Piazza,9.0356,38.7522,cereals and tubers,Teff (mixed),KG,actual,Retail,ETB,113.12,0.8080,8,5,agent:6|user:2,published,waga-index-v1,snap_2026-07-25T06_v1
2026-07-13,Addis Ababa,Addis Ababa,Piazza,9.0356,38.7522,cereals and tubers,Wheat,KG,actual,Retail,ETB,,,0,0,,insufficient_data,waga-index-v1,snap_2026-07-25T06_v1
2026-07-13,Addis Ababa,Addis Ababa,Piazza,9.0356,38.7522,cereals and tubers,Maize,KG,actual,Retail,ETB,,,0,0,,insufficient_data,waga-index-v1,snap_2026-07-25T06_v1
2026-07-13,Addis Ababa,Addis Ababa,Piazza,9.0356,38.7522,vegetables and fruits,Onion,KG,actual,Retail,ETB,,,0,0,,insufficient_data,waga-index-v1,snap_2026-07-25T06_v1
2026-07-13,Addis Ababa,Addis Ababa,Piazza,9.0356,38.7522,oil and fats,Cooking oil,L,actual,Retail,ETB,204.51,1.4608,9,6,agent:7|user:2,published,waga-index-v1,snap_2026-07-25T06_v1
2026-07-14,Addis Ababa,Addis Ababa,Merkato,9.0341,38.7395,cereals and tubers,Teff (mixed),KG,actual,Retail,ETB,101.40,0.7243,6,4,agent:4|user:2,published,waga-index-v1,snap_2026-07-25T06_v1
2026-07-14,Addis Ababa,Addis Ababa,Merkato,9.0341,38.7395,cereals and tubers,Wheat,KG,actual,Retail,ETB,59.10,0.4221,5,3,agent:4|user:1,published,waga-index-v1,snap_2026-07-25T06_v1
2026-07-14,Addis Ababa,Addis Ababa,Merkato,9.0341,38.7395,cereals and tubers,Maize,KG,actual,Retail,ETB,38.28,0.2734,6,4,agent:4|user:2,published,waga-index-v1,snap_2026-07-25T06_v1
2026-07-14,Addis Ababa,Addis Ababa,Merkato,9.0341,38.7395,vegetables and fruits,Onion,KG,actual,Retail,ETB,48.94,0.3496,7,5,agent:5|user:2,published,waga-index-v1,snap_2026-07-25T06_v1
2026-07-14,Addis Ababa,Addis Ababa,Merkato,9.0341,38.7395,oil and fats,Cooking oil,L,actual,Retail,ETB,179.31,1.2808,8,5,agent:6|user:2,published,waga-index-v1,snap_2026-07-25T06_v1
2026-07-14,Addis Ababa,Addis Ababa,Ehil Berenda,9.0333,38.7389,cereals and tubers,Teff (mixed),KG,actual,Retail,ETB,94.55,0.6754,3,2,agent:2|user:1,published,waga-index-v1,snap_2026-07-25T06_v1
2026-07-14,Addis Ababa,Addis Ababa,Ehil Berenda,9.0333,38.7389,cereals and tubers,Wheat,KG,actual,Retail,ETB,63.76,0.4554,9,6,agent:7|user:2,published,waga-index-v1,snap_2026-07-25T06_v1
2026-07-14,Addis Ababa,Addis Ababa,Ehil Berenda,9.0333,38.7389,cereals and tubers,Maize,KG,actual,Retail,ETB,41.75,0.2982,6,4,agent:4|user:2,published,waga-index-v1,snap_2026-07-25T06_v1
2026-07-14,Addis Ababa,Addis Ababa,Ehil Berenda,9.0333,38.7389,vegetables and fruits,Onion,KG,actual,Retail,ETB,48.29,0.3449,8,5,agent:6|user:2,published,waga-index-v1,snap_2026-07-25T06_v1
2026-07-14,Addis Ababa,Addis Ababa,Ehil Berenda,9.0333,38.7389,oil and fats,Cooking oil,L,actual,Retail,ETB,,,2,2,agent:2,insufficient_data,waga-index-v1,snap_2026-07-25T06_v1
2026-07-14,Addis Ababa,Addis Ababa,Atikilt Tera,9.03,38.745,cereals and tubers,Teff (mixed),KG,actual,Retail,ETB,102.66,0.7333,5,3,agent:4|user:1,published,waga-index-v1,snap_2026-07-25T06_v1
2026-07-14,Addis Ababa,Addis Ababa,Atikilt Tera,9.03,38.745,cereals and tubers,Wheat,KG,actual,Retail,ETB,62.79,0.4485,7,5,agent:5|user:2,published,waga-index-v1,snap_2026-07-25T06_v1
2026-07-14,Addis Ababa,Addis Ababa,Atikilt Tera,9.03,38.745,cereals and tubers,Maize,KG,actual,Retail,ETB,41.38,0.2956,7,5,agent:5|user:2,published,waga-index-v1,snap_2026-07-25T06_v1
2026-07-14,Addis Ababa,Addis Ababa,Atikilt Tera,9.03,38.745,vegetables and fruits,Onion,KG,actual,Retail,ETB,43.27,0.3091,8,5,agent:6|user:2,published,waga-index-v1,snap_2026-07-25T06_v1
2026-07-14,Addis Ababa,Addis Ababa,Atikilt Tera,9.03,38.745,oil and fats,Cooking oil,L,actual,Retail,ETB,171.88,1.2277,8,5,agent:6|user:2,published,waga-index-v1,snap_2026-07-25T06_v1
2026-07-14,Addis Ababa,Addis Ababa,Asko,9.0489,38.6889,cereals and tubers,Teff (mixed),KG,actual,Retail,ETB,105.29,0.7521,8,5,agent:6|user:2,published,waga-index-v1,snap_2026-07-25T06_v1
2026-07-14,Addis Ababa,Addis Ababa,Asko,9.0489,38.6889,cereals and tubers,Wheat,KG,actual,Retail,ETB,65.37,0.4669,7,5,agent:5|user:2,published,waga-index-v1,snap_2026-07-25T06_v1
2026-07-14,Addis Ababa,Addis Ababa,Asko,9.0489,38.6889,cereals and tubers,Maize,KG,actual,Retail,ETB,42.26,0.3019,3,2,agent:2|user:1,published,waga-index-v1,snap_2026-07-25T06_v1
2026-07-14,Addis Ababa,Addis Ababa,Asko,9.0489,38.6889,vegetables and fruits,Onion,KG,actual,Retail,ETB,,,0,0,,insufficient_data,waga-index-v1,snap_2026-07-25T06_v1
2026-07-14,Addis Ababa,Addis Ababa,Asko,9.0489,38.6889,oil and fats,Cooking oil,L,actual,Retail,ETB,182.82,1.3059,6,4,agent:4|user:2,published,waga-index-v1,snap_2026-07-25T06_v1
2026-07-14,Addis Ababa,Addis Ababa,Saris,8.9797,38.7622,cereals and tubers,Teff (mixed),KG,actual,Retail,ETB,107.70,0.7693,3,2,agent:2|user:1,published,waga-index-v1,snap_2026-07-25T06_v1
2026-07-14,Addis Ababa,Addis Ababa,Saris,8.9797,38.7622,cereals and tubers,Wheat,KG,actual,Retail,ETB,64.73,0.4624,6,4,agent:4|user:2,published,waga-index-v1,snap_2026-07-25T06_v1
2026-07-14,Addis Ababa,Addis Ababa,Saris,8.9797,38.7622,cereals and tubers,Maize,KG,actual,Retail,ETB,,,0,0,,insufficient_data,waga-index-v1,snap_2026-07-25T06_v1
2026-07-14,Addis Ababa,Addis Ababa,Saris,8.9797,38.7622,vegetables and fruits,Onion,KG,actual,Retail,ETB,50.37,0.3598,6,4,agent:4|user:2,published,waga-index-v1,snap_2026-07-25T06_v1
2026-07-14,Addis Ababa,Addis Ababa,Saris,8.9797,38.7622,oil and fats,Cooking oil,L,actual,Retail,ETB,186.89,1.3349,8,5,agent:6|user:2,published,waga-index-v1,snap_2026-07-25T06_v1
2026-07-14,Addis Ababa,Addis Ababa,Akaki,8.8939,38.8069,cereals and tubers,Teff (mixed),KG,actual,Retail,ETB,103.72,0.7409,4,3,agent:3|user:1,published,waga-index-v1,snap_2026-07-25T06_v1
2026-07-14,Addis Ababa,Addis Ababa,Akaki,8.8939,38.8069,cereals and tubers,Wheat,KG,actual,Retail,ETB,65.51,0.4679,8,5,agent:6|user:2,published,waga-index-v1,snap_2026-07-25T06_v1
2026-07-14,Addis Ababa,Addis Ababa,Akaki,8.8939,38.8069,cereals and tubers,Maize,KG,actual,Retail,ETB,43.77,0.3126,9,6,agent:7|user:2,published,waga-index-v1,snap_2026-07-25T06_v1
2026-07-14,Addis Ababa,Addis Ababa,Akaki,8.8939,38.8069,vegetables and fruits,Onion,KG,actual,Retail,ETB,50.32,0.3594,4,3,agent:3|user:1,published,waga-index-v1,snap_2026-07-25T06_v1
2026-07-14,Addis Ababa,Addis Ababa,Akaki,8.8939,38.8069,oil and fats,Cooking oil,L,actual,Retail,ETB,188.90,1.3493,4,3,agent:3|user:1,published,waga-index-v1,snap_2026-07-25T06_v1
2026-07-14,Addis Ababa,Addis Ababa,Kera,8.9994,38.7481,cereals and tubers,Teff (mixed),KG,actual,Retail,ETB,,,1,1,agent:1,insufficient_data,waga-index-v1,snap_2026-07-25T06_v1
2026-07-14,Addis Ababa,Addis Ababa,Kera,8.9994,38.7481,cereals and tubers,Wheat,KG,actual,Retail,ETB,66.54,0.4753,5,3,agent:4|user:1,published,waga-index-v1,snap_2026-07-25T06_v1
2026-07-14,Addis Ababa,Addis Ababa,Kera,8.9994,38.7481,cereals and tubers,Maize,KG,actual,Retail,ETB,,,1,1,agent:1,insufficient_data,waga-index-v1,snap_2026-07-25T06_v1
2026-07-14,Addis Ababa,Addis Ababa,Kera,8.9994,38.7481,vegetables and fruits,Onion,KG,actual,Retail,ETB,51.80,0.3700,6,4,agent:4|user:2,published,waga-index-v1,snap_2026-07-25T06_v1
2026-07-14,Addis Ababa,Addis Ababa,Kera,8.9994,38.7481,oil and fats,Cooking oil,L,actual,Retail,ETB,197.02,1.4073,8,5,agent:6|user:2,published,waga-index-v1,snap_2026-07-25T06_v1
2026-07-14,Addis Ababa,Addis Ababa,Shola Gebeya,9.0244,38.7986,cereals and tubers,Teff (mixed),KG,actual,Retail,ETB,114.08,0.8149,7,5,agent:5|user:2,published,waga-index-v1,snap_2026-07-25T06_v1
2026-07-14,Addis Ababa,Addis Ababa,Shola Gebeya,9.0244,38.7986,cereals and tubers,Wheat,KG,actual,Retail,ETB,67.48,0.4820,4,3,agent:3|user:1,published,waga-index-v1,snap_2026-07-25T06_v1
2026-07-14,Addis Ababa,Addis Ababa,Shola Gebeya,9.0244,38.7986,cereals and tubers,Maize,KG,actual,Retail,ETB,44.25,0.3161,3,2,agent:2|user:1,published,waga-index-v1,snap_2026-07-25T06_v1
2026-07-14,Addis Ababa,Addis Ababa,Shola Gebeya,9.0244,38.7986,vegetables and fruits,Onion,KG,actual,Retail,ETB,54.33,0.3881,6,4,agent:4|user:2,published,waga-index-v1,snap_2026-07-25T06_v1
2026-07-14,Addis Ababa,Addis Ababa,Shola Gebeya,9.0244,38.7986,oil and fats,Cooking oil,L,actual,Retail,ETB,,,1,1,agent:1,insufficient_data,waga-index-v1,snap_2026-07-25T06_v1
2026-07-14,Addis Ababa,Addis Ababa,Piazza,9.0356,38.7522,cereals and tubers,Teff (mixed),KG,actual,Retail,ETB,113.69,0.8121,8,5,agent:6|user:2,published,waga-index-v1,snap_2026-07-25T06_v1
2026-07-14,Addis Ababa,Addis Ababa,Piazza,9.0356,38.7522,cereals and tubers,Wheat,KG,actual,Retail,ETB,71.58,0.5113,6,4,agent:4|user:2,published,waga-index-v1,snap_2026-07-25T06_v1
2026-07-14,Addis Ababa,Addis Ababa,Piazza,9.0356,38.7522,cereals and tubers,Maize,KG,actual,Retail,ETB,46.00,0.3286,5,3,agent:4|user:1,published,waga-index-v1,snap_2026-07-25T06_v1
2026-07-14,Addis Ababa,Addis Ababa,Piazza,9.0356,38.7522,vegetables and fruits,Onion,KG,actual,Retail,ETB,53.85,0.3846,6,4,agent:4|user:2,published,waga-index-v1,snap_2026-07-25T06_v1
2026-07-14,Addis Ababa,Addis Ababa,Piazza,9.0356,38.7522,oil and fats,Cooking oil,L,actual,Retail,ETB,202.24,1.4446,5,3,agent:4|user:1,published,waga-index-v1,snap_2026-07-25T06_v1
2026-07-15,Addis Ababa,Addis Ababa,Merkato,9.0341,38.7395,cereals and tubers,Teff (mixed),KG,actual,Retail,ETB,101.80,0.7271,8,5,agent:6|user:2,published,waga-index-v1,snap_2026-07-25T06_v1
2026-07-15,Addis Ababa,Addis Ababa,Merkato,9.0341,38.7395,cereals and tubers,Wheat,KG,actual,Retail,ETB,59.40,0.4243,6,4,agent:4|user:2,published,waga-index-v1,snap_2026-07-25T06_v1
2026-07-15,Addis Ababa,Addis Ababa,Merkato,9.0341,38.7395,cereals and tubers,Maize,KG,actual,Retail,ETB,38.72,0.2766,4,3,agent:3|user:1,published,waga-index-v1,snap_2026-07-25T06_v1
2026-07-15,Addis Ababa,Addis Ababa,Merkato,9.0341,38.7395,vegetables and fruits,Onion,KG,actual,Retail,ETB,49.40,0.3529,6,4,agent:4|user:2,published,waga-index-v1,snap_2026-07-25T06_v1
2026-07-15,Addis Ababa,Addis Ababa,Merkato,9.0341,38.7395,oil and fats,Cooking oil,L,actual,Retail,ETB,182.52,1.3037,9,6,agent:7|user:2,published,waga-index-v1,snap_2026-07-25T06_v1
2026-07-15,Addis Ababa,Addis Ababa,Ehil Berenda,9.0333,38.7389,cereals and tubers,Teff (mixed),KG,actual,Retail,ETB,96.06,0.6861,6,4,agent:4|user:2,published,waga-index-v1,snap_2026-07-25T06_v1
2026-07-15,Addis Ababa,Addis Ababa,Ehil Berenda,9.0333,38.7389,cereals and tubers,Wheat,KG,actual,Retail,ETB,64.10,0.4579,6,4,agent:4|user:2,published,waga-index-v1,snap_2026-07-25T06_v1
2026-07-15,Addis Ababa,Addis Ababa,Ehil Berenda,9.0333,38.7389,cereals and tubers,Maize,KG,actual,Retail,ETB,,,2,2,agent:2,insufficient_data,waga-index-v1,snap_2026-07-25T06_v1
2026-07-15,Addis Ababa,Addis Ababa,Ehil Berenda,9.0333,38.7389,vegetables and fruits,Onion,KG,actual,Retail,ETB,48.76,0.3483,5,3,agent:4|user:1,published,waga-index-v1,snap_2026-07-25T06_v1
2026-07-15,Addis Ababa,Addis Ababa,Ehil Berenda,9.0333,38.7389,oil and fats,Cooking oil,L,actual,Retail,ETB,175.80,1.2557,5,3,agent:4|user:1,published,waga-index-v1,snap_2026-07-25T06_v1
2026-07-15,Addis Ababa,Addis Ababa,Atikilt Tera,9.03,38.745,cereals and tubers,Teff (mixed),KG,actual,Retail,ETB,104.43,0.7459,3,2,agent:2|user:1,published,waga-index-v1,snap_2026-07-25T06_v1
2026-07-15,Addis Ababa,Addis Ababa,Atikilt Tera,9.03,38.745,cereals and tubers,Wheat,KG,actual,Retail,ETB,63.29,0.4521,8,5,agent:6|user:2,published,waga-index-v1,snap_2026-07-25T06_v1
2026-07-15,Addis Ababa,Addis Ababa,Atikilt Tera,9.03,38.745,cereals and tubers,Maize,KG,actual,Retail,ETB,41.82,0.2987,5,3,agent:4|user:1,published,waga-index-v1,snap_2026-07-25T06_v1
2026-07-15,Addis Ababa,Addis Ababa,Atikilt Tera,9.03,38.745,vegetables and fruits,Onion,KG,actual,Retail,ETB,44.16,0.3154,3,2,agent:2|user:1,published,waga-index-v1,snap_2026-07-25T06_v1
2026-07-15,Addis Ababa,Addis Ababa,Atikilt Tera,9.03,38.745,oil and fats,Cooking oil,L,actual,Retail,ETB,171.23,1.2231,5,3,agent:4|user:1,published,waga-index-v1,snap_2026-07-25T06_v1
2026-07-15,Addis Ababa,Addis Ababa,Asko,9.0489,38.6889,cereals and tubers,Teff (mixed),KG,actual,Retail,ETB,106.04,0.7574,7,5,agent:5|user:2,published,waga-index-v1,snap_2026-07-25T06_v1
2026-07-15,Addis Ababa,Addis Ababa,Asko,9.0489,38.6889,cereals and tubers,Wheat,KG,actual,Retail,ETB,65.29,0.4664,9,6,agent:7|user:2,published,waga-index-v1,snap_2026-07-25T06_v1
2026-07-15,Addis Ababa,Addis Ababa,Asko,9.0489,38.6889,cereals and tubers,Maize,KG,actual,Retail,ETB,42.85,0.3061,4,3,agent:3|user:1,published,waga-index-v1,snap_2026-07-25T06_v1
2026-07-15,Addis Ababa,Addis Ababa,Asko,9.0489,38.6889,vegetables and fruits,Onion,KG,actual,Retail,ETB,50.49,0.3606,7,5,agent:5|user:2,published,waga-index-v1,snap_2026-07-25T06_v1
2026-07-15,Addis Ababa,Addis Ababa,Asko,9.0489,38.6889,oil and fats,Cooking oil,L,actual,Retail,ETB,185.86,1.3276,6,4,agent:4|user:2,published,waga-index-v1,snap_2026-07-25T06_v1
2026-07-15,Addis Ababa,Addis Ababa,Saris,8.9797,38.7622,cereals and tubers,Teff (mixed),KG,actual,Retail,ETB,108.30,0.7736,5,3,agent:4|user:1,published,waga-index-v1,snap_2026-07-25T06_v1
2026-07-15,Addis Ababa,Addis Ababa,Saris,8.9797,38.7622,cereals and tubers,Wheat,KG,actual,Retail,ETB,64.42,0.4601,4,3,agent:3|user:1,published,waga-index-v1,snap_2026-07-25T06_v1
2026-07-15,Addis Ababa,Addis Ababa,Saris,8.9797,38.7622,cereals and tubers,Maize,KG,actual,Retail,ETB,43.17,0.3084,3,2,agent:2|user:1,published,waga-index-v1,snap_2026-07-25T06_v1
2026-07-15,Addis Ababa,Addis Ababa,Saris,8.9797,38.7622,vegetables and fruits,Onion,KG,actual,Retail,ETB,50.87,0.3634,8,5,agent:6|user:2,published,waga-index-v1,snap_2026-07-25T06_v1
2026-07-15,Addis Ababa,Addis Ababa,Saris,8.9797,38.7622,oil and fats,Cooking oil,L,actual,Retail,ETB,188.31,1.3451,3,2,agent:2|user:1,published,waga-index-v1,snap_2026-07-25T06_v1
2026-07-15,Addis Ababa,Addis Ababa,Akaki,8.8939,38.8069,cereals and tubers,Teff (mixed),KG,actual,Retail,ETB,104.51,0.7465,4,3,agent:3|user:1,published,waga-index-v1,snap_2026-07-25T06_v1
2026-07-15,Addis Ababa,Addis Ababa,Akaki,8.8939,38.8069,cereals and tubers,Wheat,KG,actual,Retail,ETB,65.38,0.4670,3,2,agent:2|user:1,published,waga-index-v1,snap_2026-07-25T06_v1
2026-07-15,Addis Ababa,Addis Ababa,Akaki,8.8939,38.8069,cereals and tubers,Maize,KG,actual,Retail,ETB,43.53,0.3109,6,4,agent:4|user:2,published,waga-index-v1,snap_2026-07-25T06_v1
2026-07-15,Addis Ababa,Addis Ababa,Akaki,8.8939,38.8069,vegetables and fruits,Onion,KG,actual,Retail,ETB,51.39,0.3671,9,6,agent:7|user:2,published,waga-index-v1,snap_2026-07-25T06_v1
2026-07-15,Addis Ababa,Addis Ababa,Akaki,8.8939,38.8069,oil and fats,Cooking oil,L,actual,Retail,ETB,190.06,1.3576,4,3,agent:3|user:1,published,waga-index-v1,snap_2026-07-25T06_v1
2026-07-15,Addis Ababa,Addis Ababa,Kera,8.9994,38.7481,cereals and tubers,Teff (mixed),KG,actual,Retail,ETB,108.83,0.7774,9,6,agent:7|user:2,published,waga-index-v1,snap_2026-07-25T06_v1
2026-07-15,Addis Ababa,Addis Ababa,Kera,8.9994,38.7481,cereals and tubers,Wheat,KG,actual,Retail,ETB,67.74,0.4839,6,4,agent:4|user:2,published,waga-index-v1,snap_2026-07-25T06_v1
2026-07-15,Addis Ababa,Addis Ababa,Kera,8.9994,38.7481,cereals and tubers,Maize,KG,actual,Retail,ETB,43.34,0.3096,3,2,agent:2|user:1,published,waga-index-v1,snap_2026-07-25T06_v1
2026-07-15,Addis Ababa,Addis Ababa,Kera,8.9994,38.7481,vegetables and fruits,Onion,KG,actual,Retail,ETB,51.95,0.3711,9,6,agent:7|user:2,published,waga-index-v1,snap_2026-07-25T06_v1
2026-07-15,Addis Ababa,Addis Ababa,Kera,8.9994,38.7481,oil and fats,Cooking oil,L,actual,Retail,ETB,198.66,1.4190,9,6,agent:7|user:2,published,waga-index-v1,snap_2026-07-25T06_v1
2026-07-15,Addis Ababa,Addis Ababa,Shola Gebeya,9.0244,38.7986,cereals and tubers,Teff (mixed),KG,actual,Retail,ETB,114.68,0.8191,3,2,agent:2|user:1,published,waga-index-v1,snap_2026-07-25T06_v1
2026-07-15,Addis Ababa,Addis Ababa,Shola Gebeya,9.0244,38.7986,cereals and tubers,Wheat,KG,actual,Retail,ETB,68.54,0.4896,9,6,agent:7|user:2,published,waga-index-v1,snap_2026-07-25T06_v1
2026-07-15,Addis Ababa,Addis Ababa,Shola Gebeya,9.0244,38.7986,cereals and tubers,Maize,KG,actual,Retail,ETB,44.88,0.3206,3,2,agent:2|user:1,published,waga-index-v1,snap_2026-07-25T06_v1
2026-07-15,Addis Ababa,Addis Ababa,Shola Gebeya,9.0244,38.7986,vegetables and fruits,Onion,KG,actual,Retail,ETB,54.87,0.3919,5,3,agent:4|user:1,published,waga-index-v1,snap_2026-07-25T06_v1
2026-07-15,Addis Ababa,Addis Ababa,Shola Gebeya,9.0244,38.7986,oil and fats,Cooking oil,L,actual,Retail,ETB,197.70,1.4121,5,3,agent:4|user:1,published,waga-index-v1,snap_2026-07-25T06_v1
2026-07-15,Addis Ababa,Addis Ababa,Piazza,9.0356,38.7522,cereals and tubers,Teff (mixed),KG,actual,Retail,ETB,116.37,0.8312,3,2,agent:2|user:1,published,waga-index-v1,snap_2026-07-25T06_v1
2026-07-15,Addis Ababa,Addis Ababa,Piazza,9.0356,38.7522,cereals and tubers,Wheat,KG,actual,Retail,ETB,71.85,0.5132,4,3,agent:3|user:1,published,waga-index-v1,snap_2026-07-25T06_v1
2026-07-15,Addis Ababa,Addis Ababa,Piazza,9.0356,38.7522,cereals and tubers,Maize,KG,actual,Retail,ETB,45.96,0.3283,8,5,agent:6|user:2,published,waga-index-v1,snap_2026-07-25T06_v1
2026-07-15,Addis Ababa,Addis Ababa,Piazza,9.0356,38.7522,vegetables and fruits,Onion,KG,actual,Retail,ETB,53.56,0.3826,6,4,agent:4|user:2,published,waga-index-v1,snap_2026-07-25T06_v1
2026-07-15,Addis Ababa,Addis Ababa,Piazza,9.0356,38.7522,oil and fats,Cooking oil,L,actual,Retail,ETB,201.77,1.4412,3,2,agent:2|user:1,published,waga-index-v1,snap_2026-07-25T06_v1
2026-07-16,Addis Ababa,Addis Ababa,Merkato,9.0341,38.7395,cereals and tubers,Teff (mixed),KG,actual,Retail,ETB,102.45,0.7318,5,3,agent:4|user:1,published,waga-index-v1,snap_2026-07-25T06_v1
2026-07-16,Addis Ababa,Addis Ababa,Merkato,9.0341,38.7395,cereals and tubers,Wheat,KG,actual,Retail,ETB,59.06,0.4219,7,5,agent:5|user:2,published,waga-index-v1,snap_2026-07-25T06_v1
2026-07-16,Addis Ababa,Addis Ababa,Merkato,9.0341,38.7395,cereals and tubers,Maize,KG,actual,Retail,ETB,38.83,0.2774,9,6,agent:7|user:2,published,waga-index-v1,snap_2026-07-25T06_v1
2026-07-16,Addis Ababa,Addis Ababa,Merkato,9.0341,38.7395,vegetables and fruits,Onion,KG,actual,Retail,ETB,49.46,0.3533,9,6,agent:7|user:2,published,waga-index-v1,snap_2026-07-25T06_v1
2026-07-16,Addis Ababa,Addis Ababa,Merkato,9.0341,38.7395,oil and fats,Cooking oil,L,actual,Retail,ETB,181.81,1.2986,5,3,agent:4|user:1,published,waga-index-v1,snap_2026-07-25T06_v1
2026-07-16,Addis Ababa,Addis Ababa,Ehil Berenda,9.0333,38.7389,cereals and tubers,Teff (mixed),KG,actual,Retail,ETB,96.58,0.6899,6,4,agent:4|user:2,published,waga-index-v1,snap_2026-07-25T06_v1
2026-07-16,Addis Ababa,Addis Ababa,Ehil Berenda,9.0333,38.7389,cereals and tubers,Wheat,KG,actual,Retail,ETB,64.59,0.4614,4,3,agent:3|user:1,published,waga-index-v1,snap_2026-07-25T06_v1
2026-07-16,Addis Ababa,Addis Ababa,Ehil Berenda,9.0333,38.7389,cereals and tubers,Maize,KG,actual,Retail,ETB,42.21,0.3015,7,5,agent:5|user:2,published,waga-index-v1,snap_2026-07-25T06_v1
2026-07-16,Addis Ababa,Addis Ababa,Ehil Berenda,9.0333,38.7389,vegetables and fruits,Onion,KG,actual,Retail,ETB,48.38,0.3456,6,4,agent:4|user:2,published,waga-index-v1,snap_2026-07-25T06_v1
2026-07-16,Addis Ababa,Addis Ababa,Ehil Berenda,9.0333,38.7389,oil and fats,Cooking oil,L,actual,Retail,ETB,178.71,1.2765,5,3,agent:4|user:1,published,waga-index-v1,snap_2026-07-25T06_v1
2026-07-16,Addis Ababa,Addis Ababa,Atikilt Tera,9.03,38.745,cereals and tubers,Teff (mixed),KG,actual,Retail,ETB,,,0,0,,insufficient_data,waga-index-v1,snap_2026-07-25T06_v1
2026-07-16,Addis Ababa,Addis Ababa,Atikilt Tera,9.03,38.745,cereals and tubers,Wheat,KG,actual,Retail,ETB,63.99,0.4571,8,5,agent:6|user:2,published,waga-index-v1,snap_2026-07-25T06_v1
2026-07-16,Addis Ababa,Addis Ababa,Atikilt Tera,9.03,38.745,cereals and tubers,Maize,KG,actual,Retail,ETB,42.67,0.3048,5,3,agent:4|user:1,published,waga-index-v1,snap_2026-07-25T06_v1
2026-07-16,Addis Ababa,Addis Ababa,Atikilt Tera,9.03,38.745,vegetables and fruits,Onion,KG,actual,Retail,ETB,44.21,0.3158,9,6,agent:7|user:2,published,waga-index-v1,snap_2026-07-25T06_v1
2026-07-16,Addis Ababa,Addis Ababa,Atikilt Tera,9.03,38.745,oil and fats,Cooking oil,L,actual,Retail,ETB,173.76,1.2411,6,4,agent:4|user:2,published,waga-index-v1,snap_2026-07-25T06_v1
2026-07-16,Addis Ababa,Addis Ababa,Asko,9.0489,38.6889,cereals and tubers,Teff (mixed),KG,actual,Retail,ETB,106.60,0.7614,9,6,agent:7|user:2,published,waga-index-v1,snap_2026-07-25T06_v1
2026-07-16,Addis Ababa,Addis Ababa,Asko,9.0489,38.6889,cereals and tubers,Wheat,KG,actual,Retail,ETB,65.63,0.4688,3,2,agent:2|user:1,published,waga-index-v1,snap_2026-07-25T06_v1
2026-07-16,Addis Ababa,Addis Ababa,Asko,9.0489,38.6889,cereals and tubers,Maize,KG,actual,Retail,ETB,42.97,0.3069,3,2,agent:2|user:1,published,waga-index-v1,snap_2026-07-25T06_v1
2026-07-16,Addis Ababa,Addis Ababa,Asko,9.0489,38.6889,vegetables and fruits,Onion,KG,actual,Retail,ETB,49.78,0.3556,8,5,agent:6|user:2,published,waga-index-v1,snap_2026-07-25T06_v1
2026-07-16,Addis Ababa,Addis Ababa,Asko,9.0489,38.6889,oil and fats,Cooking oil,L,actual,Retail,ETB,186.30,1.3307,5,3,agent:4|user:1,published,waga-index-v1,snap_2026-07-25T06_v1
2026-07-16,Addis Ababa,Addis Ababa,Saris,8.9797,38.7622,cereals and tubers,Teff (mixed),KG,actual,Retail,ETB,109.05,0.7789,8,5,agent:6|user:2,published,waga-index-v1,snap_2026-07-25T06_v1
2026-07-16,Addis Ababa,Addis Ababa,Saris,8.9797,38.7622,cereals and tubers,Wheat,KG,actual,Retail,ETB,65.23,0.4659,4,3,agent:3|user:1,published,waga-index-v1,snap_2026-07-25T06_v1
2026-07-16,Addis Ababa,Addis Ababa,Saris,8.9797,38.7622,cereals and tubers,Maize,KG,actual,Retail,ETB,43.57,0.3112,8,5,agent:6|user:2,published,waga-index-v1,snap_2026-07-25T06_v1
2026-07-16,Addis Ababa,Addis Ababa,Saris,8.9797,38.7622,vegetables and fruits,Onion,KG,actual,Retail,ETB,50.84,0.3631,6,4,agent:4|user:2,published,waga-index-v1,snap_2026-07-25T06_v1
2026-07-16,Addis Ababa,Addis Ababa,Saris,8.9797,38.7622,oil and fats,Cooking oil,L,actual,Retail,ETB,188.79,1.3485,4,3,agent:3|user:1,published,waga-index-v1,snap_2026-07-25T06_v1
2026-07-16,Addis Ababa,Addis Ababa,Akaki,8.8939,38.8069,cereals and tubers,Teff (mixed),KG,actual,Retail,ETB,105.35,0.7525,6,4,agent:4|user:2,published,waga-index-v1,snap_2026-07-25T06_v1
2026-07-16,Addis Ababa,Addis Ababa,Akaki,8.8939,38.8069,cereals and tubers,Wheat,KG,actual,Retail,ETB,64.50,0.4607,4,3,agent:3|user:1,published,waga-index-v1,snap_2026-07-25T06_v1
2026-07-16,Addis Ababa,Addis Ababa,Akaki,8.8939,38.8069,cereals and tubers,Maize,KG,actual,Retail,ETB,,,1,1,agent:1,insufficient_data,waga-index-v1,snap_2026-07-25T06_v1
2026-07-16,Addis Ababa,Addis Ababa,Akaki,8.8939,38.8069,vegetables and fruits,Onion,KG,actual,Retail,ETB,,,2,2,agent:2,insufficient_data,waga-index-v1,snap_2026-07-25T06_v1
2026-07-16,Addis Ababa,Addis Ababa,Akaki,8.8939,38.8069,oil and fats,Cooking oil,L,actual,Retail,ETB,192.43,1.3745,3,2,agent:2|user:1,published,waga-index-v1,snap_2026-07-25T06_v1
2026-07-16,Addis Ababa,Addis Ababa,Kera,8.9994,38.7481,cereals and tubers,Teff (mixed),KG,actual,Retail,ETB,108.75,0.7768,6,4,agent:4|user:2,published,waga-index-v1,snap_2026-07-25T06_v1
2026-07-16,Addis Ababa,Addis Ababa,Kera,8.9994,38.7481,cereals and tubers,Wheat,KG,actual,Retail,ETB,67.52,0.4823,8,5,agent:6|user:2,published,waga-index-v1,snap_2026-07-25T06_v1
2026-07-16,Addis Ababa,Addis Ababa,Kera,8.9994,38.7481,cereals and tubers,Maize,KG,actual,Retail,ETB,44.02,0.3144,7,5,agent:5|user:2,published,waga-index-v1,snap_2026-07-25T06_v1
2026-07-16,Addis Ababa,Addis Ababa,Kera,8.9994,38.7481,vegetables and fruits,Onion,KG,actual,Retail,ETB,52.48,0.3749,7,5,agent:5|user:2,published,waga-index-v1,snap_2026-07-25T06_v1
2026-07-16,Addis Ababa,Addis Ababa,Kera,8.9994,38.7481,oil and fats,Cooking oil,L,actual,Retail,ETB,196.81,1.4058,9,6,agent:7|user:2,published,waga-index-v1,snap_2026-07-25T06_v1
2026-07-16,Addis Ababa,Addis Ababa,Shola Gebeya,9.0244,38.7986,cereals and tubers,Teff (mixed),KG,actual,Retail,ETB,114.03,0.8145,7,5,agent:5|user:2,published,waga-index-v1,snap_2026-07-25T06_v1
2026-07-16,Addis Ababa,Addis Ababa,Shola Gebeya,9.0244,38.7986,cereals and tubers,Wheat,KG,actual,Retail,ETB,69.18,0.4941,3,2,agent:2|user:1,published,waga-index-v1,snap_2026-07-25T06_v1
2026-07-16,Addis Ababa,Addis Ababa,Shola Gebeya,9.0244,38.7986,cereals and tubers,Maize,KG,actual,Retail,ETB,45.12,0.3223,7,5,agent:5|user:2,published,waga-index-v1,snap_2026-07-25T06_v1
2026-07-16,Addis Ababa,Addis Ababa,Shola Gebeya,9.0244,38.7986,vegetables and fruits,Onion,KG,actual,Retail,ETB,55.15,0.3939,5,3,agent:4|user:1,published,waga-index-v1,snap_2026-07-25T06_v1
2026-07-16,Addis Ababa,Addis Ababa,Shola Gebeya,9.0244,38.7986,oil and fats,Cooking oil,L,actual,Retail,ETB,197.85,1.4132,5,3,agent:4|user:1,published,waga-index-v1,snap_2026-07-25T06_v1
2026-07-16,Addis Ababa,Addis Ababa,Piazza,9.0356,38.7522,cereals and tubers,Teff (mixed),KG,actual,Retail,ETB,116.28,0.8306,5,3,agent:4|user:1,published,waga-index-v1,snap_2026-07-25T06_v1
2026-07-16,Addis Ababa,Addis Ababa,Piazza,9.0356,38.7522,cereals and tubers,Wheat,KG,actual,Retail,ETB,72.76,0.5197,3,2,agent:2|user:1,published,waga-index-v1,snap_2026-07-25T06_v1
2026-07-16,Addis Ababa,Addis Ababa,Piazza,9.0356,38.7522,cereals and tubers,Maize,KG,actual,Retail,ETB,45.86,0.3276,8,5,agent:6|user:2,published,waga-index-v1,snap_2026-07-25T06_v1
2026-07-16,Addis Ababa,Addis Ababa,Piazza,9.0356,38.7522,vegetables and fruits,Onion,KG,actual,Retail,ETB,54.51,0.3894,7,5,agent:5|user:2,published,waga-index-v1,snap_2026-07-25T06_v1
2026-07-16,Addis Ababa,Addis Ababa,Piazza,9.0356,38.7522,oil and fats,Cooking oil,L,actual,Retail,ETB,204.01,1.4572,5,3,agent:4|user:1,published,waga-index-v1,snap_2026-07-25T06_v1
2026-07-17,Addis Ababa,Addis Ababa,Merkato,9.0341,38.7395,cereals and tubers,Teff (mixed),KG,actual,Retail,ETB,104.34,0.7453,3,2,agent:2|user:1,published,waga-index-v1,snap_2026-07-25T06_v1
2026-07-17,Addis Ababa,Addis Ababa,Merkato,9.0341,38.7395,cereals and tubers,Wheat,KG,actual,Retail,ETB,,,1,1,agent:1,insufficient_data,waga-index-v1,snap_2026-07-25T06_v1
2026-07-17,Addis Ababa,Addis Ababa,Merkato,9.0341,38.7395,cereals and tubers,Maize,KG,actual,Retail,ETB,38.89,0.2778,4,3,agent:3|user:1,published,waga-index-v1,snap_2026-07-25T06_v1
2026-07-17,Addis Ababa,Addis Ababa,Merkato,9.0341,38.7395,vegetables and fruits,Onion,KG,actual,Retail,ETB,49.81,0.3558,7,5,agent:5|user:2,published,waga-index-v1,snap_2026-07-25T06_v1
2026-07-17,Addis Ababa,Addis Ababa,Merkato,9.0341,38.7395,oil and fats,Cooking oil,L,actual,Retail,ETB,183.19,1.3085,5,3,agent:4|user:1,published,waga-index-v1,snap_2026-07-25T06_v1
2026-07-17,Addis Ababa,Addis Ababa,Ehil Berenda,9.0333,38.7389,cereals and tubers,Teff (mixed),KG,actual,Retail,ETB,96.06,0.6861,9,6,agent:7|user:2,published,waga-index-v1,snap_2026-07-25T06_v1
2026-07-17,Addis Ababa,Addis Ababa,Ehil Berenda,9.0333,38.7389,cereals and tubers,Wheat,KG,actual,Retail,ETB,65.05,0.4646,4,3,agent:3|user:1,published,waga-index-v1,snap_2026-07-25T06_v1
2026-07-17,Addis Ababa,Addis Ababa,Ehil Berenda,9.0333,38.7389,cereals and tubers,Maize,KG,actual,Retail,ETB,42.14,0.3010,8,5,agent:6|user:2,published,waga-index-v1,snap_2026-07-25T06_v1
2026-07-17,Addis Ababa,Addis Ababa,Ehil Berenda,9.0333,38.7389,vegetables and fruits,Onion,KG,actual,Retail,ETB,49.11,0.3508,6,4,agent:4|user:2,published,waga-index-v1,snap_2026-07-25T06_v1
2026-07-17,Addis Ababa,Addis Ababa,Ehil Berenda,9.0333,38.7389,oil and fats,Cooking oil,L,actual,Retail,ETB,180.80,1.2914,4,3,agent:3|user:1,published,waga-index-v1,snap_2026-07-25T06_v1
2026-07-17,Addis Ababa,Addis Ababa,Atikilt Tera,9.03,38.745,cereals and tubers,Teff (mixed),KG,actual,Retail,ETB,104.58,0.7470,6,4,agent:4|user:2,published,waga-index-v1,snap_2026-07-25T06_v1
2026-07-17,Addis Ababa,Addis Ababa,Atikilt Tera,9.03,38.745,cereals and tubers,Wheat,KG,actual,Retail,ETB,64.30,0.4593,7,5,agent:5|user:2,published,waga-index-v1,snap_2026-07-25T06_v1
2026-07-17,Addis Ababa,Addis Ababa,Atikilt Tera,9.03,38.745,cereals and tubers,Maize,KG,actual,Retail,ETB,42.76,0.3054,3,2,agent:2|user:1,published,waga-index-v1,snap_2026-07-25T06_v1
2026-07-17,Addis Ababa,Addis Ababa,Atikilt Tera,9.03,38.745,vegetables and fruits,Onion,KG,actual,Retail,ETB,44.30,0.3164,9,6,agent:7|user:2,published,waga-index-v1,snap_2026-07-25T06_v1
2026-07-17,Addis Ababa,Addis Ababa,Atikilt Tera,9.03,38.745,oil and fats,Cooking oil,L,actual,Retail,ETB,172.45,1.2318,7,5,agent:5|user:2,published,waga-index-v1,snap_2026-07-25T06_v1
2026-07-17,Addis Ababa,Addis Ababa,Asko,9.0489,38.6889,cereals and tubers,Teff (mixed),KG,actual,Retail,ETB,105.94,0.7567,8,5,agent:6|user:2,published,waga-index-v1,snap_2026-07-25T06_v1
2026-07-17,Addis Ababa,Addis Ababa,Asko,9.0489,38.6889,cereals and tubers,Wheat,KG,actual,Retail,ETB,65.88,0.4706,6,4,agent:4|user:2,published,waga-index-v1,snap_2026-07-25T06_v1
2026-07-17,Addis Ababa,Addis Ababa,Asko,9.0489,38.6889,cereals and tubers,Maize,KG,actual,Retail,ETB,42.78,0.3056,4,3,agent:3|user:1,published,waga-index-v1,snap_2026-07-25T06_v1
2026-07-17,Addis Ababa,Addis Ababa,Asko,9.0489,38.6889,vegetables and fruits,Onion,KG,actual,Retail,ETB,50.55,0.3611,6,4,agent:4|user:2,published,waga-index-v1,snap_2026-07-25T06_v1
2026-07-17,Addis Ababa,Addis Ababa,Asko,9.0489,38.6889,oil and fats,Cooking oil,L,actual,Retail,ETB,188.20,1.3443,9,6,agent:7|user:2,published,waga-index-v1,snap_2026-07-25T06_v1
2026-07-17,Addis Ababa,Addis Ababa,Saris,8.9797,38.7622,cereals and tubers,Teff (mixed),KG,actual,Retail,ETB,108.05,0.7718,7,5,agent:5|user:2,published,waga-index-v1,snap_2026-07-25T06_v1
2026-07-17,Addis Ababa,Addis Ababa,Saris,8.9797,38.7622,cereals and tubers,Wheat,KG,actual,Retail,ETB,66.32,0.4737,7,5,agent:5|user:2,published,waga-index-v1,snap_2026-07-25T06_v1
2026-07-17,Addis Ababa,Addis Ababa,Saris,8.9797,38.7622,cereals and tubers,Maize,KG,actual,Retail,ETB,43.92,0.3137,9,6,agent:7|user:2,published,waga-index-v1,snap_2026-07-25T06_v1
2026-07-17,Addis Ababa,Addis Ababa,Saris,8.9797,38.7622,vegetables and fruits,Onion,KG,actual,Retail,ETB,,,1,1,agent:1,insufficient_data,waga-index-v1,snap_2026-07-25T06_v1
2026-07-17,Addis Ababa,Addis Ababa,Saris,8.9797,38.7622,oil and fats,Cooking oil,L,actual,Retail,ETB,188.47,1.3462,8,5,agent:6|user:2,published,waga-index-v1,snap_2026-07-25T06_v1
2026-07-17,Addis Ababa,Addis Ababa,Akaki,8.8939,38.8069,cereals and tubers,Teff (mixed),KG,actual,Retail,ETB,,,0,0,,insufficient_data,waga-index-v1,snap_2026-07-25T06_v1
2026-07-17,Addis Ababa,Addis Ababa,Akaki,8.8939,38.8069,cereals and tubers,Wheat,KG,actual,Retail,ETB,64.92,0.4637,8,5,agent:6|user:2,published,waga-index-v1,snap_2026-07-25T06_v1
2026-07-17,Addis Ababa,Addis Ababa,Akaki,8.8939,38.8069,cereals and tubers,Maize,KG,actual,Retail,ETB,44.06,0.3147,9,6,agent:7|user:2,published,waga-index-v1,snap_2026-07-25T06_v1
2026-07-17,Addis Ababa,Addis Ababa,Akaki,8.8939,38.8069,vegetables and fruits,Onion,KG,actual,Retail,ETB,52.31,0.3736,8,5,agent:6|user:2,published,waga-index-v1,snap_2026-07-25T06_v1
2026-07-17,Addis Ababa,Addis Ababa,Akaki,8.8939,38.8069,oil and fats,Cooking oil,L,actual,Retail,ETB,192.36,1.3740,8,5,agent:6|user:2,published,waga-index-v1,snap_2026-07-25T06_v1
2026-07-17,Addis Ababa,Addis Ababa,Kera,8.9994,38.7481,cereals and tubers,Teff (mixed),KG,actual,Retail,ETB,109.33,0.7809,3,2,agent:2|user:1,published,waga-index-v1,snap_2026-07-25T06_v1
2026-07-17,Addis Ababa,Addis Ababa,Kera,8.9994,38.7481,cereals and tubers,Wheat,KG,actual,Retail,ETB,68.78,0.4913,9,6,agent:7|user:2,published,waga-index-v1,snap_2026-07-25T06_v1
2026-07-17,Addis Ababa,Addis Ababa,Kera,8.9994,38.7481,cereals and tubers,Maize,KG,actual,Retail,ETB,43.80,0.3129,9,6,agent:7|user:2,published,waga-index-v1,snap_2026-07-25T06_v1
2026-07-17,Addis Ababa,Addis Ababa,Kera,8.9994,38.7481,vegetables and fruits,Onion,KG,actual,Retail,ETB,53.12,0.3794,8,5,agent:6|user:2,published,waga-index-v1,snap_2026-07-25T06_v1
2026-07-17,Addis Ababa,Addis Ababa,Kera,8.9994,38.7481,oil and fats,Cooking oil,L,actual,Retail,ETB,200.25,1.4304,8,5,agent:6|user:2,published,waga-index-v1,snap_2026-07-25T06_v1
2026-07-17,Addis Ababa,Addis Ababa,Shola Gebeya,9.0244,38.7986,cereals and tubers,Teff (mixed),KG,actual,Retail,ETB,114.05,0.8146,7,5,agent:5|user:2,published,waga-index-v1,snap_2026-07-25T06_v1
2026-07-17,Addis Ababa,Addis Ababa,Shola Gebeya,9.0244,38.7986,cereals and tubers,Wheat,KG,actual,Retail,ETB,70.16,0.5011,7,5,agent:5|user:2,published,waga-index-v1,snap_2026-07-25T06_v1
2026-07-17,Addis Ababa,Addis Ababa,Shola Gebeya,9.0244,38.7986,cereals and tubers,Maize,KG,actual,Retail,ETB,,,2,2,agent:2,insufficient_data,waga-index-v1,snap_2026-07-25T06_v1
2026-07-17,Addis Ababa,Addis Ababa,Shola Gebeya,9.0244,38.7986,vegetables and fruits,Onion,KG,actual,Retail,ETB,,,0,0,,insufficient_data,waga-index-v1,snap_2026-07-25T06_v1
2026-07-17,Addis Ababa,Addis Ababa,Shola Gebeya,9.0244,38.7986,oil and fats,Cooking oil,L,actual,Retail,ETB,199.32,1.4237,5,3,agent:4|user:1,published,waga-index-v1,snap_2026-07-25T06_v1
2026-07-17,Addis Ababa,Addis Ababa,Piazza,9.0356,38.7522,cereals and tubers,Teff (mixed),KG,actual,Retail,ETB,116.24,0.8303,3,2,agent:2|user:1,published,waga-index-v1,snap_2026-07-25T06_v1
2026-07-17,Addis Ababa,Addis Ababa,Piazza,9.0356,38.7522,cereals and tubers,Wheat,KG,actual,Retail,ETB,72.14,0.5153,4,3,agent:3|user:1,published,waga-index-v1,snap_2026-07-25T06_v1
2026-07-17,Addis Ababa,Addis Ababa,Piazza,9.0356,38.7522,cereals and tubers,Maize,KG,actual,Retail,ETB,,,1,1,agent:1,insufficient_data,waga-index-v1,snap_2026-07-25T06_v1
2026-07-17,Addis Ababa,Addis Ababa,Piazza,9.0356,38.7522,vegetables and fruits,Onion,KG,actual,Retail,ETB,54.91,0.3922,6,4,agent:4|user:2,published,waga-index-v1,snap_2026-07-25T06_v1
2026-07-17,Addis Ababa,Addis Ababa,Piazza,9.0356,38.7522,oil and fats,Cooking oil,L,actual,Retail,ETB,205.03,1.4645,8,5,agent:6|user:2,published,waga-index-v1,snap_2026-07-25T06_v1
2026-07-18,Addis Ababa,Addis Ababa,Merkato,9.0341,38.7395,cereals and tubers,Teff (mixed),KG,actual,Retail,ETB,105.37,0.7526,8,5,agent:6|user:2,published,waga-index-v1,snap_2026-07-25T06_v1
2026-07-18,Addis Ababa,Addis Ababa,Merkato,9.0341,38.7395,cereals and tubers,Wheat,KG,actual,Retail,ETB,59.18,0.4227,8,5,agent:6|user:2,published,waga-index-v1,snap_2026-07-25T06_v1
2026-07-18,Addis Ababa,Addis Ababa,Merkato,9.0341,38.7395,cereals and tubers,Maize,KG,actual,Retail,ETB,39.24,0.2803,6,4,agent:4|user:2,published,waga-index-v1,snap_2026-07-25T06_v1
2026-07-18,Addis Ababa,Addis Ababa,Merkato,9.0341,38.7395,vegetables and fruits,Onion,KG,actual,Retail,ETB,50.42,0.3601,3,2,agent:2|user:1,published,waga-index-v1,snap_2026-07-25T06_v1
2026-07-18,Addis Ababa,Addis Ababa,Merkato,9.0341,38.7395,oil and fats,Cooking oil,L,actual,Retail,ETB,183.93,1.3138,8,5,agent:6|user:2,published,waga-index-v1,snap_2026-07-25T06_v1
2026-07-18,Addis Ababa,Addis Ababa,Ehil Berenda,9.0333,38.7389,cereals and tubers,Teff (mixed),KG,actual,Retail,ETB,97.17,0.6941,8,5,agent:6|user:2,published,waga-index-v1,snap_2026-07-25T06_v1
2026-07-18,Addis Ababa,Addis Ababa,Ehil Berenda,9.0333,38.7389,cereals and tubers,Wheat,KG,actual,Retail,ETB,65.42,0.4673,4,3,agent:3|user:1,published,waga-index-v1,snap_2026-07-25T06_v1
2026-07-18,Addis Ababa,Addis Ababa,Ehil Berenda,9.0333,38.7389,cereals and tubers,Maize,KG,actual,Retail,ETB,41.47,0.2962,4,3,agent:3|user:1,published,waga-index-v1,snap_2026-07-25T06_v1
2026-07-18,Addis Ababa,Addis Ababa,Ehil Berenda,9.0333,38.7389,vegetables and fruits,Onion,KG,actual,Retail,ETB,,,0,0,,insufficient_data,waga-index-v1,snap_2026-07-25T06_v1
2026-07-18,Addis Ababa,Addis Ababa,Ehil Berenda,9.0333,38.7389,oil and fats,Cooking oil,L,actual,Retail,ETB,181.63,1.2974,6,4,agent:4|user:2,published,waga-index-v1,snap_2026-07-25T06_v1
2026-07-18,Addis Ababa,Addis Ababa,Atikilt Tera,9.03,38.745,cereals and tubers,Teff (mixed),KG,actual,Retail,ETB,105.98,0.7570,3,2,agent:2|user:1,published,waga-index-v1,snap_2026-07-25T06_v1
2026-07-18,Addis Ababa,Addis Ababa,Atikilt Tera,9.03,38.745,cereals and tubers,Wheat,KG,actual,Retail,ETB,63.79,0.4556,6,4,agent:4|user:2,published,waga-index-v1,snap_2026-07-25T06_v1
2026-07-18,Addis Ababa,Addis Ababa,Atikilt Tera,9.03,38.745,cereals and tubers,Maize,KG,actual,Retail,ETB,42.88,0.3063,6,4,agent:4|user:2,published,waga-index-v1,snap_2026-07-25T06_v1
2026-07-18,Addis Ababa,Addis Ababa,Atikilt Tera,9.03,38.745,vegetables and fruits,Onion,KG,actual,Retail,ETB,45.14,0.3224,7,5,agent:5|user:2,published,waga-index-v1,snap_2026-07-25T06_v1
2026-07-18,Addis Ababa,Addis Ababa,Atikilt Tera,9.03,38.745,oil and fats,Cooking oil,L,actual,Retail,ETB,176.74,1.2624,6,4,agent:4|user:2,published,waga-index-v1,snap_2026-07-25T06_v1
2026-07-18,Addis Ababa,Addis Ababa,Asko,9.0489,38.6889,cereals and tubers,Teff (mixed),KG,actual,Retail,ETB,105.54,0.7539,4,3,agent:3|user:1,published,waga-index-v1,snap_2026-07-25T06_v1
2026-07-18,Addis Ababa,Addis Ababa,Asko,9.0489,38.6889,cereals and tubers,Wheat,KG,actual,Retail,ETB,65.73,0.4695,4,3,agent:3|user:1,published,waga-index-v1,snap_2026-07-25T06_v1
2026-07-18,Addis Ababa,Addis Ababa,Asko,9.0489,38.6889,cereals and tubers,Maize,KG,actual,Retail,ETB,43.08,0.3077,9,6,agent:7|user:2,published,waga-index-v1,snap_2026-07-25T06_v1
2026-07-18,Addis Ababa,Addis Ababa,Asko,9.0489,38.6889,vegetables and fruits,Onion,KG,actual,Retail,ETB,51.48,0.3677,9,6,agent:7|user:2,published,waga-index-v1,snap_2026-07-25T06_v1
2026-07-18,Addis Ababa,Addis Ababa,Asko,9.0489,38.6889,oil and fats,Cooking oil,L,actual,Retail,ETB,191.39,1.3671,7,5,agent:5|user:2,published,waga-index-v1,snap_2026-07-25T06_v1
2026-07-18,Addis Ababa,Addis Ababa,Saris,8.9797,38.7622,cereals and tubers,Teff (mixed),KG,actual,Retail,ETB,109.43,0.7816,7,5,agent:5|user:2,published,waga-index-v1,snap_2026-07-25T06_v1
2026-07-18,Addis Ababa,Addis Ababa,Saris,8.9797,38.7622,cereals and tubers,Wheat,KG,actual,Retail,ETB,65.72,0.4694,9,6,agent:7|user:2,published,waga-index-v1,snap_2026-07-25T06_v1
2026-07-18,Addis Ababa,Addis Ababa,Saris,8.9797,38.7622,cereals and tubers,Maize,KG,actual,Retail,ETB,43.35,0.3096,4,3,agent:3|user:1,published,waga-index-v1,snap_2026-07-25T06_v1
2026-07-18,Addis Ababa,Addis Ababa,Saris,8.9797,38.7622,vegetables and fruits,Onion,KG,actual,Retail,ETB,52.14,0.3724,3,2,agent:2|user:1,published,waga-index-v1,snap_2026-07-25T06_v1
2026-07-18,Addis Ababa,Addis Ababa,Saris,8.9797,38.7622,oil and fats,Cooking oil,L,actual,Retail,ETB,187.83,1.3416,7,5,agent:5|user:2,published,waga-index-v1,snap_2026-07-25T06_v1
2026-07-18,Addis Ababa,Addis Ababa,Akaki,8.8939,38.8069,cereals and tubers,Teff (mixed),KG,actual,Retail,ETB,106.56,0.7611,8,5,agent:6|user:2,published,waga-index-v1,snap_2026-07-25T06_v1
2026-07-18,Addis Ababa,Addis Ababa,Akaki,8.8939,38.8069,cereals and tubers,Wheat,KG,actual,Retail,ETB,65.61,0.4686,9,6,agent:7|user:2,published,waga-index-v1,snap_2026-07-25T06_v1
2026-07-18,Addis Ababa,Addis Ababa,Akaki,8.8939,38.8069,cereals and tubers,Maize,KG,actual,Retail,ETB,43.37,0.3098,3,2,agent:2|user:1,published,waga-index-v1,snap_2026-07-25T06_v1
2026-07-18,Addis Ababa,Addis Ababa,Akaki,8.8939,38.8069,vegetables and fruits,Onion,KG,actual,Retail,ETB,52.83,0.3774,7,5,agent:5|user:2,published,waga-index-v1,snap_2026-07-25T06_v1
2026-07-18,Addis Ababa,Addis Ababa,Akaki,8.8939,38.8069,oil and fats,Cooking oil,L,actual,Retail,ETB,193.41,1.3815,5,3,agent:4|user:1,published,waga-index-v1,snap_2026-07-25T06_v1
2026-07-18,Addis Ababa,Addis Ababa,Kera,8.9994,38.7481,cereals and tubers,Teff (mixed),KG,actual,Retail,ETB,110.67,0.7905,9,6,agent:7|user:2,published,waga-index-v1,snap_2026-07-25T06_v1
2026-07-18,Addis Ababa,Addis Ababa,Kera,8.9994,38.7481,cereals and tubers,Wheat,KG,actual,Retail,ETB,69.65,0.4975,7,5,agent:5|user:2,published,waga-index-v1,snap_2026-07-25T06_v1
2026-07-18,Addis Ababa,Addis Ababa,Kera,8.9994,38.7481,cereals and tubers,Maize,KG,actual,Retail,ETB,44.06,0.3147,3,2,agent:2|user:1,published,waga-index-v1,snap_2026-07-25T06_v1
2026-07-18,Addis Ababa,Addis Ababa,Kera,8.9994,38.7481,vegetables and fruits,Onion,KG,actual,Retail,ETB,53.21,0.3801,7,5,agent:5|user:2,published,waga-index-v1,snap_2026-07-25T06_v1
2026-07-18,Addis Ababa,Addis Ababa,Kera,8.9994,38.7481,oil and fats,Cooking oil,L,actual,Retail,ETB,200.72,1.4337,9,6,agent:7|user:2,published,waga-index-v1,snap_2026-07-25T06_v1
2026-07-18,Addis Ababa,Addis Ababa,Shola Gebeya,9.0244,38.7986,cereals and tubers,Teff (mixed),KG,actual,Retail,ETB,115.13,0.8224,6,4,agent:4|user:2,published,waga-index-v1,snap_2026-07-25T06_v1
2026-07-18,Addis Ababa,Addis Ababa,Shola Gebeya,9.0244,38.7986,cereals and tubers,Wheat,KG,actual,Retail,ETB,70.52,0.5037,6,4,agent:4|user:2,published,waga-index-v1,snap_2026-07-25T06_v1
2026-07-18,Addis Ababa,Addis Ababa,Shola Gebeya,9.0244,38.7986,cereals and tubers,Maize,KG,actual,Retail,ETB,45.58,0.3256,8,5,agent:6|user:2,published,waga-index-v1,snap_2026-07-25T06_v1
2026-07-18,Addis Ababa,Addis Ababa,Shola Gebeya,9.0244,38.7986,vegetables and fruits,Onion,KG,actual,Retail,ETB,56.71,0.4051,8,5,agent:6|user:2,published,waga-index-v1,snap_2026-07-25T06_v1
2026-07-18,Addis Ababa,Addis Ababa,Shola Gebeya,9.0244,38.7986,oil and fats,Cooking oil,L,actual,Retail,ETB,200.90,1.4350,4,3,agent:3|user:1,published,waga-index-v1,snap_2026-07-25T06_v1
2026-07-18,Addis Ababa,Addis Ababa,Piazza,9.0356,38.7522,cereals and tubers,Teff (mixed),KG,actual,Retail,ETB,117.55,0.8396,9,6,agent:7|user:2,published,waga-index-v1,snap_2026-07-25T06_v1
2026-07-18,Addis Ababa,Addis Ababa,Piazza,9.0356,38.7522,cereals and tubers,Wheat,KG,actual,Retail,ETB,,,2,2,agent:2,insufficient_data,waga-index-v1,snap_2026-07-25T06_v1
2026-07-18,Addis Ababa,Addis Ababa,Piazza,9.0356,38.7522,cereals and tubers,Maize,KG,actual,Retail,ETB,46.30,0.3307,4,3,agent:3|user:1,published,waga-index-v1,snap_2026-07-25T06_v1
2026-07-18,Addis Ababa,Addis Ababa,Piazza,9.0356,38.7522,vegetables and fruits,Onion,KG,actual,Retail,ETB,55.45,0.3961,6,4,agent:4|user:2,published,waga-index-v1,snap_2026-07-25T06_v1
2026-07-18,Addis Ababa,Addis Ababa,Piazza,9.0356,38.7522,oil and fats,Cooking oil,L,actual,Retail,ETB,206.33,1.4738,9,6,agent:7|user:2,published,waga-index-v1,snap_2026-07-25T06_v1
2026-07-19,Addis Ababa,Addis Ababa,Merkato,9.0341,38.7395,cereals and tubers,Teff (mixed),KG,actual,Retail,ETB,105.51,0.7536,9,6,agent:7|user:2,published,waga-index-v1,snap_2026-07-25T06_v1
2026-07-19,Addis Ababa,Addis Ababa,Merkato,9.0341,38.7395,cereals and tubers,Wheat,KG,actual,Retail,ETB,59.96,0.4283,3,2,agent:2|user:1,published,waga-index-v1,snap_2026-07-25T06_v1
2026-07-19,Addis Ababa,Addis Ababa,Merkato,9.0341,38.7395,cereals and tubers,Maize,KG,actual,Retail,ETB,39.74,0.2839,9,6,agent:7|user:2,published,waga-index-v1,snap_2026-07-25T06_v1
2026-07-19,Addis Ababa,Addis Ababa,Merkato,9.0341,38.7395,vegetables and fruits,Onion,KG,actual,Retail,ETB,49.90,0.3564,6,4,agent:4|user:2,published,waga-index-v1,snap_2026-07-25T06_v1
2026-07-19,Addis Ababa,Addis Ababa,Merkato,9.0341,38.7395,oil and fats,Cooking oil,L,actual,Retail,ETB,185.20,1.3229,8,5,agent:6|user:2,published,waga-index-v1,snap_2026-07-25T06_v1
2026-07-19,Addis Ababa,Addis Ababa,Ehil Berenda,9.0333,38.7389,cereals and tubers,Teff (mixed),KG,actual,Retail,ETB,97.91,0.6994,7,5,agent:5|user:2,published,waga-index-v1,snap_2026-07-25T06_v1
2026-07-19,Addis Ababa,Addis Ababa,Ehil Berenda,9.0333,38.7389,cereals and tubers,Wheat,KG,actual,Retail,ETB,65.23,0.4659,3,2,agent:2|user:1,published,waga-index-v1,snap_2026-07-25T06_v1
2026-07-19,Addis Ababa,Addis Ababa,Ehil Berenda,9.0333,38.7389,cereals and tubers,Maize,KG,actual,Retail,ETB,42.15,0.3011,7,5,agent:5|user:2,published,waga-index-v1,snap_2026-07-25T06_v1
2026-07-19,Addis Ababa,Addis Ababa,Ehil Berenda,9.0333,38.7389,vegetables and fruits,Onion,KG,actual,Retail,ETB,49.99,0.3571,4,3,agent:3|user:1,published,waga-index-v1,snap_2026-07-25T06_v1
2026-07-19,Addis Ababa,Addis Ababa,Ehil Berenda,9.0333,38.7389,oil and fats,Cooking oil,L,actual,Retail,ETB,182.51,1.3036,3,2,agent:2|user:1,published,waga-index-v1,snap_2026-07-25T06_v1
2026-07-19,Addis Ababa,Addis Ababa,Atikilt Tera,9.03,38.745,cereals and tubers,Teff (mixed),KG,actual,Retail,ETB,106.09,0.7578,7,5,agent:5|user:2,published,waga-index-v1,snap_2026-07-25T06_v1
2026-07-19,Addis Ababa,Addis Ababa,Atikilt Tera,9.03,38.745,cereals and tubers,Wheat,KG,actual,Retail,ETB,65.83,0.4702,4,3,agent:3|user:1,published,waga-index-v1,snap_2026-07-25T06_v1
2026-07-19,Addis Ababa,Addis Ababa,Atikilt Tera,9.03,38.745,cereals and tubers,Maize,KG,actual,Retail,ETB,43.07,0.3076,6,4,agent:4|user:2,published,waga-index-v1,snap_2026-07-25T06_v1
2026-07-19,Addis Ababa,Addis Ababa,Atikilt Tera,9.03,38.745,vegetables and fruits,Onion,KG,actual,Retail,ETB,45.40,0.3243,5,3,agent:4|user:1,published,waga-index-v1,snap_2026-07-25T06_v1
2026-07-19,Addis Ababa,Addis Ababa,Atikilt Tera,9.03,38.745,oil and fats,Cooking oil,L,actual,Retail,ETB,177.39,1.2671,9,6,agent:7|user:2,published,waga-index-v1,snap_2026-07-25T06_v1
2026-07-19,Addis Ababa,Addis Ababa,Asko,9.0489,38.6889,cereals and tubers,Teff (mixed),KG,actual,Retail,ETB,106.05,0.7575,4,3,agent:3|user:1,published,waga-index-v1,snap_2026-07-25T06_v1
2026-07-19,Addis Ababa,Addis Ababa,Asko,9.0489,38.6889,cereals and tubers,Wheat,KG,actual,Retail,ETB,65.77,0.4698,5,3,agent:4|user:1,published,waga-index-v1,snap_2026-07-25T06_v1
2026-07-19,Addis Ababa,Addis Ababa,Asko,9.0489,38.6889,cereals and tubers,Maize,KG,actual,Retail,ETB,43.77,0.3126,5,3,agent:4|user:1,published,waga-index-v1,snap_2026-07-25T06_v1
2026-07-19,Addis Ababa,Addis Ababa,Asko,9.0489,38.6889,vegetables and fruits,Onion,KG,actual,Retail,ETB,51.91,0.3708,3,2,agent:2|user:1,published,waga-index-v1,snap_2026-07-25T06_v1
2026-07-19,Addis Ababa,Addis Ababa,Asko,9.0489,38.6889,oil and fats,Cooking oil,L,actual,Retail,ETB,193.23,1.3802,7,5,agent:5|user:2,published,waga-index-v1,snap_2026-07-25T06_v1
2026-07-19,Addis Ababa,Addis Ababa,Saris,8.9797,38.7622,cereals and tubers,Teff (mixed),KG,actual,Retail,ETB,109.69,0.7835,7,5,agent:5|user:2,published,waga-index-v1,snap_2026-07-25T06_v1
2026-07-19,Addis Ababa,Addis Ababa,Saris,8.9797,38.7622,cereals and tubers,Wheat,KG,actual,Retail,ETB,65.29,0.4664,5,3,agent:4|user:1,published,waga-index-v1,snap_2026-07-25T06_v1
2026-07-19,Addis Ababa,Addis Ababa,Saris,8.9797,38.7622,cereals and tubers,Maize,KG,actual,Retail,ETB,43.58,0.3113,4,3,agent:3|user:1,published,waga-index-v1,snap_2026-07-25T06_v1
2026-07-19,Addis Ababa,Addis Ababa,Saris,8.9797,38.7622,vegetables and fruits,Onion,KG,actual,Retail,ETB,52.80,0.3771,4,3,agent:3|user:1,published,waga-index-v1,snap_2026-07-25T06_v1
2026-07-19,Addis Ababa,Addis Ababa,Saris,8.9797,38.7622,oil and fats,Cooking oil,L,actual,Retail,ETB,189.08,1.3506,3,2,agent:2|user:1,published,waga-index-v1,snap_2026-07-25T06_v1
2026-07-19,Addis Ababa,Addis Ababa,Akaki,8.8939,38.8069,cereals and tubers,Teff (mixed),KG,actual,Retail,ETB,108.01,0.7715,6,4,agent:4|user:2,published,waga-index-v1,snap_2026-07-25T06_v1
2026-07-19,Addis Ababa,Addis Ababa,Akaki,8.8939,38.8069,cereals and tubers,Wheat,KG,actual,Retail,ETB,66.47,0.4748,5,3,agent:4|user:1,published,waga-index-v1,snap_2026-07-25T06_v1
2026-07-19,Addis Ababa,Addis Ababa,Akaki,8.8939,38.8069,cereals and tubers,Maize,KG,actual,Retail,ETB,43.92,0.3137,4,3,agent:3|user:1,published,waga-index-v1,snap_2026-07-25T06_v1
2026-07-19,Addis Ababa,Addis Ababa,Akaki,8.8939,38.8069,vegetables and fruits,Onion,KG,actual,Retail,ETB,52.85,0.3775,8,5,agent:6|user:2,published,waga-index-v1,snap_2026-07-25T06_v1
2026-07-19,Addis Ababa,Addis Ababa,Akaki,8.8939,38.8069,oil and fats,Cooking oil,L,actual,Retail,ETB,195.01,1.3929,6,4,agent:4|user:2,published,waga-index-v1,snap_2026-07-25T06_v1
2026-07-19,Addis Ababa,Addis Ababa,Kera,8.9994,38.7481,cereals and tubers,Teff (mixed),KG,actual,Retail,ETB,110.56,0.7897,8,5,agent:6|user:2,published,waga-index-v1,snap_2026-07-25T06_v1
2026-07-19,Addis Ababa,Addis Ababa,Kera,8.9994,38.7481,cereals and tubers,Wheat,KG,actual,Retail,ETB,69.52,0.4966,4,3,agent:3|user:1,published,waga-index-v1,snap_2026-07-25T06_v1
2026-07-19,Addis Ababa,Addis Ababa,Kera,8.9994,38.7481,cereals and tubers,Maize,KG,actual,Retail,ETB,44.52,0.3180,8,5,agent:6|user:2,published,waga-index-v1,snap_2026-07-25T06_v1
2026-07-19,Addis Ababa,Addis Ababa,Kera,8.9994,38.7481,vegetables and fruits,Onion,KG,actual,Retail,ETB,53.87,0.3848,7,5,agent:5|user:2,published,waga-index-v1,snap_2026-07-25T06_v1
2026-07-19,Addis Ababa,Addis Ababa,Kera,8.9994,38.7481,oil and fats,Cooking oil,L,actual,Retail,ETB,200.78,1.4341,6,4,agent:4|user:2,published,waga-index-v1,snap_2026-07-25T06_v1
2026-07-19,Addis Ababa,Addis Ababa,Shola Gebeya,9.0244,38.7986,cereals and tubers,Teff (mixed),KG,actual,Retail,ETB,114.38,0.8170,4,3,agent:3|user:1,published,waga-index-v1,snap_2026-07-25T06_v1
2026-07-19,Addis Ababa,Addis Ababa,Shola Gebeya,9.0244,38.7986,cereals and tubers,Wheat,KG,actual,Retail,ETB,69.40,0.4957,4,3,agent:3|user:1,published,waga-index-v1,snap_2026-07-25T06_v1
2026-07-19,Addis Ababa,Addis Ababa,Shola Gebeya,9.0244,38.7986,cereals and tubers,Maize,KG,actual,Retail,ETB,45.53,0.3252,5,3,agent:4|user:1,published,waga-index-v1,snap_2026-07-25T06_v1
2026-07-19,Addis Ababa,Addis Ababa,Shola Gebeya,9.0244,38.7986,vegetables and fruits,Onion,KG,actual,Retail,ETB,56.83,0.4059,9,6,agent:7|user:2,published,waga-index-v1,snap_2026-07-25T06_v1
2026-07-19,Addis Ababa,Addis Ababa,Shola Gebeya,9.0244,38.7986,oil and fats,Cooking oil,L,actual,Retail,ETB,202.17,1.4441,5,3,agent:4|user:1,published,waga-index-v1,snap_2026-07-25T06_v1
2026-07-19,Addis Ababa,Addis Ababa,Piazza,9.0356,38.7522,cereals and tubers,Teff (mixed),KG,actual,Retail,ETB,118.36,0.8454,3,2,agent:2|user:1,published,waga-index-v1,snap_2026-07-25T06_v1
2026-07-19,Addis Ababa,Addis Ababa,Piazza,9.0356,38.7522,cereals and tubers,Wheat,KG,actual,Retail,ETB,,,0,0,,insufficient_data,waga-index-v1,snap_2026-07-25T06_v1
2026-07-19,Addis Ababa,Addis Ababa,Piazza,9.0356,38.7522,cereals and tubers,Maize,KG,actual,Retail,ETB,46.86,0.3347,3,2,agent:2|user:1,published,waga-index-v1,snap_2026-07-25T06_v1
2026-07-19,Addis Ababa,Addis Ababa,Piazza,9.0356,38.7522,vegetables and fruits,Onion,KG,actual,Retail,ETB,56.11,0.4008,7,5,agent:5|user:2,published,waga-index-v1,snap_2026-07-25T06_v1
2026-07-19,Addis Ababa,Addis Ababa,Piazza,9.0356,38.7522,oil and fats,Cooking oil,L,actual,Retail,ETB,207.99,1.4856,8,5,agent:6|user:2,published,waga-index-v1,snap_2026-07-25T06_v1
2026-07-20,Addis Ababa,Addis Ababa,Merkato,9.0341,38.7395,cereals and tubers,Teff (mixed),KG,actual,Retail,ETB,106.56,0.7611,9,6,agent:7|user:2,published,waga-index-v1,snap_2026-07-25T06_v1
2026-07-20,Addis Ababa,Addis Ababa,Merkato,9.0341,38.7395,cereals and tubers,Wheat,KG,actual,Retail,ETB,60.61,0.4329,9,6,agent:7|user:2,published,waga-index-v1,snap_2026-07-25T06_v1
2026-07-20,Addis Ababa,Addis Ababa,Merkato,9.0341,38.7395,cereals and tubers,Maize,KG,actual,Retail,ETB,40.01,0.2858,7,5,agent:5|user:2,published,waga-index-v1,snap_2026-07-25T06_v1
2026-07-20,Addis Ababa,Addis Ababa,Merkato,9.0341,38.7395,vegetables and fruits,Onion,KG,actual,Retail,ETB,50.75,0.3625,7,5,agent:5|user:2,published,waga-index-v1,snap_2026-07-25T06_v1
2026-07-20,Addis Ababa,Addis Ababa,Merkato,9.0341,38.7395,oil and fats,Cooking oil,L,actual,Retail,ETB,184.99,1.3214,5,3,agent:4|user:1,published,waga-index-v1,snap_2026-07-25T06_v1
2026-07-20,Addis Ababa,Addis Ababa,Ehil Berenda,9.0333,38.7389,cereals and tubers,Teff (mixed),KG,actual,Retail,ETB,99.01,0.7072,4,3,agent:3|user:1,published,waga-index-v1,snap_2026-07-25T06_v1
2026-07-20,Addis Ababa,Addis Ababa,Ehil Berenda,9.0333,38.7389,cereals and tubers,Wheat,KG,actual,Retail,ETB,64.92,0.4637,4,3,agent:3|user:1,published,waga-index-v1,snap_2026-07-25T06_v1
2026-07-20,Addis Ababa,Addis Ababa,Ehil Berenda,9.0333,38.7389,cereals and tubers,Maize,KG,actual,Retail,ETB,42.20,0.3014,9,6,agent:7|user:2,published,waga-index-v1,snap_2026-07-25T06_v1
2026-07-20,Addis Ababa,Addis Ababa,Ehil Berenda,9.0333,38.7389,vegetables and fruits,Onion,KG,actual,Retail,ETB,50.39,0.3599,9,6,agent:7|user:2,published,waga-index-v1,snap_2026-07-25T06_v1
2026-07-20,Addis Ababa,Addis Ababa,Ehil Berenda,9.0333,38.7389,oil and fats,Cooking oil,L,actual,Retail,ETB,185.02,1.3216,6,4,agent:4|user:2,published,waga-index-v1,snap_2026-07-25T06_v1
2026-07-20,Addis Ababa,Addis Ababa,Atikilt Tera,9.03,38.745,cereals and tubers,Teff (mixed),KG,actual,Retail,ETB,105.96,0.7569,8,5,agent:6|user:2,published,waga-index-v1,snap_2026-07-25T06_v1
2026-07-20,Addis Ababa,Addis Ababa,Atikilt Tera,9.03,38.745,cereals and tubers,Wheat,KG,actual,Retail,ETB,66.51,0.4751,4,3,agent:3|user:1,published,waga-index-v1,snap_2026-07-25T06_v1
2026-07-20,Addis Ababa,Addis Ababa,Atikilt Tera,9.03,38.745,cereals and tubers,Maize,KG,actual,Retail,ETB,43.01,0.3072,4,3,agent:3|user:1,published,waga-index-v1,snap_2026-07-25T06_v1
2026-07-20,Addis Ababa,Addis Ababa,Atikilt Tera,9.03,38.745,vegetables and fruits,Onion,KG,actual,Retail,ETB,45.96,0.3283,3,2,agent:2|user:1,published,waga-index-v1,snap_2026-07-25T06_v1
2026-07-20,Addis Ababa,Addis Ababa,Atikilt Tera,9.03,38.745,oil and fats,Cooking oil,L,actual,Retail,ETB,177.60,1.2686,7,5,agent:5|user:2,published,waga-index-v1,snap_2026-07-25T06_v1
2026-07-20,Addis Ababa,Addis Ababa,Asko,9.0489,38.6889,cereals and tubers,Teff (mixed),KG,actual,Retail,ETB,107.81,0.7701,7,5,agent:5|user:2,published,waga-index-v1,snap_2026-07-25T06_v1
2026-07-20,Addis Ababa,Addis Ababa,Asko,9.0489,38.6889,cereals and tubers,Wheat,KG,actual,Retail,ETB,,,2,2,agent:2,insufficient_data,waga-index-v1,snap_2026-07-25T06_v1
2026-07-20,Addis Ababa,Addis Ababa,Asko,9.0489,38.6889,cereals and tubers,Maize,KG,actual,Retail,ETB,43.91,0.3136,5,3,agent:4|user:1,published,waga-index-v1,snap_2026-07-25T06_v1
2026-07-20,Addis Ababa,Addis Ababa,Asko,9.0489,38.6889,vegetables and fruits,Onion,KG,actual,Retail,ETB,52.92,0.3780,9,6,agent:7|user:2,published,waga-index-v1,snap_2026-07-25T06_v1
2026-07-20,Addis Ababa,Addis Ababa,Asko,9.0489,38.6889,oil and fats,Cooking oil,L,actual,Retail,ETB,,,1,1,agent:1,insufficient_data,waga-index-v1,snap_2026-07-25T06_v1
2026-07-20,Addis Ababa,Addis Ababa,Saris,8.9797,38.7622,cereals and tubers,Teff (mixed),KG,actual,Retail,ETB,108.75,0.7768,8,5,agent:6|user:2,published,waga-index-v1,snap_2026-07-25T06_v1
2026-07-20,Addis Ababa,Addis Ababa,Saris,8.9797,38.7622,cereals and tubers,Wheat,KG,actual,Retail,ETB,66.14,0.4724,9,6,agent:7|user:2,published,waga-index-v1,snap_2026-07-25T06_v1
2026-07-20,Addis Ababa,Addis Ababa,Saris,8.9797,38.7622,cereals and tubers,Maize,KG,actual,Retail,ETB,44.52,0.3180,3,2,agent:2|user:1,published,waga-index-v1,snap_2026-07-25T06_v1
2026-07-20,Addis Ababa,Addis Ababa,Saris,8.9797,38.7622,vegetables and fruits,Onion,KG,actual,Retail,ETB,53.12,0.3794,5,3,agent:4|user:1,published,waga-index-v1,snap_2026-07-25T06_v1
2026-07-20,Addis Ababa,Addis Ababa,Saris,8.9797,38.7622,oil and fats,Cooking oil,L,actual,Retail,ETB,189.90,1.3564,7,5,agent:5|user:2,published,waga-index-v1,snap_2026-07-25T06_v1
2026-07-20,Addis Ababa,Addis Ababa,Akaki,8.8939,38.8069,cereals and tubers,Teff (mixed),KG,actual,Retail,ETB,110.27,0.7876,4,3,agent:3|user:1,published,waga-index-v1,snap_2026-07-25T06_v1
2026-07-20,Addis Ababa,Addis Ababa,Akaki,8.8939,38.8069,cereals and tubers,Wheat,KG,actual,Retail,ETB,66.73,0.4766,5,3,agent:4|user:1,published,waga-index-v1,snap_2026-07-25T06_v1
2026-07-20,Addis Ababa,Addis Ababa,Akaki,8.8939,38.8069,cereals and tubers,Maize,KG,actual,Retail,ETB,44.07,0.3148,3,2,agent:2|user:1,published,waga-index-v1,snap_2026-07-25T06_v1
2026-07-20,Addis Ababa,Addis Ababa,Akaki,8.8939,38.8069,vegetables and fruits,Onion,KG,actual,Retail,ETB,53.12,0.3794,7,5,agent:5|user:2,published,waga-index-v1,snap_2026-07-25T06_v1
2026-07-20,Addis Ababa,Addis Ababa,Akaki,8.8939,38.8069,oil and fats,Cooking oil,L,actual,Retail,ETB,194.77,1.3912,9,6,agent:7|user:2,published,waga-index-v1,snap_2026-07-25T06_v1
2026-07-20,Addis Ababa,Addis Ababa,Kera,8.9994,38.7481,cereals and tubers,Teff (mixed),KG,actual,Retail,ETB,111.29,0.7949,3,2,agent:2|user:1,published,waga-index-v1,snap_2026-07-25T06_v1
2026-07-20,Addis Ababa,Addis Ababa,Kera,8.9994,38.7481,cereals and tubers,Wheat,KG,actual,Retail,ETB,69.76,0.4983,6,4,agent:4|user:2,published,waga-index-v1,snap_2026-07-25T06_v1
2026-07-20,Addis Ababa,Addis Ababa,Kera,8.9994,38.7481,cereals and tubers,Maize,KG,actual,Retail,ETB,46.65,0.3332,3,2,agent:2|user:1,published,waga-index-v1,snap_2026-07-25T06_v1
2026-07-20,Addis Ababa,Addis Ababa,Kera,8.9994,38.7481,vegetables and fruits,Onion,KG,actual,Retail,ETB,54.18,0.3870,3,2,agent:2|user:1,published,waga-index-v1,snap_2026-07-25T06_v1
2026-07-20,Addis Ababa,Addis Ababa,Kera,8.9994,38.7481,oil and fats,Cooking oil,L,actual,Retail,ETB,202.40,1.4457,4,3,agent:3|user:1,published,waga-index-v1,snap_2026-07-25T06_v1
2026-07-20,Addis Ababa,Addis Ababa,Shola Gebeya,9.0244,38.7986,cereals and tubers,Teff (mixed),KG,actual,Retail,ETB,113.71,0.8122,8,5,agent:6|user:2,published,waga-index-v1,snap_2026-07-25T06_v1
2026-07-20,Addis Ababa,Addis Ababa,Shola Gebeya,9.0244,38.7986,cereals and tubers,Wheat,KG,actual,Retail,ETB,69.64,0.4974,9,6,agent:7|user:2,published,waga-index-v1,snap_2026-07-25T06_v1
2026-07-20,Addis Ababa,Addis Ababa,Shola Gebeya,9.0244,38.7986,cereals and tubers,Maize,KG,actual,Retail,ETB,45.72,0.3266,4,3,agent:3|user:1,published,waga-index-v1,snap_2026-07-25T06_v1
2026-07-20,Addis Ababa,Addis Ababa,Shola Gebeya,9.0244,38.7986,vegetables and fruits,Onion,KG,actual,Retail,ETB,57.34,0.4096,7,5,agent:5|user:2,published,waga-index-v1,snap_2026-07-25T06_v1
2026-07-20,Addis Ababa,Addis Ababa,Shola Gebeya,9.0244,38.7986,oil and fats,Cooking oil,L,actual,Retail,ETB,202.01,1.4429,5,3,agent:4|user:1,published,waga-index-v1,snap_2026-07-25T06_v1
2026-07-20,Addis Ababa,Addis Ababa,Piazza,9.0356,38.7522,cereals and tubers,Teff (mixed),KG,actual,Retail,ETB,119.05,0.8504,5,3,agent:4|user:1,published,waga-index-v1,snap_2026-07-25T06_v1
2026-07-20,Addis Ababa,Addis Ababa,Piazza,9.0356,38.7522,cereals and tubers,Wheat,KG,actual,Retail,ETB,72.91,0.5208,7,5,agent:5|user:2,published,waga-index-v1,snap_2026-07-25T06_v1
2026-07-20,Addis Ababa,Addis Ababa,Piazza,9.0356,38.7522,cereals and tubers,Maize,KG,actual,Retail,ETB,46.58,0.3327,8,5,agent:6|user:2,published,waga-index-v1,snap_2026-07-25T06_v1
2026-07-20,Addis Ababa,Addis Ababa,Piazza,9.0356,38.7522,vegetables and fruits,Onion,KG,actual,Retail,ETB,57.32,0.4094,6,4,agent:4|user:2,published,waga-index-v1,snap_2026-07-25T06_v1
2026-07-20,Addis Ababa,Addis Ababa,Piazza,9.0356,38.7522,oil and fats,Cooking oil,L,actual,Retail,ETB,210.48,1.5034,7,5,agent:5|user:2,published,waga-index-v1,snap_2026-07-25T06_v1
2026-07-21,Addis Ababa,Addis Ababa,Merkato,9.0341,38.7395,cereals and tubers,Teff (mixed),KG,actual,Retail,ETB,107.27,0.7662,3,2,agent:2|user:1,published,waga-index-v1,snap_2026-07-25T06_v1
2026-07-21,Addis Ababa,Addis Ababa,Merkato,9.0341,38.7395,cereals and tubers,Wheat,KG,actual,Retail,ETB,61.18,0.4370,5,3,agent:4|user:1,published,waga-index-v1,snap_2026-07-25T06_v1
2026-07-21,Addis Ababa,Addis Ababa,Merkato,9.0341,38.7395,cereals and tubers,Maize,KG,actual,Retail,ETB,39.98,0.2856,4,3,agent:3|user:1,published,waga-index-v1,snap_2026-07-25T06_v1
2026-07-21,Addis Ababa,Addis Ababa,Merkato,9.0341,38.7395,vegetables and fruits,Onion,KG,actual,Retail,ETB,,,0,0,,insufficient_data,waga-index-v1,snap_2026-07-25T06_v1
2026-07-21,Addis Ababa,Addis Ababa,Merkato,9.0341,38.7395,oil and fats,Cooking oil,L,actual,Retail,ETB,187.26,1.3376,8,5,agent:6|user:2,published,waga-index-v1,snap_2026-07-25T06_v1
2026-07-21,Addis Ababa,Addis Ababa,Ehil Berenda,9.0333,38.7389,cereals and tubers,Teff (mixed),KG,actual,Retail,ETB,100.08,0.7149,4,3,agent:3|user:1,published,waga-index-v1,snap_2026-07-25T06_v1
2026-07-21,Addis Ababa,Addis Ababa,Ehil Berenda,9.0333,38.7389,cereals and tubers,Wheat,KG,actual,Retail,ETB,65.80,0.4700,5,3,agent:4|user:1,published,waga-index-v1,snap_2026-07-25T06_v1
2026-07-21,Addis Ababa,Addis Ababa,Ehil Berenda,9.0333,38.7389,cereals and tubers,Maize,KG,actual,Retail,ETB,41.71,0.2979,8,5,agent:6|user:2,published,waga-index-v1,snap_2026-07-25T06_v1
2026-07-21,Addis Ababa,Addis Ababa,Ehil Berenda,9.0333,38.7389,vegetables and fruits,Onion,KG,actual,Retail,ETB,50.83,0.3631,7,5,agent:5|user:2,published,waga-index-v1,snap_2026-07-25T06_v1
2026-07-21,Addis Ababa,Addis Ababa,Ehil Berenda,9.0333,38.7389,oil and fats,Cooking oil,L,actual,Retail,ETB,186.34,1.3310,7,5,agent:5|user:2,published,waga-index-v1,snap_2026-07-25T06_v1
2026-07-21,Addis Ababa,Addis Ababa,Atikilt Tera,9.03,38.745,cereals and tubers,Teff (mixed),KG,actual,Retail,ETB,105.44,0.7531,4,3,agent:3|user:1,published,waga-index-v1,snap_2026-07-25T06_v1
2026-07-21,Addis Ababa,Addis Ababa,Atikilt Tera,9.03,38.745,cereals and tubers,Wheat,KG,actual,Retail,ETB,66.58,0.4756,5,3,agent:4|user:1,published,waga-index-v1,snap_2026-07-25T06_v1
2026-07-21,Addis Ababa,Addis Ababa,Atikilt Tera,9.03,38.745,cereals and tubers,Maize,KG,actual,Retail,ETB,42.70,0.3050,8,5,agent:6|user:2,published,waga-index-v1,snap_2026-07-25T06_v1
2026-07-21,Addis Ababa,Addis Ababa,Atikilt Tera,9.03,38.745,vegetables and fruits,Onion,KG,actual,Retail,ETB,46.17,0.3298,3,2,agent:2|user:1,published,waga-index-v1,snap_2026-07-25T06_v1
2026-07-21,Addis Ababa,Addis Ababa,Atikilt Tera,9.03,38.745,oil and fats,Cooking oil,L,actual,Retail,ETB,181.22,1.2944,3,2,agent:2|user:1,published,waga-index-v1,snap_2026-07-25T06_v1
2026-07-21,Addis Ababa,Addis Ababa,Asko,9.0489,38.6889,cereals and tubers,Teff (mixed),KG,actual,Retail,ETB,109.33,0.7809,8,5,agent:6|user:2,published,waga-index-v1,snap_2026-07-25T06_v1
2026-07-21,Addis Ababa,Addis Ababa,Asko,9.0489,38.6889,cereals and tubers,Wheat,KG,actual,Retail,ETB,65.56,0.4683,7,5,agent:5|user:2,published,waga-index-v1,snap_2026-07-25T06_v1
2026-07-21,Addis Ababa,Addis Ababa,Asko,9.0489,38.6889,cereals and tubers,Maize,KG,actual,Retail,ETB,43.86,0.3133,3,2,agent:2|user:1,published,waga-index-v1,snap_2026-07-25T06_v1
2026-07-21,Addis Ababa,Addis Ababa,Asko,9.0489,38.6889,vegetables and fruits,Onion,KG,actual,Retail,ETB,53.55,0.3825,4,3,agent:3|user:1,published,waga-index-v1,snap_2026-07-25T06_v1
2026-07-21,Addis Ababa,Addis Ababa,Asko,9.0489,38.6889,oil and fats,Cooking oil,L,actual,Retail,ETB,196.05,1.4004,7,5,agent:5|user:2,published,waga-index-v1,snap_2026-07-25T06_v1
2026-07-21,Addis Ababa,Addis Ababa,Saris,8.9797,38.7622,cereals and tubers,Teff (mixed),KG,actual,Retail,ETB,110.09,0.7864,9,6,agent:7|user:2,published,waga-index-v1,snap_2026-07-25T06_v1
2026-07-21,Addis Ababa,Addis Ababa,Saris,8.9797,38.7622,cereals and tubers,Wheat,KG,actual,Retail,ETB,66.88,0.4777,5,3,agent:4|user:1,published,waga-index-v1,snap_2026-07-25T06_v1
2026-07-21,Addis Ababa,Addis Ababa,Saris,8.9797,38.7622,cereals and tubers,Maize,KG,actual,Retail,ETB,44.17,0.3155,3,2,agent:2|user:1,published,waga-index-v1,snap_2026-07-25T06_v1
2026-07-21,Addis Ababa,Addis Ababa,Saris,8.9797,38.7622,vegetables and fruits,Onion,KG,actual,Retail,ETB,53.56,0.3826,5,3,agent:4|user:1,published,waga-index-v1,snap_2026-07-25T06_v1
2026-07-21,Addis Ababa,Addis Ababa,Saris,8.9797,38.7622,oil and fats,Cooking oil,L,actual,Retail,ETB,191.49,1.3678,8,5,agent:6|user:2,published,waga-index-v1,snap_2026-07-25T06_v1
2026-07-21,Addis Ababa,Addis Ababa,Akaki,8.8939,38.8069,cereals and tubers,Teff (mixed),KG,actual,Retail,ETB,110.02,0.7859,6,4,agent:4|user:2,published,waga-index-v1,snap_2026-07-25T06_v1
2026-07-21,Addis Ababa,Addis Ababa,Akaki,8.8939,38.8069,cereals and tubers,Wheat,KG,actual,Retail,ETB,66.73,0.4766,9,6,agent:7|user:2,published,waga-index-v1,snap_2026-07-25T06_v1
2026-07-21,Addis Ababa,Addis Ababa,Akaki,8.8939,38.8069,cereals and tubers,Maize,KG,actual,Retail,ETB,43.89,0.3135,4,3,agent:3|user:1,published,waga-index-v1,snap_2026-07-25T06_v1
2026-07-21,Addis Ababa,Addis Ababa,Akaki,8.8939,38.8069,vegetables and fruits,Onion,KG,actual,Retail,ETB,,,1,1,agent:1,insufficient_data,waga-index-v1,snap_2026-07-25T06_v1
2026-07-21,Addis Ababa,Addis Ababa,Akaki,8.8939,38.8069,oil and fats,Cooking oil,L,actual,Retail,ETB,196.58,1.4041,6,4,agent:4|user:2,published,waga-index-v1,snap_2026-07-25T06_v1
2026-07-21,Addis Ababa,Addis Ababa,Kera,8.9994,38.7481,cereals and tubers,Teff (mixed),KG,actual,Retail,ETB,112.73,0.8052,6,4,agent:4|user:2,published,waga-index-v1,snap_2026-07-25T06_v1
2026-07-21,Addis Ababa,Addis Ababa,Kera,8.9994,38.7481,cereals and tubers,Wheat,KG,actual,Retail,ETB,70.18,0.5013,5,3,agent:4|user:1,published,waga-index-v1,snap_2026-07-25T06_v1
2026-07-21,Addis Ababa,Addis Ababa,Kera,8.9994,38.7481,cereals and tubers,Maize,KG,actual,Retail,ETB,47.65,0.3404,9,6,agent:7|user:2,published,waga-index-v1,snap_2026-07-25T06_v1
2026-07-21,Addis Ababa,Addis Ababa,Kera,8.9994,38.7481,vegetables and fruits,Onion,KG,actual,Retail,ETB,54.47,0.3891,4,3,agent:3|user:1,published,waga-index-v1,snap_2026-07-25T06_v1
2026-07-21,Addis Ababa,Addis Ababa,Kera,8.9994,38.7481,oil and fats,Cooking oil,L,actual,Retail,ETB,201.92,1.4423,7,5,agent:5|user:2,published,waga-index-v1,snap_2026-07-25T06_v1
2026-07-21,Addis Ababa,Addis Ababa,Shola Gebeya,9.0244,38.7986,cereals and tubers,Teff (mixed),KG,actual,Retail,ETB,,,2,2,agent:2,insufficient_data,waga-index-v1,snap_2026-07-25T06_v1
2026-07-21,Addis Ababa,Addis Ababa,Shola Gebeya,9.0244,38.7986,cereals and tubers,Wheat,KG,actual,Retail,ETB,70.08,0.5006,7,5,agent:5|user:2,published,waga-index-v1,snap_2026-07-25T06_v1
2026-07-21,Addis Ababa,Addis Ababa,Shola Gebeya,9.0244,38.7986,cereals and tubers,Maize,KG,actual,Retail,ETB,46.29,0.3306,7,5,agent:5|user:2,published,waga-index-v1,snap_2026-07-25T06_v1
2026-07-21,Addis Ababa,Addis Ababa,Shola Gebeya,9.0244,38.7986,vegetables and fruits,Onion,KG,actual,Retail,ETB,58.60,0.4186,4,3,agent:3|user:1,published,waga-index-v1,snap_2026-07-25T06_v1
2026-07-21,Addis Ababa,Addis Ababa,Shola Gebeya,9.0244,38.7986,oil and fats,Cooking oil,L,actual,Retail,ETB,201.90,1.4421,7,5,agent:5|user:2,published,waga-index-v1,snap_2026-07-25T06_v1
2026-07-21,Addis Ababa,Addis Ababa,Piazza,9.0356,38.7522,cereals and tubers,Teff (mixed),KG,actual,Retail,ETB,118.94,0.8496,3,2,agent:2|user:1,published,waga-index-v1,snap_2026-07-25T06_v1
2026-07-21,Addis Ababa,Addis Ababa,Piazza,9.0356,38.7522,cereals and tubers,Wheat,KG,actual,Retail,ETB,72.47,0.5176,5,3,agent:4|user:1,published,waga-index-v1,snap_2026-07-25T06_v1
2026-07-21,Addis Ababa,Addis Ababa,Piazza,9.0356,38.7522,cereals and tubers,Maize,KG,actual,Retail,ETB,46.21,0.3301,5,3,agent:4|user:1,published,waga-index-v1,snap_2026-07-25T06_v1
2026-07-21,Addis Ababa,Addis Ababa,Piazza,9.0356,38.7522,vegetables and fruits,Onion,KG,actual,Retail,ETB,58.13,0.4152,5,3,agent:4|user:1,published,waga-index-v1,snap_2026-07-25T06_v1
2026-07-21,Addis Ababa,Addis Ababa,Piazza,9.0356,38.7522,oil and fats,Cooking oil,L,actual,Retail,ETB,211.01,1.5072,8,5,agent:6|user:2,published,waga-index-v1,snap_2026-07-25T06_v1
2026-07-22,Addis Ababa,Addis Ababa,Merkato,9.0341,38.7395,cereals and tubers,Teff (mixed),KG,actual,Retail,ETB,106.53,0.7609,8,5,agent:6|user:2,published,waga-index-v1,snap_2026-07-25T06_v1
2026-07-22,Addis Ababa,Addis Ababa,Merkato,9.0341,38.7395,cereals and tubers,Wheat,KG,actual,Retail,ETB,61.63,0.4402,4,3,agent:3|user:1,published,waga-index-v1,snap_2026-07-25T06_v1
2026-07-22,Addis Ababa,Addis Ababa,Merkato,9.0341,38.7395,cereals and tubers,Maize,KG,actual,Retail,ETB,40.41,0.2886,7,5,agent:5|user:2,published,waga-index-v1,snap_2026-07-25T06_v1
2026-07-22,Addis Ababa,Addis Ababa,Merkato,9.0341,38.7395,vegetables and fruits,Onion,KG,actual,Retail,ETB,51.43,0.3674,9,6,agent:7|user:2,published,waga-index-v1,snap_2026-07-25T06_v1
2026-07-22,Addis Ababa,Addis Ababa,Merkato,9.0341,38.7395,oil and fats,Cooking oil,L,actual,Retail,ETB,189.03,1.3502,9,6,agent:7|user:2,published,waga-index-v1,snap_2026-07-25T06_v1
2026-07-22,Addis Ababa,Addis Ababa,Ehil Berenda,9.0333,38.7389,cereals and tubers,Teff (mixed),KG,actual,Retail,ETB,100.52,0.7180,9,6,agent:7|user:2,published,waga-index-v1,snap_2026-07-25T06_v1
2026-07-22,Addis Ababa,Addis Ababa,Ehil Berenda,9.0333,38.7389,cereals and tubers,Wheat,KG,actual,Retail,ETB,65.24,0.4660,8,5,agent:6|user:2,published,waga-index-v1,snap_2026-07-25T06_v1
2026-07-22,Addis Ababa,Addis Ababa,Ehil Berenda,9.0333,38.7389,cereals and tubers,Maize,KG,actual,Retail,ETB,41.64,0.2974,4,3,agent:3|user:1,published,waga-index-v1,snap_2026-07-25T06_v1
2026-07-22,Addis Ababa,Addis Ababa,Ehil Berenda,9.0333,38.7389,vegetables and fruits,Onion,KG,actual,Retail,ETB,51.75,0.3696,8,5,agent:6|user:2,published,waga-index-v1,snap_2026-07-25T06_v1
2026-07-22,Addis Ababa,Addis Ababa,Ehil Berenda,9.0333,38.7389,oil and fats,Cooking oil,L,actual,Retail,ETB,,,0,0,,insufficient_data,waga-index-v1,snap_2026-07-25T06_v1
2026-07-22,Addis Ababa,Addis Ababa,Atikilt Tera,9.03,38.745,cereals and tubers,Teff (mixed),KG,actual,Retail,ETB,107.36,0.7669,8,5,agent:6|user:2,published,waga-index-v1,snap_2026-07-25T06_v1
2026-07-22,Addis Ababa,Addis Ababa,Atikilt Tera,9.03,38.745,cereals and tubers,Wheat,KG,actual,Retail,ETB,66.73,0.4766,5,3,agent:4|user:1,published,waga-index-v1,snap_2026-07-25T06_v1
2026-07-22,Addis Ababa,Addis Ababa,Atikilt Tera,9.03,38.745,cereals and tubers,Maize,KG,actual,Retail,ETB,42.76,0.3054,3,2,agent:2|user:1,published,waga-index-v1,snap_2026-07-25T06_v1
2026-07-22,Addis Ababa,Addis Ababa,Atikilt Tera,9.03,38.745,vegetables and fruits,Onion,KG,actual,Retail,ETB,50.53,0.3609,7,5,agent:5|user:2,published,waga-index-v1,snap_2026-07-25T06_v1
2026-07-22,Addis Ababa,Addis Ababa,Atikilt Tera,9.03,38.745,oil and fats,Cooking oil,L,actual,Retail,ETB,181.76,1.2983,4,3,agent:3|user:1,published,waga-index-v1,snap_2026-07-25T06_v1
2026-07-22,Addis Ababa,Addis Ababa,Asko,9.0489,38.6889,cereals and tubers,Teff (mixed),KG,actual,Retail,ETB,110.18,0.7870,3,2,agent:2|user:1,published,waga-index-v1,snap_2026-07-25T06_v1
2026-07-22,Addis Ababa,Addis Ababa,Asko,9.0489,38.6889,cereals and tubers,Wheat,KG,actual,Retail,ETB,65.64,0.4689,5,3,agent:4|user:1,published,waga-index-v1,snap_2026-07-25T06_v1
2026-07-22,Addis Ababa,Addis Ababa,Asko,9.0489,38.6889,cereals and tubers,Maize,KG,actual,Retail,ETB,43.35,0.3096,5,3,agent:4|user:1,published,waga-index-v1,snap_2026-07-25T06_v1
2026-07-22,Addis Ababa,Addis Ababa,Asko,9.0489,38.6889,vegetables and fruits,Onion,KG,actual,Retail,ETB,53.86,0.3847,5,3,agent:4|user:1,published,waga-index-v1,snap_2026-07-25T06_v1
2026-07-22,Addis Ababa,Addis Ababa,Asko,9.0489,38.6889,oil and fats,Cooking oil,L,actual,Retail,ETB,197.59,1.4114,9,6,agent:7|user:2,published,waga-index-v1,snap_2026-07-25T06_v1
2026-07-22,Addis Ababa,Addis Ababa,Saris,8.9797,38.7622,cereals and tubers,Teff (mixed),KG,actual,Retail,ETB,109.96,0.7854,9,6,agent:7|user:2,published,waga-index-v1,snap_2026-07-25T06_v1
2026-07-22,Addis Ababa,Addis Ababa,Saris,8.9797,38.7622,cereals and tubers,Wheat,KG,actual,Retail,ETB,66.95,0.4782,6,4,agent:4|user:2,published,waga-index-v1,snap_2026-07-25T06_v1
2026-07-22,Addis Ababa,Addis Ababa,Saris,8.9797,38.7622,cereals and tubers,Maize,KG,actual,Retail,ETB,44.10,0.3150,4,3,agent:3|user:1,published,waga-index-v1,snap_2026-07-25T06_v1
2026-07-22,Addis Ababa,Addis Ababa,Saris,8.9797,38.7622,vegetables and fruits,Onion,KG,actual,Retail,ETB,54.15,0.3868,3,2,agent:2|user:1,published,waga-index-v1,snap_2026-07-25T06_v1
2026-07-22,Addis Ababa,Addis Ababa,Saris,8.9797,38.7622,oil and fats,Cooking oil,L,actual,Retail,ETB,193.50,1.3821,3,2,agent:2|user:1,published,waga-index-v1,snap_2026-07-25T06_v1
2026-07-22,Addis Ababa,Addis Ababa,Akaki,8.8939,38.8069,cereals and tubers,Teff (mixed),KG,actual,Retail,ETB,111.37,0.7955,4,3,agent:3|user:1,published,waga-index-v1,snap_2026-07-25T06_v1
2026-07-22,Addis Ababa,Addis Ababa,Akaki,8.8939,38.8069,cereals and tubers,Wheat,KG,actual,Retail,ETB,67.41,0.4815,7,5,agent:5|user:2,published,waga-index-v1,snap_2026-07-25T06_v1
2026-07-22,Addis Ababa,Addis Ababa,Akaki,8.8939,38.8069,cereals and tubers,Maize,KG,actual,Retail,ETB,44.34,0.3167,3,2,agent:2|user:1,published,waga-index-v1,snap_2026-07-25T06_v1
2026-07-22,Addis Ababa,Addis Ababa,Akaki,8.8939,38.8069,vegetables and fruits,Onion,KG,actual,Retail,ETB,54.29,0.3878,4,3,agent:3|user:1,published,waga-index-v1,snap_2026-07-25T06_v1
2026-07-22,Addis Ababa,Addis Ababa,Akaki,8.8939,38.8069,oil and fats,Cooking oil,L,actual,Retail,ETB,198.68,1.4191,8,5,agent:6|user:2,published,waga-index-v1,snap_2026-07-25T06_v1
2026-07-22,Addis Ababa,Addis Ababa,Kera,8.9994,38.7481,cereals and tubers,Teff (mixed),KG,actual,Retail,ETB,114.39,0.8171,6,4,agent:4|user:2,published,waga-index-v1,snap_2026-07-25T06_v1
2026-07-22,Addis Ababa,Addis Ababa,Kera,8.9994,38.7481,cereals and tubers,Wheat,KG,actual,Retail,ETB,70.04,0.5003,5,3,agent:4|user:1,published,waga-index-v1,snap_2026-07-25T06_v1
2026-07-22,Addis Ababa,Addis Ababa,Kera,8.9994,38.7481,cereals and tubers,Maize,KG,actual,Retail,ETB,49.00,0.3500,5,3,agent:4|user:1,published,waga-index-v1,snap_2026-07-25T06_v1
2026-07-22,Addis Ababa,Addis Ababa,Kera,8.9994,38.7481,vegetables and fruits,Onion,KG,actual,Retail,ETB,55.32,0.3951,4,3,agent:3|user:1,published,waga-index-v1,snap_2026-07-25T06_v1
2026-07-22,Addis Ababa,Addis Ababa,Kera,8.9994,38.7481,oil and fats,Cooking oil,L,actual,Retail,ETB,204.23,1.4588,6,4,agent:4|user:2,published,waga-index-v1,snap_2026-07-25T06_v1
2026-07-22,Addis Ababa,Addis Ababa,Shola Gebeya,9.0244,38.7986,cereals and tubers,Teff (mixed),KG,actual,Retail,ETB,,,2,2,agent:2,insufficient_data,waga-index-v1,snap_2026-07-25T06_v1
2026-07-22,Addis Ababa,Addis Ababa,Shola Gebeya,9.0244,38.7986,cereals and tubers,Wheat,KG,actual,Retail,ETB,70.50,0.5036,5,3,agent:4|user:1,published,waga-index-v1,snap_2026-07-25T06_v1
2026-07-22,Addis Ababa,Addis Ababa,Shola Gebeya,9.0244,38.7986,cereals and tubers,Maize,KG,actual,Retail,ETB,,,1,1,agent:1,insufficient_data,waga-index-v1,snap_2026-07-25T06_v1
2026-07-22,Addis Ababa,Addis Ababa,Shola Gebeya,9.0244,38.7986,vegetables and fruits,Onion,KG,actual,Retail,ETB,58.95,0.4211,8,5,agent:6|user:2,published,waga-index-v1,snap_2026-07-25T06_v1
2026-07-22,Addis Ababa,Addis Ababa,Shola Gebeya,9.0244,38.7986,oil and fats,Cooking oil,L,actual,Retail,ETB,201.87,1.4419,7,5,agent:5|user:2,published,waga-index-v1,snap_2026-07-25T06_v1
2026-07-22,Addis Ababa,Addis Ababa,Piazza,9.0356,38.7522,cereals and tubers,Teff (mixed),KG,actual,Retail,ETB,120.37,0.8598,7,5,agent:5|user:2,published,waga-index-v1,snap_2026-07-25T06_v1
2026-07-22,Addis Ababa,Addis Ababa,Piazza,9.0356,38.7522,cereals and tubers,Wheat,KG,actual,Retail,ETB,72.69,0.5192,4,3,agent:3|user:1,published,waga-index-v1,snap_2026-07-25T06_v1
2026-07-22,Addis Ababa,Addis Ababa,Piazza,9.0356,38.7522,cereals and tubers,Maize,KG,actual,Retail,ETB,46.98,0.3356,6,4,agent:4|user:2,published,waga-index-v1,snap_2026-07-25T06_v1
2026-07-22,Addis Ababa,Addis Ababa,Piazza,9.0356,38.7522,vegetables and fruits,Onion,KG,actual,Retail,ETB,58.76,0.4197,9,6,agent:7|user:2,published,waga-index-v1,snap_2026-07-25T06_v1
2026-07-22,Addis Ababa,Addis Ababa,Piazza,9.0356,38.7522,oil and fats,Cooking oil,L,actual,Retail,ETB,,,2,2,agent:2,insufficient_data,waga-index-v1,snap_2026-07-25T06_v1
2026-07-23,Addis Ababa,Addis Ababa,Merkato,9.0341,38.7395,cereals and tubers,Teff (mixed),KG,actual,Retail,ETB,,,0,0,,insufficient_data,waga-index-v1,snap_2026-07-25T06_v1
2026-07-23,Addis Ababa,Addis Ababa,Merkato,9.0341,38.7395,cereals and tubers,Wheat,KG,actual,Retail,ETB,61.54,0.4396,7,5,agent:5|user:2,published,waga-index-v1,snap_2026-07-25T06_v1
2026-07-23,Addis Ababa,Addis Ababa,Merkato,9.0341,38.7395,cereals and tubers,Maize,KG,actual,Retail,ETB,40.25,0.2875,4,3,agent:3|user:1,published,waga-index-v1,snap_2026-07-25T06_v1
2026-07-23,Addis Ababa,Addis Ababa,Merkato,9.0341,38.7395,vegetables and fruits,Onion,KG,actual,Retail,ETB,52.17,0.3726,3,2,agent:2|user:1,published,waga-index-v1,snap_2026-07-25T06_v1
2026-07-23,Addis Ababa,Addis Ababa,Merkato,9.0341,38.7395,oil and fats,Cooking oil,L,actual,Retail,ETB,189.52,1.3537,3,2,agent:2|user:1,published,waga-index-v1,snap_2026-07-25T06_v1
2026-07-23,Addis Ababa,Addis Ababa,Ehil Berenda,9.0333,38.7389,cereals and tubers,Teff (mixed),KG,actual,Retail,ETB,99.12,0.7080,5,3,agent:4|user:1,published,waga-index-v1,snap_2026-07-25T06_v1
2026-07-23,Addis Ababa,Addis Ababa,Ehil Berenda,9.0333,38.7389,cereals and tubers,Wheat,KG,actual,Retail,ETB,66.18,0.4727,4,3,agent:3|user:1,published,waga-index-v1,snap_2026-07-25T06_v1
2026-07-23,Addis Ababa,Addis Ababa,Ehil Berenda,9.0333,38.7389,cereals and tubers,Maize,KG,actual,Retail,ETB,42.01,0.3001,4,3,agent:3|user:1,published,waga-index-v1,snap_2026-07-25T06_v1
2026-07-23,Addis Ababa,Addis Ababa,Ehil Berenda,9.0333,38.7389,vegetables and fruits,Onion,KG,actual,Retail,ETB,52.15,0.3725,4,3,agent:3|user:1,published,waga-index-v1,snap_2026-07-25T06_v1
2026-07-23,Addis Ababa,Addis Ababa,Ehil Berenda,9.0333,38.7389,oil and fats,Cooking oil,L,actual,Retail,ETB,190.88,1.3634,3,2,agent:2|user:1,published,waga-index-v1,snap_2026-07-25T06_v1
2026-07-23,Addis Ababa,Addis Ababa,Atikilt Tera,9.03,38.745,cereals and tubers,Teff (mixed),KG,actual,Retail,ETB,,,2,2,agent:2,insufficient_data,waga-index-v1,snap_2026-07-25T06_v1
2026-07-23,Addis Ababa,Addis Ababa,Atikilt Tera,9.03,38.745,cereals and tubers,Wheat,KG,actual,Retail,ETB,65.72,0.4694,4,3,agent:3|user:1,published,waga-index-v1,snap_2026-07-25T06_v1
2026-07-23,Addis Ababa,Addis Ababa,Atikilt Tera,9.03,38.745,cereals and tubers,Maize,KG,actual,Retail,ETB,43.30,0.3093,7,5,agent:5|user:2,published,waga-index-v1,snap_2026-07-25T06_v1
2026-07-23,Addis Ababa,Addis Ababa,Atikilt Tera,9.03,38.745,vegetables and fruits,Onion,KG,actual,Retail,ETB,53.98,0.3856,5,3,agent:4|user:1,published,waga-index-v1,snap_2026-07-25T06_v1
2026-07-23,Addis Ababa,Addis Ababa,Atikilt Tera,9.03,38.745,oil and fats,Cooking oil,L,actual,Retail,ETB,182.66,1.3047,4,3,agent:3|user:1,published,waga-index-v1,snap_2026-07-25T06_v1
2026-07-23,Addis Ababa,Addis Ababa,Asko,9.0489,38.6889,cereals and tubers,Teff (mixed),KG,actual,Retail,ETB,112.22,0.8016,8,5,agent:6|user:2,published,waga-index-v1,snap_2026-07-25T06_v1
2026-07-23,Addis Ababa,Addis Ababa,Asko,9.0489,38.6889,cereals and tubers,Wheat,KG,actual,Retail,ETB,,,1,1,agent:1,insufficient_data,waga-index-v1,snap_2026-07-25T06_v1
2026-07-23,Addis Ababa,Addis Ababa,Asko,9.0489,38.6889,cereals and tubers,Maize,KG,actual,Retail,ETB,43.61,0.3115,7,5,agent:5|user:2,published,waga-index-v1,snap_2026-07-25T06_v1
2026-07-23,Addis Ababa,Addis Ababa,Asko,9.0489,38.6889,vegetables and fruits,Onion,KG,actual,Retail,ETB,53.33,0.3809,9,6,agent:7|user:2,published,waga-index-v1,snap_2026-07-25T06_v1
2026-07-23,Addis Ababa,Addis Ababa,Asko,9.0489,38.6889,oil and fats,Cooking oil,L,actual,Retail,ETB,197.84,1.4131,4,3,agent:3|user:1,published,waga-index-v1,snap_2026-07-25T06_v1
2026-07-23,Addis Ababa,Addis Ababa,Saris,8.9797,38.7622,cereals and tubers,Teff (mixed),KG,actual,Retail,ETB,110.11,0.7865,9,6,agent:7|user:2,published,waga-index-v1,snap_2026-07-25T06_v1
2026-07-23,Addis Ababa,Addis Ababa,Saris,8.9797,38.7622,cereals and tubers,Wheat,KG,actual,Retail,ETB,67.80,0.4843,9,6,agent:7|user:2,published,waga-index-v1,snap_2026-07-25T06_v1
2026-07-23,Addis Ababa,Addis Ababa,Saris,8.9797,38.7622,cereals and tubers,Maize,KG,actual,Retail,ETB,44.17,0.3155,8,5,agent:6|user:2,published,waga-index-v1,snap_2026-07-25T06_v1
2026-07-23,Addis Ababa,Addis Ababa,Saris,8.9797,38.7622,vegetables and fruits,Onion,KG,actual,Retail,ETB,54.16,0.3869,3,2,agent:2|user:1,published,waga-index-v1,snap_2026-07-25T06_v1
2026-07-23,Addis Ababa,Addis Ababa,Saris,8.9797,38.7622,oil and fats,Cooking oil,L,actual,Retail,ETB,196.56,1.4040,6,4,agent:4|user:2,published,waga-index-v1,snap_2026-07-25T06_v1
2026-07-23,Addis Ababa,Addis Ababa,Akaki,8.8939,38.8069,cereals and tubers,Teff (mixed),KG,actual,Retail,ETB,112.23,0.8016,6,4,agent:4|user:2,published,waga-index-v1,snap_2026-07-25T06_v1
2026-07-23,Addis Ababa,Addis Ababa,Akaki,8.8939,38.8069,cereals and tubers,Wheat,KG,actual,Retail,ETB,67.79,0.4842,8,5,agent:6|user:2,published,waga-index-v1,snap_2026-07-25T06_v1
2026-07-23,Addis Ababa,Addis Ababa,Akaki,8.8939,38.8069,cereals and tubers,Maize,KG,actual,Retail,ETB,43.78,0.3127,4,3,agent:3|user:1,published,waga-index-v1,snap_2026-07-25T06_v1
2026-07-23,Addis Ababa,Addis Ababa,Akaki,8.8939,38.8069,vegetables and fruits,Onion,KG,actual,Retail,ETB,55.09,0.3935,6,4,agent:4|user:2,published,waga-index-v1,snap_2026-07-25T06_v1
2026-07-23,Addis Ababa,Addis Ababa,Akaki,8.8939,38.8069,oil and fats,Cooking oil,L,actual,Retail,ETB,200.47,1.4319,6,4,agent:4|user:2,published,waga-index-v1,snap_2026-07-25T06_v1
2026-07-23,Addis Ababa,Addis Ababa,Kera,8.9994,38.7481,cereals and tubers,Teff (mixed),KG,actual,Retail,ETB,114.85,0.8204,4,3,agent:3|user:1,published,waga-index-v1,snap_2026-07-25T06_v1
2026-07-23,Addis Ababa,Addis Ababa,Kera,8.9994,38.7481,cereals and tubers,Wheat,KG,actual,Retail,ETB,69.95,0.4996,6,4,agent:4|user:2,published,waga-index-v1,snap_2026-07-25T06_v1
2026-07-23,Addis Ababa,Addis Ababa,Kera,8.9994,38.7481,cereals and tubers,Maize,KG,actual,Retail,ETB,50.14,0.3581,5,3,agent:4|user:1,published,waga-index-v1,snap_2026-07-25T06_v1
2026-07-23,Addis Ababa,Addis Ababa,Kera,8.9994,38.7481,vegetables and fruits,Onion,KG,actual,Retail,ETB,,,0,0,,insufficient_data,waga-index-v1,snap_2026-07-25T06_v1
2026-07-23,Addis Ababa,Addis Ababa,Kera,8.9994,38.7481,oil and fats,Cooking oil,L,actual,Retail,ETB,208.62,1.4901,6,4,agent:4|user:2,published,waga-index-v1,snap_2026-07-25T06_v1
2026-07-23,Addis Ababa,Addis Ababa,Shola Gebeya,9.0244,38.7986,cereals and tubers,Teff (mixed),KG,actual,Retail,ETB,118.47,0.8462,6,4,agent:4|user:2,published,waga-index-v1,snap_2026-07-25T06_v1
2026-07-23,Addis Ababa,Addis Ababa,Shola Gebeya,9.0244,38.7986,cereals and tubers,Wheat,KG,actual,Retail,ETB,71.20,0.5086,6,4,agent:4|user:2,published,waga-index-v1,snap_2026-07-25T06_v1
2026-07-23,Addis Ababa,Addis Ababa,Shola Gebeya,9.0244,38.7986,cereals and tubers,Maize,KG,actual,Retail,ETB,47.00,0.3357,8,5,agent:6|user:2,published,waga-index-v1,snap_2026-07-25T06_v1
2026-07-23,Addis Ababa,Addis Ababa,Shola Gebeya,9.0244,38.7986,vegetables and fruits,Onion,KG,actual,Retail,ETB,59.88,0.4277,6,4,agent:4|user:2,published,waga-index-v1,snap_2026-07-25T06_v1
2026-07-23,Addis Ababa,Addis Ababa,Shola Gebeya,9.0244,38.7986,oil and fats,Cooking oil,L,actual,Retail,ETB,203.87,1.4562,8,5,agent:6|user:2,published,waga-index-v1,snap_2026-07-25T06_v1
2026-07-23,Addis Ababa,Addis Ababa,Piazza,9.0356,38.7522,cereals and tubers,Teff (mixed),KG,actual,Retail,ETB,121.70,0.8693,8,5,agent:6|user:2,published,waga-index-v1,snap_2026-07-25T06_v1
2026-07-23,Addis Ababa,Addis Ababa,Piazza,9.0356,38.7522,cereals and tubers,Wheat,KG,actual,Retail,ETB,72.62,0.5187,7,5,agent:5|user:2,published,waga-index-v1,snap_2026-07-25T06_v1
2026-07-23,Addis Ababa,Addis Ababa,Piazza,9.0356,38.7522,cereals and tubers,Maize,KG,actual,Retail,ETB,47.43,0.3388,4,3,agent:3|user:1,published,waga-index-v1,snap_2026-07-25T06_v1
2026-07-23,Addis Ababa,Addis Ababa,Piazza,9.0356,38.7522,vegetables and fruits,Onion,KG,actual,Retail,ETB,58.05,0.4146,7,5,agent:5|user:2,published,waga-index-v1,snap_2026-07-25T06_v1
2026-07-23,Addis Ababa,Addis Ababa,Piazza,9.0356,38.7522,oil and fats,Cooking oil,L,actual,Retail,ETB,213.05,1.5218,9,6,agent:7|user:2,published,waga-index-v1,snap_2026-07-25T06_v1
2026-07-24,Addis Ababa,Addis Ababa,Merkato,9.0341,38.7395,cereals and tubers,Teff (mixed),KG,actual,Retail,ETB,107.11,0.7651,9,6,agent:7|user:2,published,waga-index-v1,snap_2026-07-25T06_v1
2026-07-24,Addis Ababa,Addis Ababa,Merkato,9.0341,38.7395,cereals and tubers,Wheat,KG,actual,Retail,ETB,61.64,0.4403,8,5,agent:6|user:2,published,waga-index-v1,snap_2026-07-25T06_v1
2026-07-24,Addis Ababa,Addis Ababa,Merkato,9.0341,38.7395,cereals and tubers,Maize,KG,actual,Retail,ETB,40.84,0.2917,8,5,agent:6|user:2,published,waga-index-v1,snap_2026-07-25T06_v1
2026-07-24,Addis Ababa,Addis Ababa,Merkato,9.0341,38.7395,vegetables and fruits,Onion,KG,actual,Retail,ETB,53.24,0.3803,7,5,agent:5|user:2,published,waga-index-v1,snap_2026-07-25T06_v1
2026-07-24,Addis Ababa,Addis Ababa,Merkato,9.0341,38.7395,oil and fats,Cooking oil,L,actual,Retail,ETB,190.98,1.3641,5,3,agent:4|user:1,published,waga-index-v1,snap_2026-07-25T06_v1
2026-07-24,Addis Ababa,Addis Ababa,Ehil Berenda,9.0333,38.7389,cereals and tubers,Teff (mixed),KG,actual,Retail,ETB,100.31,0.7165,7,5,agent:5|user:2,published,waga-index-v1,snap_2026-07-25T06_v1
2026-07-24,Addis Ababa,Addis Ababa,Ehil Berenda,9.0333,38.7389,cereals and tubers,Wheat,KG,actual,Retail,ETB,65.93,0.4709,3,2,agent:2|user:1,published,waga-index-v1,snap_2026-07-25T06_v1
2026-07-24,Addis Ababa,Addis Ababa,Ehil Berenda,9.0333,38.7389,cereals and tubers,Maize,KG,actual,Retail,ETB,42.14,0.3010,7,5,agent:5|user:2,published,waga-index-v1,snap_2026-07-25T06_v1
2026-07-24,Addis Ababa,Addis Ababa,Ehil Berenda,9.0333,38.7389,vegetables and fruits,Onion,KG,actual,Retail,ETB,52.69,0.3764,6,4,agent:4|user:2,published,waga-index-v1,snap_2026-07-25T06_v1
2026-07-24,Addis Ababa,Addis Ababa,Ehil Berenda,9.0333,38.7389,oil and fats,Cooking oil,L,actual,Retail,ETB,192.18,1.3727,7,5,agent:5|user:2,published,waga-index-v1,snap_2026-07-25T06_v1
2026-07-24,Addis Ababa,Addis Ababa,Atikilt Tera,9.03,38.745,cereals and tubers,Teff (mixed),KG,actual,Retail,ETB,108.60,0.7757,7,5,agent:5|user:2,published,waga-index-v1,snap_2026-07-25T06_v1
2026-07-24,Addis Ababa,Addis Ababa,Atikilt Tera,9.03,38.745,cereals and tubers,Wheat,KG,actual,Retail,ETB,66.00,0.4714,6,4,agent:4|user:2,published,waga-index-v1,snap_2026-07-25T06_v1
2026-07-24,Addis Ababa,Addis Ababa,Atikilt Tera,9.03,38.745,cereals and tubers,Maize,KG,actual,Retail,ETB,43.69,0.3121,8,5,agent:6|user:2,published,waga-index-v1,snap_2026-07-25T06_v1
2026-07-24,Addis Ababa,Addis Ababa,Atikilt Tera,9.03,38.745,vegetables and fruits,Onion,KG,actual,Retail,ETB,57.11,0.4079,3,2,agent:2|user:1,published,waga-index-v1,snap_2026-07-25T06_v1
2026-07-24,Addis Ababa,Addis Ababa,Atikilt Tera,9.03,38.745,oil and fats,Cooking oil,L,actual,Retail,ETB,183.81,1.3129,4,3,agent:3|user:1,published,waga-index-v1,snap_2026-07-25T06_v1
2026-07-24,Addis Ababa,Addis Ababa,Asko,9.0489,38.6889,cereals and tubers,Teff (mixed),KG,actual,Retail,ETB,111.20,0.7943,9,6,agent:7|user:2,published,waga-index-v1,snap_2026-07-25T06_v1
2026-07-24,Addis Ababa,Addis Ababa,Asko,9.0489,38.6889,cereals and tubers,Wheat,KG,actual,Retail,ETB,67.30,0.4807,8,5,agent:6|user:2,published,waga-index-v1,snap_2026-07-25T06_v1
2026-07-24,Addis Ababa,Addis Ababa,Asko,9.0489,38.6889,cereals and tubers,Maize,KG,actual,Retail,ETB,43.68,0.3120,6,4,agent:4|user:2,published,waga-index-v1,snap_2026-07-25T06_v1
2026-07-24,Addis Ababa,Addis Ababa,Asko,9.0489,38.6889,vegetables and fruits,Onion,KG,actual,Retail,ETB,,,2,2,agent:2,insufficient_data,waga-index-v1,snap_2026-07-25T06_v1
2026-07-24,Addis Ababa,Addis Ababa,Asko,9.0489,38.6889,oil and fats,Cooking oil,L,actual,Retail,ETB,196.02,1.4001,8,5,agent:6|user:2,published,waga-index-v1,snap_2026-07-25T06_v1
2026-07-24,Addis Ababa,Addis Ababa,Saris,8.9797,38.7622,cereals and tubers,Teff (mixed),KG,actual,Retail,ETB,,,0,0,,insufficient_data,waga-index-v1,snap_2026-07-25T06_v1
2026-07-24,Addis Ababa,Addis Ababa,Saris,8.9797,38.7622,cereals and tubers,Wheat,KG,actual,Retail,ETB,68.59,0.4899,4,3,agent:3|user:1,published,waga-index-v1,snap_2026-07-25T06_v1
2026-07-24,Addis Ababa,Addis Ababa,Saris,8.9797,38.7622,cereals and tubers,Maize,KG,actual,Retail,ETB,,,0,0,,insufficient_data,waga-index-v1,snap_2026-07-25T06_v1
2026-07-24,Addis Ababa,Addis Ababa,Saris,8.9797,38.7622,vegetables and fruits,Onion,KG,actual,Retail,ETB,54.95,0.3925,8,5,agent:6|user:2,published,waga-index-v1,snap_2026-07-25T06_v1
2026-07-24,Addis Ababa,Addis Ababa,Saris,8.9797,38.7622,oil and fats,Cooking oil,L,actual,Retail,ETB,197.69,1.4121,7,5,agent:5|user:2,published,waga-index-v1,snap_2026-07-25T06_v1
2026-07-24,Addis Ababa,Addis Ababa,Akaki,8.8939,38.8069,cereals and tubers,Teff (mixed),KG,actual,Retail,ETB,112.03,0.8002,8,5,agent:6|user:2,published,waga-index-v1,snap_2026-07-25T06_v1
2026-07-24,Addis Ababa,Addis Ababa,Akaki,8.8939,38.8069,cereals and tubers,Wheat,KG,actual,Retail,ETB,68.23,0.4874,8,5,agent:6|user:2,published,waga-index-v1,snap_2026-07-25T06_v1
2026-07-24,Addis Ababa,Addis Ababa,Akaki,8.8939,38.8069,cereals and tubers,Maize,KG,actual,Retail,ETB,43.99,0.3142,8,5,agent:6|user:2,published,waga-index-v1,snap_2026-07-25T06_v1
2026-07-24,Addis Ababa,Addis Ababa,Akaki,8.8939,38.8069,vegetables and fruits,Onion,KG,actual,Retail,ETB,55.15,0.3939,9,6,agent:7|user:2,published,waga-index-v1,snap_2026-07-25T06_v1
2026-07-24,Addis Ababa,Addis Ababa,Akaki,8.8939,38.8069,oil and fats,Cooking oil,L,actual,Retail,ETB,202.62,1.4473,8,5,agent:6|user:2,published,waga-index-v1,snap_2026-07-25T06_v1
2026-07-24,Addis Ababa,Addis Ababa,Kera,8.9994,38.7481,cereals and tubers,Teff (mixed),KG,actual,Retail,ETB,112.89,0.8064,5,3,agent:4|user:1,published,waga-index-v1,snap_2026-07-25T06_v1
2026-07-24,Addis Ababa,Addis Ababa,Kera,8.9994,38.7481,cereals and tubers,Wheat,KG,actual,Retail,ETB,68.84,0.4917,3,2,agent:2|user:1,published,waga-index-v1,snap_2026-07-25T06_v1
2026-07-24,Addis Ababa,Addis Ababa,Kera,8.9994,38.7481,cereals and tubers,Maize,KG,actual,Retail,ETB,50.90,0.3636,4,3,agent:3|user:1,published,waga-index-v1,snap_2026-07-25T06_v1
2026-07-24,Addis Ababa,Addis Ababa,Kera,8.9994,38.7481,vegetables and fruits,Onion,KG,actual,Retail,ETB,56.13,0.4009,8,5,agent:6|user:2,published,waga-index-v1,snap_2026-07-25T06_v1
2026-07-24,Addis Ababa,Addis Ababa,Kera,8.9994,38.7481,oil and fats,Cooking oil,L,actual,Retail,ETB,208.19,1.4871,6,4,agent:4|user:2,published,waga-index-v1,snap_2026-07-25T06_v1
2026-07-24,Addis Ababa,Addis Ababa,Shola Gebeya,9.0244,38.7986,cereals and tubers,Teff (mixed),KG,actual,Retail,ETB,,,1,1,agent:1,insufficient_data,waga-index-v1,snap_2026-07-25T06_v1
2026-07-24,Addis Ababa,Addis Ababa,Shola Gebeya,9.0244,38.7986,cereals and tubers,Wheat,KG,actual,Retail,ETB,72.10,0.5150,9,6,agent:7|user:2,published,waga-index-v1,snap_2026-07-25T06_v1
2026-07-24,Addis Ababa,Addis Ababa,Shola Gebeya,9.0244,38.7986,cereals and tubers,Maize,KG,actual,Retail,ETB,46.77,0.3341,7,5,agent:5|user:2,published,waga-index-v1,snap_2026-07-25T06_v1
2026-07-24,Addis Ababa,Addis Ababa,Shola Gebeya,9.0244,38.7986,vegetables and fruits,Onion,KG,actual,Retail,ETB,60.84,0.4346,4,3,agent:3|user:1,published,waga-index-v1,snap_2026-07-25T06_v1
2026-07-24,Addis Ababa,Addis Ababa,Shola Gebeya,9.0244,38.7986,oil and fats,Cooking oil,L,actual,Retail,ETB,205.78,1.4699,5,3,agent:4|user:1,published,waga-index-v1,snap_2026-07-25T06_v1
2026-07-24,Addis Ababa,Addis Ababa,Piazza,9.0356,38.7522,cereals and tubers,Teff (mixed),KG,actual,Retail,ETB,121.54,0.8681,7,5,agent:5|user:2,published,waga-index-v1,snap_2026-07-25T06_v1
2026-07-24,Addis Ababa,Addis Ababa,Piazza,9.0356,38.7522,cereals and tubers,Wheat,KG,actual,Retail,ETB,72.46,0.5176,4,3,agent:3|user:1,published,waga-index-v1,snap_2026-07-25T06_v1
2026-07-24,Addis Ababa,Addis Ababa,Piazza,9.0356,38.7522,cereals and tubers,Maize,KG,actual,Retail,ETB,48.30,0.3450,7,5,agent:5|user:2,published,waga-index-v1,snap_2026-07-25T06_v1
2026-07-24,Addis Ababa,Addis Ababa,Piazza,9.0356,38.7522,vegetables and fruits,Onion,KG,actual,Retail,ETB,59.57,0.4255,3,2,agent:2|user:1,published,waga-index-v1,snap_2026-07-25T06_v1
2026-07-24,Addis Ababa,Addis Ababa,Piazza,9.0356,38.7522,oil and fats,Cooking oil,L,actual,Retail,ETB,211.31,1.5094,9,6,agent:7|user:2,published,waga-index-v1,snap_2026-07-25T06_v1
2026-07-25,Addis Ababa,Addis Ababa,Merkato,9.0341,38.7395,cereals and tubers,Teff (mixed),KG,actual,Retail,ETB,108.36,0.7740,6,4,agent:4|user:2,published,waga-index-v1,snap_2026-07-25T06_v1
2026-07-25,Addis Ababa,Addis Ababa,Merkato,9.0341,38.7395,cereals and tubers,Wheat,KG,actual,Retail,ETB,62.42,0.4459,5,3,agent:4|user:1,published,waga-index-v1,snap_2026-07-25T06_v1
2026-07-25,Addis Ababa,Addis Ababa,Merkato,9.0341,38.7395,cereals and tubers,Maize,KG,actual,Retail,ETB,40.83,0.2916,6,4,agent:4|user:2,published,waga-index-v1,snap_2026-07-25T06_v1
2026-07-25,Addis Ababa,Addis Ababa,Merkato,9.0341,38.7395,vegetables and fruits,Onion,KG,actual,Retail,ETB,53.69,0.3835,5,3,agent:4|user:1,published,waga-index-v1,snap_2026-07-25T06_v1
2026-07-25,Addis Ababa,Addis Ababa,Merkato,9.0341,38.7395,oil and fats,Cooking oil,L,actual,Retail,ETB,,,1,1,agent:1,insufficient_data,waga-index-v1,snap_2026-07-25T06_v1
2026-07-25,Addis Ababa,Addis Ababa,Ehil Berenda,9.0333,38.7389,cereals and tubers,Teff (mixed),KG,actual,Retail,ETB,100.74,0.7196,7,5,agent:5|user:2,published,waga-index-v1,snap_2026-07-25T06_v1
2026-07-25,Addis Ababa,Addis Ababa,Ehil Berenda,9.0333,38.7389,cereals and tubers,Wheat,KG,actual,Retail,ETB,65.79,0.4699,8,5,agent:6|user:2,published,waga-index-v1,snap_2026-07-25T06_v1
2026-07-25,Addis Ababa,Addis Ababa,Ehil Berenda,9.0333,38.7389,cereals and tubers,Maize,KG,actual,Retail,ETB,42.48,0.3034,4,3,agent:3|user:1,published,waga-index-v1,snap_2026-07-25T06_v1
2026-07-25,Addis Ababa,Addis Ababa,Ehil Berenda,9.0333,38.7389,vegetables and fruits,Onion,KG,actual,Retail,ETB,53.58,0.3827,4,3,agent:3|user:1,published,waga-index-v1,snap_2026-07-25T06_v1
2026-07-25,Addis Ababa,Addis Ababa,Ehil Berenda,9.0333,38.7389,oil and fats,Cooking oil,L,actual,Retail,ETB,,,0,0,,insufficient_data,waga-index-v1,snap_2026-07-25T06_v1
2026-07-25,Addis Ababa,Addis Ababa,Atikilt Tera,9.03,38.745,cereals and tubers,Teff (mixed),KG,actual,Retail,ETB,110.20,0.7871,3,2,agent:2|user:1,published,waga-index-v1,snap_2026-07-25T06_v1
2026-07-25,Addis Ababa,Addis Ababa,Atikilt Tera,9.03,38.745,cereals and tubers,Wheat,KG,actual,Retail,ETB,67.06,0.4790,3,2,agent:2|user:1,published,waga-index-v1,snap_2026-07-25T06_v1
2026-07-25,Addis Ababa,Addis Ababa,Atikilt Tera,9.03,38.745,cereals and tubers,Maize,KG,actual,Retail,ETB,43.40,0.3100,5,3,agent:4|user:1,published,waga-index-v1,snap_2026-07-25T06_v1
2026-07-25,Addis Ababa,Addis Ababa,Atikilt Tera,9.03,38.745,vegetables and fruits,Onion,KG,actual,Retail,ETB,60.91,0.4351,6,4,agent:4|user:2,published,waga-index-v1,snap_2026-07-25T06_v1
2026-07-25,Addis Ababa,Addis Ababa,Atikilt Tera,9.03,38.745,oil and fats,Cooking oil,L,actual,Retail,ETB,184.62,1.3187,7,5,agent:5|user:2,published,waga-index-v1,snap_2026-07-25T06_v1
2026-07-25,Addis Ababa,Addis Ababa,Asko,9.0489,38.6889,cereals and tubers,Teff (mixed),KG,actual,Retail,ETB,112.43,0.8031,4,3,agent:3|user:1,published,waga-index-v1,snap_2026-07-25T06_v1
2026-07-25,Addis Ababa,Addis Ababa,Asko,9.0489,38.6889,cereals and tubers,Wheat,KG,actual,Retail,ETB,67.90,0.4850,5,3,agent:4|user:1,published,waga-index-v1,snap_2026-07-25T06_v1
2026-07-25,Addis Ababa,Addis Ababa,Asko,9.0489,38.6889,cereals and tubers,Maize,KG,actual,Retail,ETB,44.29,0.3164,6,4,agent:4|user:2,published,waga-index-v1,snap_2026-07-25T06_v1
2026-07-25,Addis Ababa,Addis Ababa,Asko,9.0489,38.6889,vegetables and fruits,Onion,KG,actual,Retail,ETB,,,2,2,agent:2,insufficient_data,waga-index-v1,snap_2026-07-25T06_v1
2026-07-25,Addis Ababa,Addis Ababa,Asko,9.0489,38.6889,oil and fats,Cooking oil,L,actual,Retail,ETB,,,2,2,agent:2,insufficient_data,waga-index-v1,snap_2026-07-25T06_v1
2026-07-25,Addis Ababa,Addis Ababa,Saris,8.9797,38.7622,cereals and tubers,Teff (mixed),KG,actual,Retail,ETB,114.83,0.8202,9,6,agent:7|user:2,published,waga-index-v1,snap_2026-07-25T06_v1
2026-07-25,Addis Ababa,Addis Ababa,Saris,8.9797,38.7622,cereals and tubers,Wheat,KG,actual,Retail,ETB,69.21,0.4944,3,2,agent:2|user:1,published,waga-index-v1,snap_2026-07-25T06_v1
2026-07-25,Addis Ababa,Addis Ababa,Saris,8.9797,38.7622,cereals and tubers,Maize,KG,actual,Retail,ETB,43.66,0.3119,8,5,agent:6|user:2,published,waga-index-v1,snap_2026-07-25T06_v1
2026-07-25,Addis Ababa,Addis Ababa,Saris,8.9797,38.7622,vegetables and fruits,Onion,KG,actual,Retail,ETB,55.95,0.3996,5,3,agent:4|user:1,published,waga-index-v1,snap_2026-07-25T06_v1
2026-07-25,Addis Ababa,Addis Ababa,Saris,8.9797,38.7622,oil and fats,Cooking oil,L,actual,Retail,ETB,,,0,0,,insufficient_data,waga-index-v1,snap_2026-07-25T06_v1
2026-07-25,Addis Ababa,Addis Ababa,Akaki,8.8939,38.8069,cereals and tubers,Teff (mixed),KG,actual,Retail,ETB,,,1,1,agent:1,insufficient_data,waga-index-v1,snap_2026-07-25T06_v1
2026-07-25,Addis Ababa,Addis Ababa,Akaki,8.8939,38.8069,cereals and tubers,Wheat,KG,actual,Retail,ETB,69.38,0.4956,9,6,agent:7|user:2,published,waga-index-v1,snap_2026-07-25T06_v1
2026-07-25,Addis Ababa,Addis Ababa,Akaki,8.8939,38.8069,cereals and tubers,Maize,KG,actual,Retail,ETB,44.47,0.3176,8,5,agent:6|user:2,published,waga-index-v1,snap_2026-07-25T06_v1
2026-07-25,Addis Ababa,Addis Ababa,Akaki,8.8939,38.8069,vegetables and fruits,Onion,KG,actual,Retail,ETB,55.42,0.3959,5,3,agent:4|user:1,published,waga-index-v1,snap_2026-07-25T06_v1
2026-07-25,Addis Ababa,Addis Ababa,Akaki,8.8939,38.8069,oil and fats,Cooking oil,L,actual,Retail,ETB,204.01,1.4572,9,6,agent:7|user:2,published,waga-index-v1,snap_2026-07-25T06_v1
2026-07-25,Addis Ababa,Addis Ababa,Kera,8.9994,38.7481,cereals and tubers,Teff (mixed),KG,actual,Retail,ETB,115.70,0.8264,7,5,agent:5|user:2,published,waga-index-v1,snap_2026-07-25T06_v1
2026-07-25,Addis Ababa,Addis Ababa,Kera,8.9994,38.7481,cereals and tubers,Wheat,KG,actual,Retail,ETB,69.73,0.4981,7,5,agent:5|user:2,published,waga-index-v1,snap_2026-07-25T06_v1
2026-07-25,Addis Ababa,Addis Ababa,Kera,8.9994,38.7481,cereals and tubers,Maize,KG,actual,Retail,ETB,51.43,0.3674,4,3,agent:3|user:1,published,waga-index-v1,snap_2026-07-25T06_v1
2026-07-25,Addis Ababa,Addis Ababa,Kera,8.9994,38.7481,vegetables and fruits,Onion,KG,actual,Retail,ETB,57.07,0.4076,3,2,agent:2|user:1,published,waga-index-v1,snap_2026-07-25T06_v1
2026-07-25,Addis Ababa,Addis Ababa,Kera,8.9994,38.7481,oil and fats,Cooking oil,L,actual,Retail,ETB,,,0,0,,insufficient_data,waga-index-v1,snap_2026-07-25T06_v1
2026-07-25,Addis Ababa,Addis Ababa,Shola Gebeya,9.0244,38.7986,cereals and tubers,Teff (mixed),KG,actual,Retail,ETB,122.04,0.8717,8,5,agent:6|user:2,published,waga-index-v1,snap_2026-07-25T06_v1
2026-07-25,Addis Ababa,Addis Ababa,Shola Gebeya,9.0244,38.7986,cereals and tubers,Wheat,KG,actual,Retail,ETB,72.25,0.5161,3,2,agent:2|user:1,published,waga-index-v1,snap_2026-07-25T06_v1
2026-07-25,Addis Ababa,Addis Ababa,Shola Gebeya,9.0244,38.7986,cereals and tubers,Maize,KG,actual,Retail,ETB,46.05,0.3289,8,5,agent:6|user:2,published,waga-index-v1,snap_2026-07-25T06_v1
2026-07-25,Addis Ababa,Addis Ababa,Shola Gebeya,9.0244,38.7986,vegetables and fruits,Onion,KG,actual,Retail,ETB,61.00,0.4357,4,3,agent:3|user:1,published,waga-index-v1,snap_2026-07-25T06_v1
2026-07-25,Addis Ababa,Addis Ababa,Shola Gebeya,9.0244,38.7986,oil and fats,Cooking oil,L,actual,Retail,ETB,,,1,1,agent:1,insufficient_data,waga-index-v1,snap_2026-07-25T06_v1
2026-07-25,Addis Ababa,Addis Ababa,Piazza,9.0356,38.7522,cereals and tubers,Teff (mixed),KG,actual,Retail,ETB,121.77,0.8698,6,4,agent:4|user:2,published,waga-index-v1,snap_2026-07-25T06_v1
2026-07-25,Addis Ababa,Addis Ababa,Piazza,9.0356,38.7522,cereals and tubers,Wheat,KG,actual,Retail,ETB,73.58,0.5256,8,5,agent:6|user:2,published,waga-index-v1,snap_2026-07-25T06_v1
2026-07-25,Addis Ababa,Addis Ababa,Piazza,9.0356,38.7522,cereals and tubers,Maize,KG,actual,Retail,ETB,,,2,2,agent:2,insufficient_data,waga-index-v1,snap_2026-07-25T06_v1
2026-07-25,Addis Ababa,Addis Ababa,Piazza,9.0356,38.7522,vegetables and fruits,Onion,KG,actual,Retail,ETB,59.98,0.4284,5,3,agent:4|user:1,published,waga-index-v1,snap_2026-07-25T06_v1
2026-07-25,Addis Ababa,Addis Ababa,Piazza,9.0356,38.7522,oil and fats,Cooking oil,L,actual,Retail,ETB,214.43,1.5316,5,3,agent:4|user:1,published,waga-index-v1,snap_2026-07-25T06_v1
